Claim,Truth_Source_URL,Who_Pushed_It,Approximate_Duration,Deception_Form,Category_Tag,Item_ID,Notes,Evidence_Level,Primary_Source_URL,Proof_Basis,Correction_Visibility,Candidate_Status
"On-screen caption ""FIERY BUT MOSTLY PEACEFUL PROTESTS AFTER POLICE SHOOTING"" shown over burning vehicles and buildings in Kenosha, WI.
Began: Aug 25, 2020 (CNN Early Start, ~5:05 AM ET / 3:05 AM MDT) | Ended: single broadcast segment",https://transcripts.cnn.com/show/es/date/2020-08-25/segment/01,CNN (Early Start with Christine Romans and Laura Jarrett),one broadcast segment (widely recirculated afterward),omitted context,misleading,R2020-01,"The caption ran over live footage of structures on fire. In the same segment, correspondent Omar Jimenez said 'what you're seeing is one of multiple locations that have been burning in Kenosha' and contrasted the night with daytime demonstrations he called 'largely peaceful.' Anchor Christine Romans said 'At least three buildings were on fire in Kenosha overnight.' The caption described the scene on screen as mostly peaceful while it showed arson. The reporter's spoken words did separate day from night. It aired Aug 25, not Aug 24. ACLED's nationwide 'mostly peaceful' aggregate ends Aug 22 and does not cover Kenosha.",Rated misleading,https://archive.org/details/CNNW_20200825_090000_Early_Start_With_Christine_Romans_and_Laura_Jarrett/start/358/end/418,Original transcript/video,Unknown,ready for review
"Seattle's Capitol Hill protest zone was ""more like a block party atmosphere. It's not an armed takeover""; ""there is no threat right now to the public""; ""We could have the Summer of Love.""
Began: Jun 11, 2020 (CNN Cuomo Prime Time) | Ended: Jul 1, 2020 (zone cleared under Mayor's emergency order)",https://spdblotter.seattle.gov/wp-content/uploads/sites/11/2020/07/Executive-Order-2020-08_Directive-City-Depts_Cal-Anderson-Park-Area.pdf,Seattle Mayor Jenny Durkan,~3 weeks,omitted context,misleading,R2020-02,"The quotes are exact from CNN's transcript. Durkan's own Executive Order 2020-08 (June 30) later recorded several things: 'A pervasive presence of firearms and other weapons has been well-documented'; a 525% increase in person-related crime in the area June 2-30 vs. 2019; homicides on June 20 and June 29; and first responders 'denied safe access ... by hostile crowds, including armed individuals.' CAVEAT: the remarks were made June 11, before both homicides. 'Summer of Love' answered a question about how long the zone would last and was partly speculative. The EO's crime window (June 2-30) overlaps the interview date. The EO itself also says 'much of the expression has been peaceful.' Rate as misleading only on the 'no threat ... to the public' / 'not an armed takeover' portion. Do not rate the 'Summer of Love' phrase alone.",Rated misleading,https://transcripts.cnn.com/show/CPT/date/2020-06-11/segment/01,Official record,Never corrected,ready for review (see caveat)
"SPD radio traffic reported that a group of Proud Boys was marching downtown and moving toward the CHOP.
Began: Jun 8, 2020 (~9:24 PM PT) | Ended: disclosed by OPA investigation (2020OPA-0479), published in Seattle OIG Sentinel Event Review Oct 2022",https://seattle.gov/documents/departments/oig/sentinel%20event%20review/wave3reportfinal.pdf,"Seattle Police Department (an SPD Captain, per OPA)",~2 years until the public review (OPA finding earlier),retracted invention,false,R2020-03,The Seattle OIG Sentinel Event Review Wave 3 reports that 'an SPD Captain appointed an officer to make false radio broadcasts to draw protestors away from the CHOP.' OPA found that the broadcasts violated SPD policy. The review says some protesters armed themselves in response.,Proven false,https://seattle.gov/documents/departments/oig/sentinel%20event%20review/wave3reportfinal.pdf,Official record,Unknown,ready for review
"SPD said at a June 10, 2020 press conference that it had 'heard anecdotally reports' of businesses in the CHOP being extorted.
Began: Jun 10, 2020 | Ended: No ending date",https://seattle.gov/documents/departments/oig/sentinel%20event%20review/wave3reportfinal.pdf,"Seattle Police Department (June 10, 2020 press conference)",widely repeated in June 2020,"premature ""proven"" framing",misleading,R2020-04,The Sentinel Event Review found: 'No police reports were filed related to extortion of businesses within or around the CHOP.' This shows the claim was never substantiated by reports. It does not prove that no extortion occurred.,Unsupported,https://seattle.gov/documents/departments/oig/sentinel%20event%20review/wave3reportfinal.pdf,Official record,Unknown,ready for review
"Those arrested in the Minneapolis-St. Paul rioting were from out of state. St. Paul Mayor Carter said essentially everyone arrested the prior night was from out of state; Gov. Walz estimated about 80% of those causing damage were from outside Minnesota.
Began: May 30, 2020 (state press conference) | Ended: May 30-31, 2020 (Carter walked it back)",https://assets.senate.mn/committees/2019-2020/3102_Committee_on_Transportation_Finance_and_Policy/Review%20of%20Lawlessness%20and%20Government%20Responses%20to%20Minnesota%27s%202020%20Riots.pdf,"St. Paul Mayor Melvin Carter; Gov. Tim Walz (May 30, 2020 news conference)",~1 day (Carter); Walz figure not repeated,"premature ""proven"" framing",false / misleading,R2020-05,"HOLD. The Minnesota Senate report states 'It was primarily Minnesotans from the metropolitan area who were arrested for inciting the violence.' The officials' exact words have NOT yet been verified from the original video: C-SPAN program 547309 returned 403 to automated fetch, and the quotes come from Poynter/CBS/KARE leads. Confirm the exact wording from the C-SPAN or KARE 11 video before publishing. If confirmed, Carter's statement is 'Proven false' (he retracted it). Walz's '80%' is an estimate that jail records did not support.",Proven false,https://www.c-span.org/program/news-conference/minnesota-governor-news-conference-on-protests-and-death-of-george-floyd/547309,Official record,Retracted by speaker (Carter) - verify,HOLD - wording unverified
"George Floyd died of a drug (fentanyl) overdose, not from police restraint.
Began: 2020 | Ended: No ending date (still repeated)",https://mncourts.gov/_media/migration/high-profile-cases/27-cr-20-12949-tt/exhibit508252020.pdf,"ATTRIBUTION NEEDED - no primary-source instance by a named official or outlet was collected. (Chauvin's appellate brief argued the fentanyl level was 'three times the amount considered fatal', but that is litigation advocacy, not a public claim.)",years,omitted context,false,R2020-06,"HOLD. The record contradicts the claim as stated. The HCME certified homicide, with fentanyl as an 'other significant condition.' The AFME concurred. The jury, the MN Court of Appeals, and Judge Cahill (who found Dr. Fowler's conclusions 'unpersuasive') all ruled against it, and Chauvin admitted in his federal plea that his force 'impaired Mr. Floyd's ability to obtain and maintain sufficient oxygen.' The record ALSO contains true facts that must be shown: Baker called fentanyl 11 'pretty high'; a prosecutor memo summarized it as 'a fatal level of fentanyl under normal circumstances'; and Baker testified he would certify fentanyl toxicity if Floyd had been found home alone with no other findings. Do not publish without a named, primary-sourced pusher.",Proven false,"https://content.govdelivery.com/attachments/MNHENNE/2020/06/01/file_attachments/1464238/2020-3700%20Floyd,%20George%20Perry%20Update%206.1.2020.pdf",Official record,Unknown,HOLD - attribution needed
