claim,source_url,source_type,verified,note
"HCME cause of death, manner Homicide, other significant conditions, comment on manner","https://content.govdelivery.com/attachments/MNHENNE/2020/06/01/file_attachments/1464238/2020-3700%20Floyd,%20George%20Perry%20Update%206.1.2020.pdf",Official medical examiner record (county press release report),yes,Hennepin County's official GovDelivery attachment; the text was extracted and quoted verbatim.
"Full autopsy: pathologist, time of death, heart disease, no life-threatening injuries, sickle trait, COVID, toxicology values, NMS reference notes",http://web.archive.org/web/20200722232711/https://www.hennepin.us/-/media/hennepinus/residents/public-safety/documents/Autopsy_2020-3700_Floyd.pdf,Official autopsy report (Wayback copy of hennepin.us),yes,"The original hennepin.us URL now returns 404, so the Wayback copy is cited. Alternate copy: http://web.archive.org/web/20210426050904/https://www.hennepin.us/-/media/hennepinus/residents/public-safety/documents/floyd-autopsy-6-3-20.pdf"
"May 26, 2020 HCAO memo: 'The autopsy revealed no physical evidence suggesting that Mr. Floyd died of asphyxiation'",https://mncourts.gov/_media/additionalassets/getattachment/media/stateofminnesotavtouthao/container-documents/content-documents/exhibit-3.pdf?lang=en-US,"Court filing (exhibit), State v. Thao 27-CR-20-12949",yes,"Prosecutor's memo of a preliminary conversation, written before toxicology and the final report were complete."
"June 1, 2020 HCAO memo: fentanyl 'pretty high'; 'fatal level ... under normal circumstances' (memo author's summary); overdose if found at home (paraphrase)",https://mncourts.gov/_media/additionalassets/getattachment/media/stateofminnesotavtouthao/container-documents/content-documents/exhibit-4.pdf?lang=en-US,Court filing (exhibit),yes,Only 'that's pretty high' appears as a direct Baker quote. The other statements are the memo writer's summary.
AFME concurrence with cause and manner (homicide); 'elements of positional and mechanical asphyxiation',https://mncourts.gov/_media/migration/high-profile-cases/27-cr-20-12949-tt/exhibit508252020.pdf,Federal medical examiner report filed as a court exhibit,yes,"DoD Case Consult C0022-20, dated June 10, 2020, requested by US DOJ."
"Trial expert testimony (Baker, Fowler, Thomas, Isenschmid, Bebarta, Tobin) and credibility findings; procedural history; May 6, 2019 incident footnote; Thao guilty",https://mncourts.gov/_media/migration/high-profile-cases/27-cr-20-12949-tt/tt-verdict.pdf,"Court findings of fact (Judge Cahill, filed May 1, 2023)",yes,Cites Chauvin trial transcript pages. The transcript itself was not retrieved.
Appellant characterization: fentanyl 'three times the amount considered fatal'; no physical evidence of asphyxia; 2019 evidence limited,https://mncourts.gov/_media/migration/high-profile-cases/27-cr-20-12646/brief-appellant.pdf,"Party brief (argument, not finding)",yes,Labeled as a party's characterization in the draft.
State characterization of Fowler opinion (T. 5475),https://mncourts.gov/_media/migration/high-profile-cases/27-cr-20-12646/brief-respondent.pdf,"Party brief (argument, not finding)",yes,
"Chauvin charges; Court of Appeals affirmed April 17, 2023",https://mncourts.gov/_media/migration/high-profile-cases/27-cr-20-12646/opinion-published.pdf,Appellate opinion (A21-1228),yes,
"MN Supreme Court denied review July 18, 2023",http://www.supremecourt.gov/DocketPDF/23/23-416/285187/20231016171544823_Appendix.pdf,Court order reproduced in cert petition appendix (App. 64),yes,
"US Supreme Court denied cert Nov 20, 2023 (No. 23-416)",https://www.supremecourt.gov/search.aspx?filename=/docket/docketfiles/html/public/23-416.html,Court docket,yes,
Chauvin federal plea admissions (willful deprivation; resulted in death; impaired ability to obtain oxygen),https://storage.courtlistener.com/recap/gov.uscourts.mnd.194493/gov.uscourts.mnd.194493.142.0_59.pdf,"Court filing (plea agreement), D. Minn. 0:21-cr-00108 Doc. 142",yes,RECAP mirror of PACER document.
"Chauvin federal judgment: 18 USC 242 counts (May 25, 2020; Sept 4, 2017); 252 adjusted to 245 months, concurrent",https://storage.courtlistener.com/recap/gov.uscourts.mnd.194493/gov.uscourts.mnd.194493.529.0.pdf,"Court judgment (amended, Doc. 529)",yes,"Imposed July 7, 2022; amended judgment dated May 9, 2023."
Thao federal sentence 42 months,https://storage.courtlistener.com/recap/gov.uscourts.mnd.194494/gov.uscourts.mnd.194494.465.0_1.pdf,Court judgment,yes,
Kueng federal sentence 36 months,https://storage.courtlistener.com/recap/gov.uscourts.mnd.194495/gov.uscourts.mnd.194495.467.0.pdf,Court judgment,yes,
Lane federal sentence 30 months,https://storage.courtlistener.com/recap/gov.uscourts.mnd.194496/gov.uscourts.mnd.194496.402.0_13.pdf,Court judgment,yes,
"Lane state guilty plea, aiding manslaughter 2nd degree, recommended 36 months",https://mncourts.gov/_media/migration/high-profile-cases/27-cr-20-12951-tkl/tl-guiltyplea.pdf,Court filing,yes,The imposed state sentence is not confirmed from a primary source (see open-questions).
Lane plea (AG release),https://www.ag.state.mn.us/Office/Communications/2022/05/18_ThomasLane.asp,Prosecuting agency release,yes,
"Kueng state plea petition, Count 2 second-degree manslaughter, 42 months",https://mncourts.gov/_media/migration/high-profile-cases/27-cr-20-12953-jak/jk-pleapetition.pdf,Court filing,yes,
Kueng plea (AG release),https://www.ag.state.mn.us/Office/Communications/2022/10/24_Floyd.asp,Prosecuting agency release,yes,
Thao state conviction (AG release),https://www.ag.state.mn.us/Office/Communications/2023/05/02_Thao.asp,Prosecuting agency release,yes,
"ACLED: >93% of BLM-linked demonstrations had no demonstrator violence; 7,750+ events; 2,440+ locations; violent events in <220 locations; caveats",https://acleddata.com/report/demonstrations-and-political-violence-america-new-data-summer-2020,Research data (labeled),yes,"Counts events, not scale. Violent category includes violence possibly instigated by police/others. Ends Aug 22, 2020."
"PCS: May 26-June 8, 2020 costliest civil unrest in US history, insured losses >$2 billion; 1992 LA $775M",https://www.iii.org/fact-statistic/facts-statistics-civil-disorders,Insurance industry data (labeled),yes,Triple-I citing PCS/Verisk; 'subject to further evaluation'.
"MN Senate report: >1,500 properties, >$500M damage; deaths list; Guard 18 hours; MPD timeline 2155 evacuate / 2215 compromised",https://assets.senate.mn/committees/2019-2020/3102_Committee_on_Transportation_Finance_and_Policy/Review%20of%20Lawlessness%20and%20Government%20Responses%20to%20Minnesota%27s%202020%20Riots.pdf,Legislative record (majority committee report; partisan),yes,The damage figure is sourced to a newspaper inside the report. The report's conclusions are the majority's opinions.
"Max It Pawn arson by Montez Lee; Oscar Lee Stewart found July 20, 2020; ME cause; 'mostly peaceful protests' then 'three nights of violence'",https://storage.courtlistener.com/recap/gov.uscourts.mnd.189358/gov.uscourts.mnd.189358.67.0_2.pdf,"Court filing (US sentencing memorandum), D. Minn. 0:20-cr-00168 Doc. 67",yes,Lee's imposed sentence (reported as 120 months) is not confirmed from a judgment document.
"PSO Pat Underwood killed May 29, 2020 by Boogaloo adherents who struck near a Floyd protest",https://storage.courtlistener.com/recap/gov.uscourts.cand.361523/gov.uscourts.cand.361523.358.0.pdf,"Court filing (US sentencing memorandum), N.D. Cal. 4:20-cr-00265 Doc. 358",yes,The attackers were not protesters per the government's filing.
DOJ: >300 charged in 29 states + DC; ~80 arson/explosives; ~35 assault (all but one in Oregon); damaged buildings list,https://web.archive.org/web/20220118032009/https://www.justice.gov/opa/pr/over-300-people-facing-federal-charges-crimes-committed-during-nationwide-demonstrations,DOJ press release (Wayback copy),yes,"justice.gov blocks automated access (401). The Wayback copy loaded and was read, though slowly (it timed out once at 60s). Original: https://www.justice.gov/archives/opa/pr/over-300-people-facing-federal-charges-crimes-committed-during-nationwide-demonstrations"
"USAO Oregon: 74 people facing federal charges (Aug 28, 2020)",https://www.justice.gov/usao-or/pr/74-people-facing-federal-charges-crimes-committed-during-portland-demonstrations,DOJ press release,no,Blocked (401) and Wayback timed out. Not used in draft.
"DOJ designation of NYC, Portland, Seattle as 'anarchist jurisdictions' (Sept 21, 2020)",https://www.justice.gov/opa/pr/department-justice-identifies-new-york-city-portland-and-seattle-jurisdictions-permitting,DOJ press release,no,Blocked; Wayback timed out. Not used in draft.
"AG withdrawal of anarchist-jurisdiction designation (Feb 25, 2021)",https://www.justice.gov/d9/2022-12/2021-02-25_ag_anarchy_withdrawal_memo.pdf,DOJ memo,no,401 to automated fetch. Not used in draft.
Chauvin federal guilty plea DOJ release (archived),https://web.archive.org/web/20250201150944/https://www.justice.gov/opa/pr/former-minneapolis-police-officer-derek-chauvin-pleads-guilty-federal-court-depriving-george,DOJ press release (Wayback),no,Snapshot located but content not read. The court plea agreement is cited instead.
"MFF 2020 Form 990: contributions $41,655,560; revenue $41,667,782; expenses $7,336,398; ~$10M criminal bail for ~610; $4.5M to National Bail Fund Network; ~$2.07M immigration bonds",https://mnfreedomfund.org/wp-content/uploads/2024/07/2020-Form-990-Public-3.pdf,Organization's own IRS filing,yes,No breakdown of protest-related bail.
"Kamala Harris June 1, 2020 post urging donations to MNFreedomFund",https://twitter.com/KamalaHarris/status/1267555018128965643,Person's own official social post,yes,"Posted 20:34 UTC June 1, 2020 (2:34 PM MDT). Text confirmed via the fxtwitter API and a Wayback snapshot."
Harris post archive,http://web.archive.org/web/20260706193032/https://twitter.com/KamalaHarris/status/1267555018128965643,Archive of person's own post,yes,
"Durkan CNN June 11, 2020: 'block party atmosphere'; 'no threat right now to the public'; 'We could have the Summer of Love'",https://transcripts.cnn.com/show/CPT/date/2020-06-11/segment/01,Official broadcast transcript (person's own words),yes,Said before the June 20 and June 29 shootings.
"CNN chyron 'FIERY BUT MOSTLY PEACEFUL PROTESTS AFTER POLICE SHOOTING' over burning Kenosha scene, Aug 25, 2020",https://archive.org/details/CNNW_20200825_090000_Early_Start_With_Christine_Romans_and_Laura_Jarrett/start/358/end/418,Video capture (Internet Archive TV News),yes,"Aired Aug 25, 2020, about 5:05 AM ET (3:05 AM MDT), not Aug 24. Thumbnail: .../CNNW_20200825_090000_Early_Start_With_Christine_Romans_and_Laura_Jarrett.thumbs/..._000358.jpg (saved at src/tv/)."
"CNN Early Start transcript Aug 25, 2020: Jimenez 'one of multiple locations that have been burning'; 'largely peaceful' daytime; Romans 'At least three buildings were on fire'",https://transcripts.cnn.com/show/es/date/2020-08-25/segment/01,Official broadcast transcript,yes,
"Minneapolis After-Action Review (Hillard Heintze, March 7, 2022): EOP not used effectively; 3rd Precinct abandoned, 10:15 p.m. evacuation; Guard request lacked required details",https://kstp.com/wp-content/uploads/2022/03/2020-Civil-Unrest-After-Action-Review-Report.pdf,City-commissioned after-action review,yes,"The document is the city's report, but this copy is hosted by a TV station. An official minneapolismn.gov URL was not located."
"EO 20-64 (May 28, 2020): peacetime emergency, Guard to state active duty; 'unlawful and dangerous activity, including arson, rioting, looting'; mayors requested Guard",https://mn.gov/governor/assets/EO%2020-64%20Final_tcm1055-433855.pdf,Executive order,yes,
EO 20-65: curfew Minneapolis/Saint Paul 8 pm-6 am May 29-30 and May 30-31,https://mn.gov/governor/assets/EO%2020-65%20Final_tcm1055-434635.pdf,Executive order,yes,
"Oregon HB 4208: tear gas only in a riot, with announcements",https://olis.oregonlegislature.gov/liz/2020S1/Downloads/MeasureDocument/HB4208/Enrolled,Legislative record (enrolled bill),yes,"Passed House and Senate June 26, 2020."
"Wheeler CS gas directive Sept 10, 2020",https://www.portland.gov/wheeler/news/2020/9/10/mayor-wheeler-directive-use-cs-gas,Official city statement,yes,
"DHS Aug 5, 2020 readout: PPA building breached and set on fire; PPB declared riot",https://www.dhs.gov/archive/news/2020/08/05/portland-riots-read-out-august-5,Federal agency statement,yes,"DHS's own characterization, citing PPB reports."
"Rosenblum v. John Does: TRO denied July 24, 2020 for lack of standing, merits not reached",https://storage.courtlistener.com/recap/gov.uscourts.ord.153632/gov.uscourts.ord.153632.23.0_4.pdf,Court opinion (D. Or. 3:20-cv-01161 Doc. 23),yes,
Oregon voluntary dismissal: agencies 'evidently ceased the conduct',https://storage.courtlistener.com/recap/gov.uscourts.ord.153632/gov.uscourts.ord.153632.28.0_1.pdf,Court filing (Doc. 28),yes,
Seattle OIG SER Wave 3: East Precinct evacuated June 8; unclear authorization; CHOP until July 1; Proud Boys ruse; no extortion reports,https://seattle.gov/documents/departments/oig/sentinel%20event%20review/wave3reportfinal.pdf,City-commissioned review (Seattle OIG),yes,
"SPD June 20, 2020 homicide in protest area; violent crowd prevented access",https://spdblotter.seattle.gov/2020/06/20/homicide-investigation-inside-protest-area/,Police department official release,yes,Victim name not in the release.
"SPD June 29, 2020: 16-year-old killed, 14-year-old injured; crime scene disturbed",https://spdblotter.seattle.gov/2020/06/29/one-dead-one-injured-in-early-morning-shooting-on-12th-avenue/,Police department official release,yes,
"SPD July 1, 2020: Mayor emergency order on protest zone",https://spdblotter.seattle.gov/2020/07/01/mayor-durkan-issues-emergency-order-regarding-capitol-hill-protest-zone/,Police department official release,yes,
Seattle EO 2020-08: shootings June 20/22/29; 525% person-crime increase; firearms pervasive; 'much of the expression has been peaceful',https://spdblotter.seattle.gov/wp-content/uploads/sites/11/2020/07/Executive-Order-2020-08_Directive-City-Depts_Cal-Anderson-Park-Area.pdf,Executive order,yes,
"Robart TRO July 24, 2020 enjoining implementation date of Seattle crowd-control-weapons ordinance",https://www.wawd.uscourts.gov/sites/wawd/files/TRO%20Order%2012-1282.pdf,Court order (W.D. Wash. 2:12-cv-01282),yes,The TRO refers to 'Ordinance No. 119805' (the council bill number).
"Presidential memorandum Sept 2, 2020 on 'anarchist jurisdictions'",https://trumpwhitehouse.archives.gov/presidential-actions/memorandum-reviewing-funding-state-local-government-recipients-permitting-anarchy-violence-destruction-american-cities/,Presidential document,yes,"Administration's characterizations, quoted as such."
Minnesota disaster declaration request / FEMA denial (July-Aug 2020),https://mn.gov/governor/news/?id=1055-439102,State press release,no,Radware bot block; Wayback timed out. Not used in draft.
