name,role,action_per_record,source_url,source_type,finding_status
Rob Flaherty,White House Director of Digital Strategy (2021-22),"Pressed platforms on specific content and policies. Feb 6, 2021 email re granddaughter parody account (""Cannot stress the degree...""); Jul 15, 2021 email to Facebook (""Are you guys fucking serious? I want an answer on what happened here and I want it today"").",https://storage.courtlistener.com/recap/gov.uscourts.lawd.189520/gov.uscourts.lawd.189520.293.0.pdf,"Court record (district findings pp.9, 23)","Preliminary findings; 5th Cir. found White House likely coerced/significantly encouraged; vacated on standing; SCOTUS fn.4 called many district findings ""clearly erroneous."" Not a final merits finding."
Andy Slavitt,"White House Senior Advisor, COVID response (2021)","Copied on Meta emails May-July 2021 about ""expanded penalties"" for COVID content; party to White House pressure described in the record.",https://storage.courtlistener.com/recap/gov.uscourts.lawd.189520/gov.uscourts.lawd.189520.293.0.pdf,Court record (p.12),Same status as above.
Jen Psaki,White House Press Secretary,"Jul 15, 2021: ""We're flagging problematic posts for Facebook that spread disinformation."" Jul 16: ""we're in regular touch with social media platforms ... You all make decisions, just like the social media platforms make decisions.""",https://bidenwhitehouse.archives.gov/briefing-room/press-briefings/2021/07/15/press-briefing-by-press-secretary-jen-psaki-and-surgeon-general-dr-vivek-h-murthy-july-15-2021/,Official transcripts,Documented (own words).
Vivek Murthy,U.S. Surgeon General,"Jul 15, 2021 advisory urging platforms to ""Prioritize early detection of misinformation 'super-spreaders' and repeat offenders. Impose clear consequences for accounts that repeatedly violate platform policies."" Surgeon General's office likely coerced/significantly encouraged per 5th Cir. (vacated). Bound by 2026 consent decree.",https://www.hhs.gov/sites/default/files/surgeon-general-misinformation-advisory.pdf,Government record; court record,Advisory documented; coercion finding preliminary and vacated.
Joe Biden,President (2021-25); candidate in 2020,"Jul 16, 2021: ""They're killing people."" Jul 19: ""Facebook isn't killing people; these 12 people ... It's killing people."" Oct 22, 2020 debate cited 51-official letter.",https://www.presidency.ucsb.edu/documents/remarks-the-national-economy-and-exchange-with-reporters-10,Official transcript; video,Documented (own words).
Kate Bedingfield,White House Communications Director,"Jul 20, 2021 raised platforms' Section 230 liability.",https://storage.courtlistener.com/recap/gov.uscourts.lawd.189520/gov.uscourts.lawd.189520.293.0.pdf,Court record (p.24),Documented in court record.
Carol Crawford,"CDC, Division of Digital Media","Set up ""COVID BOLO"" meetings with platforms starting May 2021; enjoined by name in July 2023 injunction (vacated).",https://storage.courtlistener.com/recap/gov.uscourts.lawd.189520/gov.uscourts.lawd.189520.293.0.pdf,Court record (p.47),"CDC found likely to have ""significantly encouraged"" (5th Cir.); vacated."
Elvis Chan,"FBI San Francisco, Assistant Special Agent in Charge",Hosted FBI-platform meetings; raised hack-and-leak concerns; denies urging policy changes but admits asking whether platforms changed hacked-materials policies.,https://storage.courtlistener.com/recap/gov.uscourts.lawd.189520/gov.uscourts.lawd.189520.293.0.pdf,Court record (pp.62-63),"District court found FBI ""significant encouragement"" (p.107); FBI denies mentioning Hunter Biden. Roth testified government did not raise Hunter Biden."
Laura Dehmlow,FBI Foreign Influence Task Force section chief,"Declined to comment when Facebook asked about the laptop after Oct 14, 2020.",https://storage.courtlistener.com/recap/gov.uscourts.lawd.189520/gov.uscourts.lawd.189520.293.0.pdf,Court record (pp.62-63),Documented in court record.
Brian Scully,"CISA, Mis/Dis/Malinformation team lead","Described ""switchboarding"" — forwarding election officials' flags to platforms, which decided under their own policies; stopped in 2022.",https://storage.courtlistener.com/recap/gov.uscourts.lawd.189520/gov.uscourts.lawd.189520.293.0.pdf,Court record (p.68),5th Cir. (Oct 3) found CISA likely significantly encouraged; vacated.
Jen Easterly,CISA Director,"Enjoined by name (2023, vacated). Quoted by House majority report on ""cognitive infrastructure.""",https://judiciary.house.gov/sites/evo-subsites/republicans-judiciary.house.gov/files/evo-media-document/cisa-staff-report6-26-23.pdf,Congressional majority-staff report; court record,Report characterizations are the committee majority's.
Francis Collins,NIH Director,"Oct 8, 2020 email calling for ""a quick and devastating published take down"" of GBD premises.",https://aier.org/wp-content/uploads/2021/12/FirstCollinsEmail.pdf,FOIA release,"Documented. Email seeks a published rebuttal, not platform removal."
Anthony Fauci,NIAID Director,"Recipient of Collins email; per district record ""does not specifically recall"" communicating with platforms. 5th Cir. found NIAID not liable.",https://storage.courtlistener.com/recap/gov.uscourts.lawd.189520/gov.uscourts.lawd.189520.293.0.pdf,Court record (p.53); ca5_sep pp.59-60,No adverse appellate finding.
Mark Zuckerberg,Meta CEO,"Aug 26, 2024 letter: officials ""repeatedly pressured our teams for months to censor certain COVID-19 content, including humor and satire""; ""it was our decision""; regrets demoting NY Post story after general FBI warning. Jan 2025 Rogan: officials would ""scream at them and curse.""",https://static.poder360.com.br/2024/08/carta-Meta-26ago2024.pdf,Company record; primary video,"Own statements. Rogan claims of ""threatening repercussions"" not tied to a specific document."
Nick Clegg,Meta President of Global Affairs,"Asked staff (Jul 14, 2021) why man-made claims were removed; staff replied ""under pressure from the administration and others.""",https://judiciary.house.gov/sites/evo-subsites/republicans-judiciary.house.gov/files/evo-media-document/Biden-WH-Censorship-Report-final.pdf,Company email in congressional report (Ex. 52),Documented company email.
Joel Kaplan,Meta Chief Global Affairs Officer,"Jan 7, 2025 announcement ending third-party fact-checking.",https://about.fb.com/news/2025/01/meta-more-speech-fewer-mistakes/,Company record,Documented.
Yoel Roth,Twitter Head of Trust & Safety,"Testified Twitter ""made a mistake"" on NY Post; government did not raise Hunter Biden in meetings ""to the best of my recollection""; asked to add ""stopthesteal""/""kraken"" to deamplification lists (TF#4).",https://www.govinfo.gov/content/pkg/CHRG-118hhrg50898/html/CHRG-118hhrg50898.htm,Congressional record; Twitter Files,Sworn testimony.
Vijaya Gadde,Twitter Chief Legal Officer,"Testified ""Twitter made a mistake"" on NY Post and reversed within 24 hours.",https://www.govinfo.gov/content/pkg/CHRG-118hhrg50898/html/CHRG-118hhrg50898.htm,Congressional record,Sworn testimony.
Jim Baker,Twitter Deputy General Counsel (former FBI GC),"Witness at Feb 8, 2023 hearing.",https://www.govinfo.gov/content/pkg/CHRG-118hhrg50898/html/CHRG-118hhrg50898.htm,Congressional record,Testimony.
Anika Collier Navaroli,Former Twitter policy official (minority witness),Testified the Trump White House asked Twitter to remove a Chrissy Teigen tweet.,https://www.govinfo.gov/content/pkg/CHRG-118hhrg50898/html/CHRG-118hhrg50898.htm,Congressional record,Testimony.
Matt Taibbi,"Journalist, Twitter Files","Published TF #1, 3, 6, 9, 11, 14-17, 19; testified Mar 9, 2023; wrote ""there's no evidence - that I've seen - of any government involvement in the laptop story.""",https://twitter.com/mtaibbi/status/1598833927405215744,Twitter Files; congressional record,Journalist; internal screenshots are the primary material.
Michael Shellenberger,"Journalist, Twitter Files","Published TF #4, #7; testified Mar 9, 2023.",https://www.govinfo.gov/content/pkg/CHRG-118hhrg51505/html/CHRG-118hhrg51505.htm,Twitter Files; congressional record,Journalist.
Bari Weiss,"Journalist, Twitter Files","TF #2 (Bhattacharya on ""Trends Blacklist""), #5 (staff doubted incitement).",https://twitter.com/bariweiss/status/1601011428579717121,Twitter Files,"Journalist; blacklist was Twitter's internal action, no government request shown in that thread."
David Zweig,"Journalist, Twitter Files","TF #10: ""both the Trump and Biden administrations directly pressed Twitter executives""; Kulldorff tweet labeled ""Misleading.""",https://twitter.com/davidzweig/status/1607381026984132609,Twitter Files,Journalist.
Lee Fang,"Journalist, Twitter Files",TF #8: Twitter approved/protected U.S. military influence-operation accounts.,https://twitter.com/lhfang/status/1605294195975114765,Twitter Files,Journalist.
Jay Bhattacharya,Stanford physician-economist; plaintiff; GBD co-author,"Placed on Twitter ""Trends Blacklist"" (TF#2); alleged removals incl. YouTube roundtable. Confirmed NIH Director Mar 25, 2025, 53-47; withdrew from case on joining government (per NCLA).",https://www.senate.gov/legislative/LIS/roll_call_votes/vote1191/vote_119_1_00141.htm,Congressional record; Twitter Files; court record,Confirmation documented.
Martin Kulldorff,Harvard biostatistician; plaintiff; GBD co-author,"Tweet labeled ""Misleading"" by Twitter (TF#10); alleged LinkedIn/YouTube actions. ACIP chair 2025; HHS ASPE chief science officer Dec 1, 2025.",https://www.hhs.gov/press-room/renowned-epidemiologist-and-biostatistician-martin-kulldorff-appointed-to-senior-hhs-role.html,Government statement; Twitter Files,Documented.
Aaron Kheriaty,Psychiatrist; plaintiff,"Alleged shadow-banning and removals (Doughty p.6). Party to 2026 settlement. UC Irvine dismissal over vaccine mandate: reported, not confirmed by primary record here.",https://storage.courtlistener.com/recap/gov.uscourts.lawd.189520/gov.uscourts.lawd.189520.293.0.pdf,Court record; party statement,Allegations; settlement documented.
Jill Hines,Health Freedom Louisiana; plaintiff,"SCOTUS: made ""the best showing"" of standing but Facebook targeted her before most White House/CDC contacts.",https://www.supremecourt.gov/opinions/23pdf/23-411_3dq3.pdf,Court record,Documented.
Terry Doughty,"U.S. District Judge, W.D. La.","Jul 4, 2023 PI ruling (""most massive attack against free speech in United States' history"" — conditioned on ""If the allegations ... are true""); Mar 25, 2026 consent decree.",https://storage.courtlistener.com/recap/gov.uscourts.lawd.189520/gov.uscourts.lawd.189520.293.0.pdf,Court record,Findings preliminary; vacated.
Amy Coney Barrett,Supreme Court Justice,"Majority opinion: no standing; ""lack jurisdiction to reach the merits.""",https://www.supremecourt.gov/opinions/23pdf/23-411_3dq3.pdf,Court record,Holding.
Samuel Alito,Supreme Court Justice,"Dissent (with Thomas, Gorsuch): ""blatantly unconstitutional ... If a coercive campaign is carried out with enough sophistication, it may get by.""",https://www.supremecourt.gov/opinions/23pdf/23-411_3dq3.pdf,Court record (dissent),"Dissent, not holding."
William Shubb,"U.S. District Judge, E.D. Cal.","Enjoined AB 2098 as to plaintiffs on vagueness grounds (Jan 25, 2023).",https://storage.courtlistener.com/recap/gov.uscourts.caed.420651/gov.uscourts.caed.420651.30.0.pdf,Court record,PI; law later repealed.
Renée DiResta / Elena Cryst,Stanford Internet Observatory (Virality Project authors),VP report: OSG and CDC ties; platforms acted on tickets under their own policies.,https://stacks.stanford.edu/file/mx395xj8490/Virality_project_final_report.pdf,Research org own report,Documented.
Alex Stamos,SIO Director,"Quoted in TF#19/hearing describing EIP as filling gaps government ""couldn't do"" (video via third party).",https://www.govinfo.gov/content/pkg/CHRG-118hhrg51505/html/CHRG-118hhrg51505.htm,Congressional record (Taibbi testimony),Characterization via witness; underlying video not verified here.
Jim Jordan,"Chairman, House Judiciary / Weaponization Subcommittee",Recipient of Zuckerberg and Alphabet letters; majority reports issued under his committee.,https://judiciary.house.gov/sites/evo-subsites/republicans-judiciary.house.gov/files/evo-media-document/Biden-WH-Censorship-Report-final.pdf,Congressional records,Documented.
Jamie Raskin,"Ranking Member, House Judiciary","Oct 30, 2025 letter: ""not a single one of Alphabet's employees testified about any coercion.""",https://democrats-judiciary.house.gov/sites/evo-subsites/democrats-judiciary.house.gov/files/evo-media-document/2025-10-30-raskin-to-mohan-youtube-re-coercion-1.pdf,Congressional letter (minority),Minority position.
Elon Musk,Twitter/X owner,Made internal documents available to Twitter Files journalists; reinstated Trump (Nov 2022).,https://twitter.com/elonmusk/status/1594131768298315777,Post,Documented.
Donald Trump,"President (2017-21, 2025-)","Nov 5, 2020 remarks cut away by networks (reported). Suspended by Twitter, Facebook, YouTube Jan 2021. Signed EO 14149. Trump White House also sent removal requests to Twitter (TF#1, Navaroli).",https://www.govinfo.gov/content/pkg/DCPD-202000836/html/DCPD-202000836.htm,Official transcript; company records,Documented.
