date,event,actor,primary_source_url,source_type,confirmed_by_primary_record,notes
2019-12,FBI obtains Hunter Biden laptop (per court finding).,FBI,https://storage.courtlistener.com/recap/gov.uscourts.lawd.189520/gov.uscourts.lawd.189520.293.0.pdf,Court record,yes,"Doughty ruling pp.62-63 (PDF page = ""Page X of 155"")."
2020-04-16,Facebook publishes COVID-19 misinformation policy page (updated through 2021).,Facebook,https://about.fb.com/news/2020/04/covid-19-misinfo-update/,Company record,yes,
2020-07-26,"Election Integrity Partnership (SIO, UW, DFRLab, Graphika) formed; idea came from SIO-funded student interns at CISA; formed ""in consultation with CISA.""",Stanford Internet Observatory / EIP,https://stacks.stanford.edu/file/druid:tr171zs0069/EIP-Final-Report.pdf,Research org own report,yes,"Long Fuse PDF p.20-21 (""Meeting with CISA to present EIP concept"" July 9)."
2020-10-04,"Great Barrington Declaration published (Kulldorff, Gupta, Bhattacharya).","Kulldorff, Bhattacharya, Gupta",https://gbdeclaration.org/,Primary document,yes,
2020-10-08,"NIH Director Collins emails Fauci and Lane: ""There needs to be a quick and devastating published take down of its premises.""",Francis Collins (NIH),https://aier.org/wp-content/uploads/2021/12/FirstCollinsEmail.pdf,FOIA release,yes,Email asks for a published rebuttal; it does not ask platforms to remove content.
2020-10-14,NY Post laptop story; Facebook sends it to fact-checkers and temporarily demotes it; Twitter blocks sharing of the link (reversed within ~24h per Gadde).,Facebook; Twitter,https://static.poder360.com.br/2024/08/carta-Meta-26ago2024.pdf,Company record / congressional testimony,yes,"Also ov_hearing (Gadde, Roth testimony)."
2020-10-19,"51 former intelligence officials: laptop emails have ""all the classic earmarks of a Russian information operation"" but ""we do not have evidence of Russian involvement.""",Former IC officials (private citizens),https://www.politico.com/f/?id=00000175-4393-d7aa-af77-579f9b330000,Primary document,yes,
2020-10-22,"Candidate Biden cites the letter in debate: ""50 former national intelligence folks who said that ... is a Russian plan.""",Joe Biden (candidate),https://www.debates.org/voter-education/debate-transcripts/october-22-2020-debate-transcript/,Primary transcript,yes,
2020-10-24,"Email ""More to review from the Biden team"" / reply ""Handled"" (published in Twitter Files #1; date per Feb 8, 2023 hearing record).",Biden campaign (not a government actor in 2020); Twitter,https://twitter.com/mtaibbi/status/1598827602403160064,Twitter Files screenshot + congressional record,yes,"Date per Rep. Balint in ov_hearing; campaign, not government."
2020-11-05,"Trump delivers White House remarks on the election (6:48 p.m. ET). MSNBC, NBC, ABC, CBS cut away or interrupt, citing false claims.",Donald Trump; broadcast networks,https://www.govinfo.gov/content/pkg/DCPD-202000836/html/DCPD-202000836.htm,Official transcript; unedited video,partial,"Speech: DCPD-202000836, C-SPAN, WH YouTube. Network cutaways: reported (AP), not confirmed by primary record here."
2020-11-12,"Twitter reports ~300,000 election tweets labeled Oct 27-Nov 11.",Twitter,https://www.npr.org/sections/live-updates-2020-election-results/2020/11/12/934267731/twitter-says-steps-to-curb-election-misinformation-worked,News lead,no,"Reported, not confirmed by primary record (Twitter blog blocks automated fetch)."
2020-12-17,Yoel Roth declaration to FEC on Twitter hack-and-leak briefings (discussed in court).,Twitter (Roth),https://storage.courtlistener.com/recap/gov.uscourts.lawd.189520/gov.uscourts.lawd.189520.293.0.pdf,Court record,yes,Doughty pp.62-63.
2021-01-07,Facebook restricts Trump accounts indefinitely.,Facebook,https://www.oversightboard.com/decision/FB-691QAMHJ/,Oversight body decision,yes,
2021-01-08,"Twitter permanently suspends @realDonaldTrump ""due to the risk of further incitement of violence.""",Twitter,https://storage.courtlistener.com/recap/gov.uscourts.cand.387133/gov.uscourts.cand.387133.138.12.pdf,Company record (court exhibit),yes,Twitter Files #5 shows staff earlier concluded some tweets were not incitement (tf5_12).
2021-01-12,YouTube suspends Trump channel.,YouTube,https://storage.courtlistener.com/recap/gov.uscourts.cand.386486/gov.uscourts.cand.386486.178.0_2.pdf,Court record (later settlement),partial,Suspension date reported; settlement filing 2025-09-29 is primary.
2021-01-21,Facebook refers Trump suspension to Oversight Board.,Facebook,https://about.fb.com/news/2021/01/referring-trump-suspension-to-oversight-board/,Company record,yes,
2021-02-06,"White House Digital Director Rob Flaherty asks Twitter to remove parody account of Biden granddaughter: ""Cannot stress the degree to which this needs to be resolved immediately."" Removed within ~45 minutes.",Rob Flaherty (White House),https://storage.courtlistener.com/recap/gov.uscourts.lawd.189520/gov.uscourts.lawd.189520.293.0.pdf,Court record,yes,Doughty p.9. SCOTUS fn.4 cited impersonation request as an example the lower courts mischaracterized.
2021-02-08,"Facebook expands COVID removals, including claims COVID is man-made.",Facebook,https://about.fb.com/news/2020/04/covid-19-misinfo-update/,Company record,yes,Flaherty emails Facebook questioning follow-through (hjc_wh p.14).
2021-02-17,Twitter joins Virality Project and receives first weekly report (per TF#19).,Virality Project; Twitter,https://twitter.com/mtaibbi/status/1636729166631432195,Twitter Files thread,partial,Journalist narration of internal documents.
2021-03,"Amazon internal email: bookstore policy change ""impetus"" is ""criticism from the Biden Administration.""",Amazon,https://judiciary.house.gov/sites/evo-subsites/republicans-judiciary.house.gov/files/evo-media-document/Biden-WH-Censorship-Report-final.pdf,Congressional majority-staff report quoting subpoenaed documents,yes,hjc_wh p.3.
2021-03-18,"DeSantis roundtable with Atlas, Bhattacharya, Kulldorff, Gupta; YouTube removes it in April 2021 citing mask claims.",YouTube,https://storage.courtlistener.com/recap/gov.uscourts.lawd.189520/gov.uscourts.lawd.189520.293.0.pdf,Court record (plaintiffs' allegation) + news lead,partial,Doughty p.5 records it as an allegation; YouTube statement reported by NBC.
2021-05-05,"Oversight Board upholds Trump restriction but rejects ""indeterminate and standardless penalty of indefinite suspension.""",Oversight Board,https://www.oversightboard.com/decision/FB-691QAMHJ/,Oversight body decision,yes,
2021-05-14,"First CDC ""COVID BOLO"" meeting with platforms (set up by CDC's Carol Crawford from May 10).",CDC,https://storage.courtlistener.com/recap/gov.uscourts.lawd.189520/gov.uscourts.lawd.189520.293.0.pdf,Court record,yes,Doughty p.47.
2021-05-26,"Facebook: ""we will no longer remove the claim that COVID-19 is man-made or manufactured.""",Facebook,https://about.fb.com/news/2020/04/covid-19-misinfo-update/,Company record,yes,
2021-06-04,Facebook sets two-year Trump suspension.,Facebook,https://about.fb.com/news/2021/06/facebook-response-to-oversight-board-recommendations-trump/,Company record,yes,
2021-07-14,"Facebook internal email to Nick Clegg on why man-made claims were removed: ""Because we were under pressure from the administration and others to do more ... We shouldn't have done it.""",Facebook staff,https://judiciary.house.gov/sites/evo-subsites/republicans-judiciary.house.gov/files/evo-media-document/Biden-WH-Censorship-Report-final.pdf,Company document reproduced in congressional report (Ex. 52),yes,"hjc_wh pp.13-14; the bracketed ""[Biden]"" in the report's summary is the committee's insertion."
2021-07-15,"Surgeon General advisory on health misinformation; joint Psaki/Murthy briefing: ""We're flagging problematic posts for Facebook."" Flaherty to Facebook: ""Are you guys fucking serious?""",Vivek Murthy; Jen Psaki; Rob Flaherty,https://bidenwhitehouse.archives.gov/briefing-room/press-briefings/2021/07/15/press-briefing-by-press-secretary-jen-psaki-and-surgeon-general-dr-vivek-h-murthy-july-15-2021/,Official transcript / court record,yes,Flaherty email: Doughty p.23. Advisory: sg_adv.
2021-07-16,"Psaki: ""we're in regular touch with social media platforms."" Biden: ""They're killing people.""",Jen Psaki; Joe Biden,https://bidenwhitehouse.archives.gov/briefing-room/press-briefings/2021/07/16/press-briefing-by-press-secretary-jen-psaki-july-16-2021/,Official transcript / video,yes,Video: pbs_killing. Court: Doughty p.24.
2021-07-19,"Biden: ""Facebook isn't killing people; these 12 people who are out there giving misinformation ... It's killing people.""",Joe Biden,https://www.presidency.ucsb.edu/documents/remarks-the-national-economy-and-exchange-with-reporters-10,Official transcript,yes,
2021-07-20,WH Communications Director Kate Bedingfield raises Section 230 / platform liability.,Kate Bedingfield,https://storage.courtlistener.com/recap/gov.uscourts.lawd.189520/gov.uscourts.lawd.189520.293.0.pdf,Court record,yes,Doughty p.24.
2021-07-28,"FSMB board: physicians spreading COVID vaccine misinformation risk ""suspension or revocation of their medical license.""",Federation of State Medical Boards,https://www.fsmb.org/siteassets/advocacy/policies/ethics-committee-report-misinformation-april-2022-final.pdf,Professional body record,yes,Date per FSMB 2022 report.
2021-08,ODNI assessment (info through Aug 2021): IC divided; 4 elements + NIC low-confidence natural; 1 element moderate-confidence lab.,ODNI/NIC,https://www.dni.gov/files/ODNI/documents/assessments/Declassified-Assessment-on-COVID-19-Origins.pdf,Intelligence assessment,yes,
2022-01-11,Maine board suspends Dr. Meryl Nass.,Maine Board of Licensure in Medicine,https://s3.documentcloud.org/documents/21178468/immediate-suspension-order.pdf,Agency order (not retrieved),no,"Reported, not confirmed by primary record (order URL returned 403)."
2022,"Virality Project final report: OSG and CDC ties; six platforms acted on tickets ""in accordance with their policies""; 911 tickets.",Virality Project (SIO),https://stacks.stanford.edu/file/mx395xj8490/Virality_project_final_report.pdf,Research org own report,yes,"VP pp.11, 17-18, 34."
2022-05-05,Missouri and Louisiana file Missouri v. Biden; individual plaintiffs join later.,State AGs; plaintiffs,https://storage.courtlistener.com/recap/gov.uscourts.lawd.189520/gov.uscourts.lawd.189520.293.0.pdf,Court record,yes,Doughty p.133.
2022-09-30,"California AB 2098 signed (B&P Code §2270: COVID ""misinformation"" by physicians = unprofessional conduct), effective Jan 1, 2023.",California Legislature / Gov. Newsom,https://leginfo.legislature.ca.gov/faces/billNavClient.xhtml?bill_id=202120220AB2098,Statute,yes,
2022-11-19,"Musk: ""The people have spoken. Trump will be reinstated.""",Elon Musk (Twitter owner),https://twitter.com/elonmusk/status/1594131768298315777,Post,yes,Timestamp 2022-11-20 00:53 UTC.
2022-12-02,Twitter Files #1 published (series runs to #19 on 2023-03-17).,Matt Taibbi et al.,https://twitter.com/mtaibbi/status/1598822959866683394,Twitter Files,yes,
2023-01-25,Høeg v. Newsom: PI against AB 2098 (§2270) on Fourteenth Amendment vagueness grounds. Same day Meta ends Trump suspension.,Judge William Shubb (E.D. Cal.); Meta,https://storage.courtlistener.com/recap/gov.uscourts.caed.420651/gov.uscourts.caed.420651.30.0.pdf,Court record,yes,Meta: meta_reinstate.
2023-02-08,"House Oversight hearing with Baker, Gadde, Roth, Navaroli.",House Oversight Committee,https://www.govinfo.gov/content/pkg/CHRG-118hhrg50898/html/CHRG-118hhrg50898.htm,Congressional record,yes,
2023-02-28,"FBI Director Wray: FBI assesses origin ""most likely a potential lab incident.""",Christopher Wray,https://www.foxnews.com/politics/fbi-director-says-covid-pandemic-most-likely-originated-chinese-lab,TV interview (lead),no,"Official's own words on Fox News; reported, not confirmed by FBI document."
2023-03-09,Weaponization Subcommittee hearing with Taibbi and Shellenberger.,House Judiciary Weaponization Subcommittee,https://www.govinfo.gov/content/pkg/CHRG-118hhrg51505/html/CHRG-118hhrg51505.htm,Congressional record,yes,
2023-06-26,"House Judiciary majority-staff report ""The Weaponization of CISA.""",House Judiciary majority,https://judiciary.house.gov/sites/evo-subsites/republicans-judiciary.house.gov/files/evo-media-document/cisa-staff-report6-26-23.pdf,Congressional majority-staff report,yes,
2023-07-04,Judge Doughty grants preliminary injunction in part (Missouri v. Biden).,Judge Terry Doughty (W.D. La.),https://storage.courtlistener.com/recap/gov.uscourts.lawd.189520/gov.uscourts.lawd.189520.293.0.pdf,Court record,yes,Injunction: doughty_inj.
2023-09-08,Fifth Circuit: White House & Surgeon General likely coerced and significantly encouraged; FBI likely coerced/encouraged; CDC significantly encouraged. Narrows injunction.,5th Cir.,https://www.ca5.uscourts.gov/opinions/pub/23/23-30445-CV0.pdf,Court record,yes,"pp.42, 54-58."
2023-09-30,"SB 815 signed, repealing §2270 effective Jan 1, 2024.",California Legislature / Gov. Newsom,https://leginfo.legislature.ca.gov/faces/billNavClient.xhtml?bill_id=202320240SB815,Statute,yes,
2023-10-03,"Fifth Circuit on rehearing adds CISA (""likely significantly encouraged"").",5th Cir.,https://www.ca5.uscourts.gov/opinions/pub/23/23-30445-CV1.pdf,Court record,yes,"pp.59-61, 74."
2023-10,Supreme Court stays injunction and grants certiorari.,Supreme Court,https://www.supremecourt.gov/opinions/23pdf/23-411_3dq3.pdf,Court record,yes,"Stay/cert noted in opinion (""601 U.S. ___ (2023)""); exact order date (Oct 20, 2023) from docket, not re-verified here."
2024-01,Washington Medical Commission restricts Dr. Ryan Cole's license (public statements and patient-care findings).,Washington Medical Commission,https://idahocapitalsun.com/wp-content/uploads/2024/01/20240109_Cole_M2022-207_FO-1.pdf,Agency adjudication,yes,
2024-05-01,"House Judiciary majority-staff report ""The Censorship-Industrial Complex.""",House Judiciary majority,https://judiciary.house.gov/sites/evo-subsites/republicans-judiciary.house.gov/files/evo-media-document/Biden-WH-Censorship-Report-final.pdf,Congressional majority-staff report,yes,
2024-06-26,Murthy v. Missouri: plaintiffs lack standing; merits not reached; 6-3.,Supreme Court,https://www.supremecourt.gov/opinions/23pdf/23-411_3dq3.pdf,Court record,yes,
2024-08-26,Zuckerberg letter to Jordan. Fifth Circuit vacates injunction and remands.,Mark Zuckerberg; 5th Cir.,https://static.poder360.com.br/2024/08/carta-Meta-26ago2024.pdf,Company record / court record,yes,ca5_remand.
2024-11-08,Doughty permits jurisdictional discovery on remand.,W.D. La.,https://storage.courtlistener.com/recap/gov.uscourts.lawd.189520/gov.uscourts.lawd.189520.404.0.pdf,Court record,yes,
2025-01-07,"Meta ends U.S. third-party fact-checking, moves to Community Notes.",Meta,https://about.fb.com/news/2025/01/meta-more-speech-fewer-mistakes/,Company record,yes,
2025-01-10,"Zuckerberg on Joe Rogan #2255 describes Biden officials who would ""scream at"" and ""curse"" at Meta staff.",Mark Zuckerberg,https://www.youtube.com/watch?v=7k1ehaE0bdU,Primary video,yes,Timestamps approximate.
2025-01-20,"EO 14149 ""Restoring Freedom of Speech and Ending Federal Censorship.""",President Trump,https://www.govinfo.gov/content/pkg/FR-2025-01-28/pdf/2025-01902.pdf,Executive order,yes,"EO's characterization of prior administration is the executive's own, not a court finding."
2025-01-25,"CIA: ""low confidence"" research-related origin more likely.",CIA,https://www.reuters.com/business/healthcare-pharmaceuticals/cia-now-says-covid-19-more-likely-have-come-lab-2025-01-25/,News lead,no,Agency statement reported by press; no cia.gov document located.
2025-01-29,Meta agrees to pay ~$25M to settle Trump suspension suit.,Meta,https://www.reuters.com/legal/meta-pay-25-million-settle-trumps-2021-lawsuit-over-suspended-accounts-2025-01-30/,News lead,no,"Reported, not confirmed by primary record."
2025-03-25,"Senate confirms Jay Bhattacharya as NIH Director, 53-47 (Roll Call #141).",U.S. Senate,https://www.senate.gov/legislative/LIS/roll_call_votes/vote1191/vote_119_1_00141.htm,Congressional record,yes,
2025-04,White House launches lab-leak page.,White House,https://www.whitehouse.gov/lab-leak-true-origins-of-covid-19/,Government statement,yes,
2025-09-23,"Alphabet letter: Biden officials ""pressed"" it on COVID content ""that did not violate its policies""; offers reinstatement to terminated creators.",Alphabet/YouTube,https://judiciary.house.gov/sites/evo-subsites/republicans-judiciary.house.gov/files/evo-media-document/2025-09-23-letter-to-hjc.pdf,Company record,yes,
2025-09-29,YouTube settles Trump suit for $24.5M; dismissal with prejudice.,YouTube/Alphabet,https://storage.courtlistener.com/recap/gov.uscourts.cand.386486/gov.uscourts.cand.386486.178.0_2.pdf,Court record,yes,
2025-10-30,Raskin letter: 20 Alphabet employees testified to no coercion.,Rep. Jamie Raskin (minority),https://democrats-judiciary.house.gov/sites/evo-subsites/democrats-judiciary.house.gov/files/evo-media-document/2025-10-30-raskin-to-mohan-youtube-re-coercion-1.pdf,Congressional letter (minority),yes,
2025-12-01,"Kulldorff named chief science officer, HHS ASPE (previously chaired ACIP).",HHS,https://www.hhs.gov/press-room/renowned-epidemiologist-and-biostatistician-martin-kulldorff-appointed-to-senior-hhs-role.html,Government statement,yes,
2026-03-25,"Consent decree ""SO ORDERED"" by Judge Doughty: 10 years; binds Surgeon General, CDC, CISA; limited to plaintiffs' content on 5 platforms; no admission of liability (¶17).",W.D. La.; DOJ; plaintiffs,https://nclalegal.org/wp-content/uploads/2026/03/FILING_Missouri-v.-Biden_Consent-Decree03252026.pdf,Court record,yes,"doj_pr, ncla_pr."
