Case,Date,Court,Ruling summary,Opinion URL
People of the State of New York v. Donald J. Trump et al. (civil fraud / Exec. Law § 63(12)),2023-09-26,"N.Y. Supreme Court (Engoron, J.)",Partial summary judgment for the AG on the first cause of action (Exec. Law § 63(12)); sanctions against defense counsel.,https://iapps.courts.state.ny.us/nyscef/CaseSearch
People of the State of New York v. Donald J. Trump et al. (civil fraud / Exec. Law § 63(12)),2024-02-16,"N.Y. Supreme Court (Engoron, J.)","Post-trial decision: liability on remaining § 63(12) causes; disgorgement of $363,894,816 plus prejudgment interest totaling $464,576,230.62; extensive injunctive relief and monitor/compliance director.",https://iapps.courts.state.ny.us/nyscef/CaseSearch
People of the State of New York v. Donald J. Trump et al. (civil fraud / Exec. Law § 63(12)),2024-02-23,"N.Y. Supreme Court (Engoron, J.)",Judgment entered implementing the post-trial order.,https://iapps.courts.state.ny.us/nyscef/CaseSearch
People of the State of New York v. Donald J. Trump et al. (civil fraud / Exec. Law § 63(12)),2025-08-21,"Appellate Division, First Department","ENTERED Aug. 21, 2025: modified judgment on the law to vacate the disgorgement awards in their entirety and vacate counsel sanctions; otherwise affirmed. Fractured panel; Higgitt & Rosado joined the decretal solely to create finality for Court of Appeals review. Moulton (joined by Renwick, P.J.): liability affirmed but disgorgement an excessive fine under the Eighth Amendment. Friedman, J.: would reverse and dismiss; joined vacatur of disgorgement/sanctions.",file:///workspace/lawfare/sources/ny-1st-dept-civil-fraud.pdf
People of the State of New York v. Donald J. Trump (Manhattan criminal / 'hush money'),2024-05-30,"N.Y. Supreme Court (Merchan, J.) / jury",Jury returned guilty verdicts on all 34 counts of falsifying business records in the first degree.,https://www.nycourts.gov/reporter/3dseries/2024/2024_24328.htm
People of the State of New York v. Donald J. Trump (Manhattan criminal / 'hush money'),2024-12-17,"N.Y. Supreme Court (Merchan, J.)",Denied post-verdict motion to vacate based on Trump v. United States immunity ruling (harmless-error / unofficial-acts analysis).,https://www.nycourts.gov/reporter/3dseries/2024/2024_24328.htm
People of the State of New York v. Donald J. Trump (Manhattan criminal / 'hush money'),2025-01-03,"N.Y. Supreme Court (Merchan, J.)",Denied Dec. 2024 motion to dismiss indictment and vacate verdict after the 2024 election.,https://storage.courtlistener.com/recap/gov.uscourts.nysd.598311/
People of the State of New York v. Donald J. Trump (Manhattan criminal / 'hush money'),2025-01-10,"N.Y. Supreme Court (Merchan, J.)","Sentence of unconditional discharge (no jail, fine, or probation); conviction remains on the record.",https://storage.courtlistener.com/recap/gov.uscourts.nysd.598311/
People of the State of New York v. Donald J. Trump (Manhattan criminal / 'hush money'),2025-10-27,"Appellate Division, First Department","Direct appeal from the judgment of conviction filed / docketed (Case No. 2025-00648). DA respondent brief filed on NYSCEF July 29, 2026.",https://storage.courtlistener.com/recap/gov.uscourts.nysd.598311/gov.uscourts.nysd.598311.87.1.pdf
People of the State of New York v. Donald J. Trump (Manhattan criminal / 'hush money'),2026-08-28,"U.S. District Court, S.D.N.Y.","On remand from the Second Circuit regarding a second notice of removal, district court again denied leave to file a second removal notice (good-cause/diligence); transmitted response to Second Circuit mandate. Federal removal track remains procedurally alive on appeal; conviction not displaced.",https://storage.courtlistener.com/recap/gov.uscourts.nysd.598311/
"United States v. Donald J. Trump, Waltine Nauta, and Carlos De Oliveira (classified documents)",2024-07-15,"S.D. Fla. (Cannon, J.)","Order granting motion to dismiss superseding indictment: Special Counsel Smith's appointment violates the Appointments Clause (U.S. Const. art. II, § 2, cl. 2); Appropriations Clause issue noted but not separately remedied given dismissal.",https://storage.courtlistener.com/recap/gov.uscourts.flsd.648653/gov.uscourts.flsd.648653.672.0_1.pdf
"United States v. Donald J. Trump, Waltine Nauta, and Carlos De Oliveira (classified documents)",2024-11-25,11th Circuit / DOJ,United States moved to dismiss the appeal as to Donald J. Trump without prejudice after the 2024 election (sitting-president DOJ policy).,https://www.courtlistener.com/docket/67490069/united-states-v-trump/
"United States v. Donald J. Trump, Waltine Nauta, and Carlos De Oliveira (classified documents)",2025-02-11,11th Circuit,"On United States' motion, appeal dismissed with prejudice as to co-defendants Nauta and De Oliveira, ending the federal prosecution.",https://storage.courtlistener.com/recap/gov.uscourts.ca11.94369/
United States v. Donald J. Trump (D.D.C. Jan. 6 / election interference),2024-07-01,U.S. Supreme Court,"Trump v. United States, 603 U.S. ___ (2024): former Presidents have absolute immunity for core constitutional acts, at least presumptive immunity for official acts, and no immunity for unofficial acts; vacated and remanded for application.",https://www.supremecourt.gov/opinions/23pdf/23-939_e2pg.pdf
United States v. Donald J. Trump (D.D.C. Jan. 6 / election interference),2024-11-25,"D.D.C. (Chutkan, J.)",Granted government's unopposed Rule 48(a) motion; dismissed the Superseding Indictment without prejudice pursuant to DOJ sitting-president policy.,https://storage.courtlistener.com/recap/gov.uscourts.dcd.258148/gov.uscourts.dcd.258148.282.0.pdf
United States v. Donald J. Trump (D.D.C. Jan. 6 / election interference),2024-12-06,"D.D.C. (Chutkan, J.)","Dismissed the original Indictment without prejudice as well, clarifying the case is fully closed with no remaining counts.",https://storage.courtlistener.com/recap/gov.uscourts.dcd.258148/gov.uscourts.dcd.258148.285.0.pdf
State of Georgia v. Donald J. Trump et al. (Fulton County election case),2024-03-15,"Fulton Superior Court (McAfee, J.)",Found a significant appearance of impropriety from Willis's relationship with special prosecutor Nathan Wade; remedy: Willis's office could remain only if Wade withdrew (Wade resigned).,https://d3i6fh83elv35t.cloudfront.net/static/2024/12/trumpgaappealsopn121924.pdf
State of Georgia v. Donald J. Trump et al. (Fulton County election case),2024-12-19,Court of Appeals of Georgia,Reversed in part: held the trial court erred by failing to disqualify DA Willis and her office entirely; appearance of impropriety from specific conduct required disqualification to restore public confidence.,https://d3i6fh83elv35t.cloudfront.net/static/2024/12/trumpgaappealsopn121924.pdf
State of Georgia v. Donald J. Trump et al. (Fulton County election case),2025-09,Supreme Court of Georgia,"Declined to review Willis's appeal of the disqualification (reported 4–3 posture with non-participations), leaving the Court of Appeals decision in place.",https://www.gasupreme.us/
State of Georgia v. Donald J. Trump et al. (Fulton County election case),2025-11-26,"Fulton Superior Court (McAfee, J.) / DA Pro Tempore Skandalakis",State moved to nolle prosequi all remaining charges in the interests of justice and judicial finality; court granted dismissal of the case.,https://www.documentcloud.org/documents/26303612-granting-nolle-prossequi/
Trump v. Anderson (Colorado ballot / Anderson v. Griswold) and Maine Secretary of State ballot ruling,2023-12-19,Colorado Supreme Court,4–3: ordered Trump excluded from Colorado Republican primary ballot under Section 3 (stayed pending U.S. Supreme Court review).,https://www.supremecourt.gov/opinions/23pdf/23-719_19m2.pdf
Trump v. Anderson (Colorado ballot / Anderson v. Griswold) and Maine Secretary of State ballot ruling,2023-12-28,Maine Secretary of State,Secretary Bellows ruled Trump's primary petition invalid under Section 3; suspended pending appeal so he remained on the ballot meantime.,https://www.maine.gov/sos/news/maine-secretary-state-decision-challenge-trump-presidential-primary-petitions
Trump v. Anderson (Colorado ballot / Anderson v. Griswold) and Maine Secretary of State ballot ruling,2024-03-04,U.S. Supreme Court,"Trump v. Anderson, 601 U.S. ___ (2024): per curiam; all nine Justices agreed Colorado could not enforce Section 3 to exclude Trump from the presidential ballot — States lack power to enforce Section 3 against federal candidates; reversed.",https://www.supremecourt.gov/opinions/23pdf/23-719_19m2.pdf
Trump v. Anderson (Colorado ballot / Anderson v. Griswold) and Maine Secretary of State ballot ruling,2024-03-04,Maine Secretary of State,Modified ruling: withdrew Section 3 disqualification conclusions after Trump v. Anderson; Trump votes counted.,https://www.maine.gov/sos/news/secretary-bellows-modifies-ruling-challenge-trump-presidential-primary-petitions
E. Jean Carroll v. Donald J. Trump (Carroll I — 2019 defamation; Carroll II — battery/defamation),2023-05-09,"S.D.N.Y. jury (Kaplan, J.) — Carroll II",Jury found Trump liable for sexual abuse and defamation; awarded $5 million total ($2M compensatory + $20k punitive for battery; $2.7M compensatory + $280k punitive for defamation).,https://www.courtlistener.com/docket/66762185/carroll-v-trump/
E. Jean Carroll v. Donald J. Trump (Carroll I — 2019 defamation; Carroll II — battery/defamation),2024-01-26,"S.D.N.Y. jury (Kaplan, J.) — Carroll I",Jury awarded $83.3 million for 2019 defamation ($18.3M compensatory + $65M punitive).,https://storage.courtlistener.com/recap/gov.uscourts.nysd.543790/gov.uscourts.nysd.543790.285.0.pdf
E. Jean Carroll v. Donald J. Trump (Carroll I — 2019 defamation; Carroll II — battery/defamation),2024-12-30,Second Circuit,Affirmed Carroll II judgment (No. 23-793).,https://law.justia.com/cases/federal/appellate-courts/ca2/23-793/23-793-2024-12-30.html
E. Jean Carroll v. Donald J. Trump (Carroll I — 2019 defamation; Carroll II — battery/defamation),2025,Second Circuit,Affirmed Carroll I $83.3 million judgment (No. 24-644).,https://ww3.ca2.uscourts.gov/decisions/OPN/24-644_2_opn.pdf
E. Jean Carroll v. Donald J. Trump (Carroll I — 2019 defamation; Carroll II — battery/defamation),2026-04-29,Second Circuit (en banc),Denied rehearing en banc in Carroll I appeal (No. 24-644).,https://ww3.ca2.uscourts.gov/decisions/OPN/24-644_complete_EB_opn.pdf
E. Jean Carroll v. Donald J. Trump (Carroll I — 2019 defamation; Carroll II — battery/defamation),2026-07-30,U.S. Supreme Court,"Petitions for certiorari docketed: No. 26-141 (Trump) and No. 26-142 (United States, substitution issues). Carroll's response deadline extended to Oct. 30, 2026. Petitions pending; no grant/deny as of tracker date.",https://www.supremecourt.gov/docket/docketfiles/html/public/26-141.html
Trump v. United States (presidential criminal immunity) — related Supreme Court ruling,2024-07-01,U.S. Supreme Court,Held: absolute immunity for actions within conclusive and preclusive constitutional authority; at least presumptive immunity for official acts; no immunity for unofficial acts. Vacated D.C. Circuit judgment and remanded.,https://www.supremecourt.gov/opinions/23pdf/23-939_e2pg.pdf
Fischer v. United States (§ 1512(c)(2) obstruction narrowing) — related Supreme Court ruling,2024-06-28,U.S. Supreme Court,"To prove § 1512(c)(2), the government must show the defendant impaired (or attempted to impair) the availability or integrity of records, documents, objects, or other things used in an official proceeding. Vacated D.C. Circuit judgment; remanded.",https://www.supremecourt.gov/opinions/23pdf/23-5572_l6hn.pdf
Optional: Jan. 6 Select Committee referrals & Special Counsel Jack Smith final reports,2022-12-19,U.S. House Select Committee,"Committee adopted criminal referrals to the Department of Justice regarding Trump and associates (referrals are recommendations, not indictments).",https://www.govinfo.gov/collection/january-6th-committee-final-report
Optional: Jan. 6 Select Committee referrals & Special Counsel Jack Smith final reports,2025-01-14,DOJ / Special Counsel,Volume I of Smith's final report released publicly after court processes; Volume II remained restricted amid co-defendant due-process/appeal issues until those appeals ended.,https://www.justice.gov/storage/Report-of-Special-Counsel-Smith-Volume-1-January-2025.pdf
