claim,url,source_type,verified,note
"Original complaint (3rd-deg murder, manslaughter; ME preliminary findings; 8:46)",https://mncourts.gov/_media/migration/high-profile-cases/27-cr-20-12646/complaint05292020.pdf,Court filing,yes,
Amended complaint (2nd-deg felony murder added; signed AAG Frank),https://mncourts.gov/_media/migration/high-profile-cases/27-cr-20-12646/amendedcomplaint06032020.pdf,Court filing,yes,
Order on probable cause: 3rd-deg murder dismissed; causation law,https://mncourts.gov/_media/migration/high-profile-cases/27-cr-20-12646/order10212020.pdf,Court order,yes,
State motion to reinstate 3rd-degree murder,https://mncourts.gov/_media/migration/high-profile-cases/27-cr-20-12646/motion02042021.pdf,Court filing,yes,
"Order denying reinstatement (Feb. 11, 2021)",https://mncourts.gov/_media/migration/high-profile-cases/27-cr-20-12646/order02112021.pdf,Court order,yes,
"Reinstatement of 3rd-degree murder (Mar. 11, 2021) and COA order A21-0354 (Mar. 5, 2021)",,Court order,no,Not retrieved
Jury instructions incl. causation/superseding cause,https://mncourts.gov/_media/migration/high-profile-cases/27-cr-20-12646/juryinstructions04192021.pdf,Court filing,yes,
Verdict forms,https://mncourts.gov/_media/migration/high-profile-cases/27-cr-20-12646/verdict104212021.pdf,Court filing,yes,"Also verdict204212021.pdf, verdict304212021.pdf"
Blakely aggravating-factor findings,https://mncourts.gov/_media/migration/high-profile-cases/27-cr-20-12646/order05112021.pdf,Court order,yes,
Sentencing order and memorandum (270 months),https://mncourts.gov/_media/migration/high-profile-cases/27-cr-20-12646/mcro_27-cr-20-12646_sentencing-order_2021-06-25_20210625145755.pdf,Court order,yes,
Order denying new trial / Schwartz hearing,https://mncourts.gov/_media/migration/high-profile-cases/27-cr-20-12646/order-denying-motion-6-25-21.pdf,Court order,yes,
"Preliminary venue denial (Nov. 4, 2020)",https://mncourts.gov/_media/migration/high-profile-cases/27-cr-20-12646/27-cr-20-12646_order-change-of-venue.pdf,Court order,yes,
Anonymous jury and sequestration order,https://mncourts.gov/_media/migration/high-profile-cases/27-cr-20-12646/27-cr-20-12646_order-granting-motion-1.pdf,Court order,yes,
"HCAO advocate-witness limitation order (Nov. 4, 2020)",https://mncourts.gov/_media/migration/high-profile-cases/27-cr-20-12646/27-cr-20-12646_order-granting-motion-2.pdf,Court order,yes,
Defense motion to disqualify HCAO,https://mncourts.gov/_media/migration/high-profile-cases/27-cr-20-12646/motiontodisqualify08282020.pdf,Court filing,yes,
"Court of Appeals opinion A21-1228 (Apr. 17, 2023)",https://mncourts.gov/_media/migration/high-profile-cases/27-cr-20-12646/opinion-published.pdf,Appellate opinion,yes,"Venue, sequestration, Waters mistrial motion, settlement, juror 52, fn. 4 officials' statements"
Appellant's brief (raises Waters remarks),https://mncourts.gov/_media/migration/high-profile-cases/27-cr-20-12646/brief-appellant.pdf,Court filing,yes,
"MN Supreme Court denial of review (July 18, 2023), in cert appendix",http://www.supremecourt.gov/DocketPDF/23/23-416/285187/20231016171544823_Appendix.pdf,Court record,yes,
"SCOTUS docket 23-416 (cert denied Nov. 20, 2023)",https://www.supremecourt.gov/search.aspx?filename=/docket/docketfiles/html/public/23-416.html,Court docket,yes,
Federal plea agreement (Doc. 142),https://storage.courtlistener.com/recap/gov.uscourts.mnd.194493/gov.uscourts.mnd.194493.142.0_59.pdf,Court filing,yes,
Federal judgment (Doc. 529),https://storage.courtlistener.com/recap/gov.uscourts.mnd.194493/gov.uscourts.mnd.194493.529.0.pdf,Court filing,yes,URL per earlier task; local copy src/j529.txt
"Thao verdict & memorandum opinion (testimony cites, timeline, credibility findings)",https://mncourts.gov/_media/migration/high-profile-cases/27-cr-20-12949-tt/tt-verdict.pdf,Court opinion,yes,"Filed May 1, 2023"
Lane guilty plea (aiding 2nd-deg manslaughter),https://mncourts.gov/_media/migration/high-profile-cases/27-cr-20-12951-tkl/tl-guiltyplea.pdf,Court filing,yes,
Kueng plea petition (2nd-deg manslaughter),https://mncourts.gov/_media/migration/high-profile-cases/27-cr-20-12953-jak/jk-pleapetition.pdf,Court filing,yes,
"HCME press release: cause, manner Homicide, other conditions","https://content.govdelivery.com/attachments/MNHENNE/2020/06/01/file_attachments/1464238/2020-3700%20Floyd,%20George%20Perry%20Update%206.1.2020.pdf",Official ME record,yes,
HCME autopsy report 20-3700,http://web.archive.org/web/20200722232711/https://www.hennepin.us/-/media/hennepinus/residents/public-safety/documents/Autopsy_2020-3700_Floyd.pdf,Official autopsy (archived),yes,
"HCAO memo May 26, 2020 (no physical evidence of asphyxiation)",https://mncourts.gov/_media/additionalassets/getattachment/media/stateofminnesotavtouthao/container-documents/content-documents/exhibit-3.pdf?lang=en-US,Court exhibit,yes,
"HCAO memo June 1, 2020 (fentanyl 'pretty high'; overdose if found at home)",https://mncourts.gov/_media/additionalassets/getattachment/media/stateofminnesotavtouthao/container-documents/content-documents/exhibit-4.pdf?lang=en-US,Court exhibit,yes,Memo author's summary
"Family pathologists' findings (Baden, Wilson) email",https://mncourts.gov/_media/additionalassets/getattachment/media/stateofminnesotavtouthao/container-documents/content-documents/exhibit-2.pdf?lang=en-US,Court exhibit,yes,
AFME case consult C0022-20 (homicide concurrence),https://mncourts.gov/_media/migration/high-profile-cases/27-cr-20-12949-tt/exhibit508252020.pdf,Court exhibit (federal ME report),yes,
Minn. Stat. 609.19 (2020),https://www.revisor.mn.gov/statutes/2020/cite/609.19,Statute,yes,
Minn. Stat. 609.195 (2020),https://www.revisor.mn.gov/statutes/2020/cite/609.195,Statute,yes,
Minn. Stat. 609.205 (2020),https://www.revisor.mn.gov/statutes/2020/cite/609.205,Statute,yes,
Minn. Stat. 609.221 (2020),https://www.revisor.mn.gov/statutes/2020/cite/609.221,Statute,yes,
Minn. Stat. 609.222 (2020),https://www.revisor.mn.gov/statutes/2020/cite/609.222,Statute,yes,
Minn. Stat. 609.223 (2020),https://www.revisor.mn.gov/statutes/2020/cite/609.223,Statute,yes,
Minn. Stat. 609.02 subd. 7a (2020),https://www.revisor.mn.gov/statutes/2020/cite/609.02,Statute,yes,
NAME Guide for Manner of Death Classification (2002),https://name.memberclicks.net/assets/docs/MANNEROFDEATH.pdf,Professional guidance,yes,
CDC/NCHS ME and Coroner Handbook on Death Registration (2003),https://www.cdc.gov/nchs/data/misc/hb_me.pdf,Federal guidance,no,Blocked (403/timeout); not quoted
"Cahill appointment (Pawlenty, Apr. 27, 2007)",https://www.leg.mn.gov/docs/2010/other/101583/www.governor.state.mn.us/mediacenter/pressreleases/JudicialSelections/2007/PROD008099.html,Official release (archived),yes,
"Baker reappointment, Res. 24-0083",https://hennepinmn.legistar.com/LegislationDetail.aspx?ID=6555433&GUID=045885D0-EE63-4C86-8478-EEDCFF243826&FullText=1,County board resolution,yes,
"AG release June 3, 2020 (charges; 'murder of Mr. Floyd')",https://www.ag.state.mn.us/Office/Communications/2020/06/03_GeorgeFloyd.asp,Official release,yes,
"AG release July 13, 2020 (special AAGs)",https://www.ag.state.mn.us/Office/Communications/2020/07/13_FloydCaseAttorneys.asp,Official release,yes,
Blackwell FJC bio,https://www.fjc.gov/history/judges/blackwell-jerry-wayne,Federal Judicial Center,yes,
Blackwell confirmation vote 51-43,https://www.senate.gov/legislative/LIS/roll_call_votes/vote1172/vote_117_2_00383.htm,Senate roll call,yes,
Magnuson FJC bio,https://www.fjc.gov/history/judges/magnuson-paul-arthur,Federal Judicial Center,yes,
MN CFB all contributions 2015-present (matches in data/cfb_matches.csv),https://cfb.mn.gov/reports-and-data/self-help/data-downloads/campaign-finance/?download=-2113865252,Official campaign-finance data,yes,Name matches; identity confirmed via employer where noted
FEC individual contributions (queries in data/fecweb_*.json),https://www.fec.gov/data/receipts/individual-contributions/,Official campaign-finance data,yes,
H.Res. 331 (quotes Waters and Cahill),https://www.govinfo.gov/content/pkg/BILLS-117hres331lth/html/BILLS-117hres331lth.htm,Official congressional record,yes,
House roll call 122 (tabled 216-210),https://clerk.house.gov/evs/2021/roll122.xml,Official vote record,yes,
Court video of Cahill remarks (CNN transcript),https://transcripts.cnn.com/show/es/date/2021-04-20/segment/03,Transcript of original court video (news-hosted),partial,Used only for Cahill's own words
"Biden remarks Apr. 20, 2021",https://www.presidency.ucsb.edu/documents/remarks-prior-meeting-with-congressional-hispanic-caucus-leadership-and-exchange-with,Official remarks (APP copy of White House record),yes,
"Minneapolis Council proceedings June 12, 2020 (Res. 2020R-152, 12-0)",https://lims.minneapolismn.gov/Download/CommitteeReport/1249/Council-06122020-CouncilProceedings.pdf,Official council record,yes,
"Charter amendment file 2020-00668 (votes June 12 and 26, 2020)",https://lims.minneapolismn.gov/File/2020-00668,Official council record,yes,
"Charter Commission Aug. 5, 2020 (90-day extension 10-5)",https://lims.minneapolismn.gov/Download/CommitteeReport/1339/Charter-08052020-CommitteeReport.pdf,Official commission record,yes,
"Charter Commission Nov. 4, 2020 (reject 14-0)",https://lims.minneapolismn.gov/Download/CommitteeReport/1531/Charter-11042020-CommitteeReport.pdf,Official commission record,yes,
2021 Question 2 official results,https://vote.minneapolismn.gov/results-data/election-results/2021/ballot-questions/,Official election results,yes,
"Harris June 1, 2020 bail-fund post",https://twitter.com/KamalaHarris/status/1267555018128965643,Official's own post,yes,Archive: http://web.archive.org/web/20260706193032/https://twitter.com/KamalaHarris/status/1267555018128965643
MN Freedom Fund 2020 Form 990,https://mnfreedomfund.org/wp-content/uploads/2024/07/2020-Form-990-Public-3.pdf,IRS filing,yes,
"Powderhorn Park pledge June 7, 2020",,News (lead only),no,Members' original posts not retrieved
"Timpa v. Dillard, 20 F.4th 1020 (5th Cir. 2021)",https://www.ca5.uscourts.gov/opinions/pub/20/20-10876-CV0.pdf,Appellate opinion,yes,
NY AG Prude report,https://ag.ny.gov/sites/default/files/oag_report_-_prude.pdf,Official AG report,yes,
Matter of Pantaleo v O'Neill (Garner),http://www.nycourts.gov/reporter/3dseries/2021/2021_01857.htm,Appellate decision,yes,
WA AG Ellis charging release,https://www.atg.wa.gov/news/news-releases/ag-ferguson-charges-three-officers-killing-manuel-ellis,Official AG release,yes,
WA AG Ellis verdict statement,https://www.atg.wa.gov/news/news-releases/ag-ferguson-statement-trial-verdict-death-manuel-ellis,Official AG release,yes,Does not itself spell out acquittal in text read
"CO AG McClain verdict statement Oct. 12, 2023",https://coag.gov/press-releases/10-12-23/,Official AG release,partial,
CO AG McClain final sentencing statement,https://coag.gov/2024/attorney-general-phil-weiser-statement-regarding-final-sentencing-in-elijah-mcclain-death-trials/,Official AG release,yes,
Contra Costa DA Quinto LEIFI report,https://contracostaherald.com/wp-content/uploads/2022/09/Angelo-Quinto-LEIFI-Report-Final.pdf,Official DA report (third-party hosted copy),yes,
Contra Costa DA Quinto addendum,https://www.contracosta.ca.gov/DocumentCenter/View/80995/Angelo-Quinto-LEIFI-Addendum-Final,Official DA report,yes,
