Case_ID,Block,Date,Who,Side,Where,Statement,Verdict,Official_Record,Official_URLs,Statement_URL,Checked_By,Type,Original_Words,Statement_URLs
B1516-01,2015–2016,2015,Donald Trump,Republican,Tweeted graphic,Whites killed by whites — 16%. Whites killed by blacks — 81%.,False,"FBI Expanded Homicide Data, Table 6 (2014, single victim/single offender): of 3,021 white victims, 2,488 were killed by white offenders (82%) and 446 by Black offenders (15%).",https://ucr.fbi.gov/crime-in-the-u.s/2014/crime-in-the-u.s.-2014/tables/expanded-homicide-data/expanded_homicide_data_table_6_murder_race_and_sex_of_vicitm_by_race_and_sex_of_offender_2014.xls,https://www.politifact.com/article/2015/dec/21/2015-lie-year-donald-trump-campaign-misstatements/,SwampForce Editor,,,
B1516-02,2015–2016,"March 7, 2016",Donald Trump,Republican,Campaign rally,$500 billion a year trade deficit with China.,False,U.S. Census Bureau: “The deficit with China increased $22.6 billion to $365.7 billion in 2015.” BEA reports the same $365.7 billion figure for 2015.,https://www.census.gov/newsroom/blogs/global-reach/2016/02/the-goods-and-services-deficit-increased-to-43-4-billion-in-december-2015.html; https://www.bea.gov/news/blog/2016-02-05/2015-trade-gap-5315-billion,https://www.politico.com/magazine/story/2016/03/trump-fact-check-errors-exaggerations-falsehoods-213730,SwampForce Editor,,,
B1516-03,2015–2016,"March 10, 2015",Hillary Clinton,Democratic,Press conference,I did not email any classified material to anyone on my email. There is no classified material.,False,"FBI Director James Comey, July 5, 2016: 110 emails in 52 email chains contained classified information at the time they were sent or received.",https://www.fbi.gov/news/press-releases/fbi-releases-documents-in-hillary-clinton-e-mail-investigation; https://www.factcheck.org/2016/08/clintons-email-falsehood/,https://apnews.com/general-news-united-states-presidential-election-events-588c1ba16f51484e8e0010b12b9e8b28,SwampForce Editor,,,
B1516-04,2015–2016,"July 31, 2016",Hillary Clinton,Democratic,Fox News Sunday interview,Director Comey said my answers were truthful.,False,"FBI Director James Comey said there was “no basis to conclude she lied to the FBI.” Asked about her public statements, he said: “There was classified material emailed.”",https://www.fbi.gov/news/press-releases/fbi-releases-documents-in-hillary-clinton-e-mail-investigation; https://www.factcheck.org/2016/08/clintons-email-falsehood/,https://www.factcheck.org/2016/08/clintons-email-falsehood/,SwampForce Editor,,,
B1718-01,2017–2018,"January 21, 2017",Sean Spicer,Republican,White House briefing,This was the largest audience to ever witness an inauguration — period — both in person and around the globe.,Misleading,"WMATA reported: “Metro Ridership: As of 11am, 193k trips taken so far today. (11am 1/20/13 = 317k, 11am 1/20/09 = 513k, 11am 1/20/05 = 197k) #wmata.” The page reports full-day Metro figures of 570,557 (2017), 782,000 (2013), and 1.1 million (2009). This disproves “largest” on the in-person/transit comparison, but no official comprehensive worldwide audience count was located.",https://trumpwhitehouse.archives.gov/briefings-statements/statement-press-secretary-sean-spicer/; https://www.factcheck.org/2017/01/the-facts-on-crowd-size/; https://twitter.com/wmata/status/822482330346487810?ref_src=twsrc%5Etfw,https://trumpwhitehouse.archives.gov/briefings-statements/statement-press-secretary-sean-spicer/,SwampForce Editor,,,
B1920-01,2019–2020,"August 30, 2020",Donald Trump,Republican,Social media post,"This week the CDC quietly updated the Covid number to admit that only 6% of all the 153,504 deaths recorded actually died from Covid. That’s 9,210 deaths. The other 94% had 2 to 3 other serious illnesses and the overwhelming majority were of very advanced age.",False,"CDC MMWR: “COVID-19 was reported as the underlying cause of death or a contributing cause of death for an estimated 377,883 (11.3%) of those deaths.” CDC explains that for over 5% of these deaths, COVID-19 was the only cause mentioned on the death certificate, and for deaths with additional conditions there were, on average, 4.0 additional conditions or causes per death. A companion MMWR says 5.5% of 378,048 COVID-19 death certificates listed COVID-19 without codes for other conditions.",https://www.factcheck.org/2020/09/cdc-did-not-admit-only-6-of-recorded-deaths-from-covid-19/; https://www.cdc.gov/nchs/blog/posts/2021/03/new-journal-articles-look-at-provisional-2020-covid-19-death-data.html; https://www.cdc.gov/mmwr/volumes/70/wr/mm7014e1.htm; https://www.cdc.gov/mmwr/volumes/70/wr/mm7014e2.htm; https://www.cdc.gov/nchs/nvss/vsrr/covid_weekly/index.htm?fbclid=IwAR3xvPBE9Q6NXcwqMIGtg439k100XtMfvy-9YBimKZMOSSRpCwiitPLS3vs#Comorbidities,https://www.factcheck.org/2020/09/cdc-did-not-admit-only-6-of-recorded-deaths-from-covid-19/,SwampForce Editor,,,
B2122-01,2021–2022,November 2022,Joe Biden,Democratic,CNN interview,"And on my watch, for the first time in 10 years, seniors are getting an increase in their Social Security checks. Also: We cut the federal debt in half.",False,"SSA COLA history shows increases in 2012 (1.7%), 2013 (1.5%), 2014 (1.7%), 2017 (2.0%), 2018 (2.8%), 2019 (1.6%), 2020 (1.3%), and 2021 (5.9%), so increases occurred repeatedly within the claimed decade. Treasury says borrowing from the public increased $2.0 trillion to $24.3 trillion in FY2022, not that debt was cut in half.",https://www.cnn.com/2022/11/05/politics/fact-check-biden-midterms-2022; https://www.ssa.gov/oact/cola/colaseries.html; https://home.treasury.gov/news/press-releases/jy1043,https://www.cnn.com/2022/11/05/politics/fact-check-biden-midterms-2022,SwampForce Editor,,,
B2122-02,2021–2022,January 2023,Joe Biden,Democratic,Remarks on unemployment,"Two years ago this week, 18 million people were out of work ... Now the — that number is under 1.6 million, near the lowest level in decades.",Misleading,"The official unemployed counts cited from BLS are about 10.2 million in January 2021 and 5.7 million in December 2022. The 18M/under-1.6M comparison was UI-benefit recipients, not total unemployed; BLS/DOL says UI information cannot be used as a source for complete information on the number of unemployed.",https://www.factcheck.org/2023/01/bidens-misleading-unemployment-statistic/; https://www.bls.gov/news.release/empsit.t15.htm,https://www.factcheck.org/2023/01/bidens-misleading-unemployment-statistic/,SwampForce Editor,,,
B2324-01,2023–2024,"January 26, 2023",Joe Biden,Democratic,White House remarks,"As a result, the last two years — my administration — we cut the deficit by $1.7 trillion, the largest reduction in debt in American history.",Misleading,"Treasury says: “During FY 2022, the deficit fell by $1.4 trillion—the largest one-year decrease in the Federal deficit in American history.” Treasury also says: “Total Federal borrowing from the public increased by $2.0 trillion during FY 2022 to $24.3 trillion.” The deficit reduction is real, but “reduction in debt” is contradicted by the rise in borrowing/debt.",https://bidenwhitehouse.archives.gov/briefing-room/speeches-remarks/2023/01/26/remarks-by-president-biden-on-economic-progress-since-taking-office/; https://home.treasury.gov/news/press-releases/jy1043,https://bidenwhitehouse.archives.gov/briefing-room/speeches-remarks/2023/01/26/remarks-by-president-biden-on-economic-progress-since-taking-office/,SwampForce Editor,,,
B2324-02,2023–2024,"May 8, 2024",Joe Biden,Democratic,CNN interview,"It was 9% when I came to office, 9%.",False,"BLS: January 2021 CPI-U year-over-year inflation was 1.4%; June 2022 was 9.1%, the largest 12-month increase since November 1981.",https://www.factcheck.org/2024/05/factchecking-biden-on-inflation-other-claims/; https://www.bls.gov/opub/ted/2022/consumer-prices-up-7-7-percent-over-year-ended-october-2022.htm; https://www.bls.gov/opub/ted/2022/consumer-prices-up-9-1-percent-over-the-year-ended-june-2022-largest-increase-in-40-years.htm,https://www.factcheck.org/2024/05/factchecking-biden-on-inflation-other-claims/,SwampForce Editor,,,
B2526-01,2025–2026,"December 9, 2025",Donald Trump,Republican,Fox News Hannity,They gave you the highest inflation in history and we’re bringing the price down rapidly.,False,"BLS: June 2022 CPI rose 9.1% over 12 months, the largest increase since November 1981; the all-time CPI high was 23.7% in June 1920.",https://archive.org/details/FOXNEWSW_20251210_020000_Hannity; https://www.bls.gov/opub/ted/2022/consumer-prices-up-9-1-percent-over-the-year-ended-june-2022-largest-increase-in-40-years.htm,https://archive.org/details/FOXNEWSW_20251210_020000_Hannity,SwampForce Editor,,,
B2526-02,2025–2026,"June 28, 2026",Sen. Roger Marshall,Republican,NBC News Meet the Press,Real wages are outpacing inflation right now.,False,BLS real average hourly earnings: May 2026 was -0.8% year over year and -0.2% month over month in the July release table; the later revised June figure was -0.1% year over year and +0.6% month over month. The May data were the relevant latest data on June 28.,https://www.nbcnews.com/meet-the-press/transcripts/meet-press-june-28-2026-rcna352119; https://www.bls.gov/news.release/archives/realer_08122026.htm; https://www.bls.gov/news.release/archives/realer_09112026.htm,https://www.nbcnews.com/meet-the-press/transcripts/meet-press-june-28-2026-rcna352119,SwampForce Editor,,,
B2526-03,2025–2026,2026,Scott Bessent,Republican,YouTube,"Under President Trump, the private sector has created over 1 million jobs. Real wages are outpacing inflation.",Misleading,"BLS private payrolls rose from 134,711,000 in January 2025 to 135,752,000 preliminary in August 2026, +1,041,000 (the first clause is true). BLS August 2026 real average hourly earnings were -0.3% year over year; average hourly earnings rose 3.1% while CPI rose 3.4% (the second clause is false/misleading).",https://www.youtube.com/watch?v=CGSQp1CD1GY; https://www.factcheck.org/2026/07/trumps-numbers-july-2026-update/; https://data.bls.gov/timeseries/CES0500000001; https://www.bls.gov/news.release/archives/realer_09112026.htm,https://www.youtube.com/watch?v=CGSQp1CD1GY,SwampForce Editor,,,
B2526-05,2025–2026,"December 9, 2025",Sean Hannity,News outlets,Fox News Hannity,They gave you the highest inflation in history.,False,BLS: June 2022 CPI rose 9.1% over 12 months; June 1920’s all-time CPI increase was 23.7%.,https://archive.org/details/FOXNEWSW_20251210_020000_Hannity; https://www.bls.gov/opub/ted/2022/consumer-prices-up-9-1-percent-over-the-year-ended-june-2022-largest-increase-in-40-years.htm,https://archive.org/details/FOXNEWSW_20251210_020000_Hannity,SwampForce Editor,,,https://archive.org/details/FOXNEWSW_20251210_020000_Hannity; https://www.nbcnews.com/politics/trump-administration/read-full-transcript-president-donald-trump-interviewed-meet-press-mod-rcna203514
B2526-06,2025–2026,December 2025,Jackie DeAngelis,News outlets,Fox Business,THE FED HAS BEEN RESPONDING TO AN INFLATION THREAT THAT NEVER EXISTED.,False,BLS December 2025 CPI rose 2.7% over 12 months (November was also 2.7%); inflation existed.,https://www.youtube.com/watch?v=fQ_HbUX_aHE; https://www.bls.gov/news.release/archives/cpi_01132026.htm; https://www.bls.gov/news.release/archives/cpi_12182025.htm,https://www.youtube.com/watch?v=fQ_HbUX_aHE,SwampForce Editor,,,
AQ-14,2023–2024,2024-10-25,Trump campaign (Republican),Campaigns,Trump campaign ad,Taxes are gonna have to go up.,Altered,CNN prints both versions.,https://edition.cnn.com/2024/10/25/politics/fact-check-trump-tv-ads-misleadingly-edited-quotes,https://edition.cnn.com/2024/10/25/politics/fact-check-trump-tv-ads-misleadingly-edited-quotes,SwampForce Editor,Altered quote,estate taxes are gonna have to go up for the richest Americans.,
AQ-15,2023–2024,2024-10-25,Trump campaign (Republican),Campaigns,Trump campaign ad,Harris is seeking to significantly raise taxes.,Altered,CNN says the ad used a misleading snip of the New York Times wording.,https://edition.cnn.com/2024/10/25/politics/fact-check-trump-tv-ads-misleadingly-edited-quotes,https://edition.cnn.com/2024/10/25/politics/fact-check-trump-tv-ads-misleadingly-edited-quotes,SwampForce Editor,Altered quote,Harris is seeking to significantly raise taxes on the wealthiest Americans and large corporations.,
AQ-16,2023–2024,2024-10-25,Trump campaign (Republican),Campaigns,Trump campaign ad,"KAMALA’S SCHEME: ‘KILL JOBS,’",Altered,CNN says the Reuters logo made a Trump campaign claim look like Reuters wording.,https://edition.cnn.com/2024/10/25/politics/fact-check-trump-tv-ads-misleadingly-edited-quotes,https://edition.cnn.com/2024/10/25/politics/fact-check-trump-tv-ads-misleadingly-edited-quotes,SwampForce Editor,Altered quote,"The Trump campaign had already pounced on his remarks, saying they were evidence that Biden’s energy stance would kill jobs in states like Pennsylvania.",
AQ-17,2019–2020,2020-03-07/08,Donald Trump / Dan Scavino / Brad Parscale / Jenna Ellis,Republican,Trump campaign social media,We can only re-elect Donald Trump,Altered,CNN identifies the people and campaign accounts that shared the edit.,https://amp.cnn.com/cnn/2020/03/08/politics/fact-check-trump-campaign-promote-edited-biden-video,https://amp.cnn.com/cnn/2020/03/08/politics/fact-check-trump-campaign-promote-edited-biden-video,SwampForce Editor,Altered quote,Excuse me. We can only re-elect Donald Trump if in fact we get engaged in this circular firing squad here. It’s gotta be a positive campaign.,
AQ-20,2019–2020,2020-10-26,Francis Brennan / Trump campaign (Republican),Campaigns,Trump campaign social media,WATCH: As Biden starts to stumble with a question about court-packing his staff immediately starts escorting the camera out of the event.,Altered,The page says the 27-second excerpt came from a 24-minute stream; the caption was false.,https://theintercept.com/2020/10/28/anatomy-lie-trump-campaign-edited-video-biden-create-fake-gaffe,https://theintercept.com/2020/10/28/anatomy-lie-trump-campaign-edited-video-biden-create-fake-gaffe,SwampForce Editor,Altered quote,I think the press is asking legitimate questions.,
AQ-13,2019–2020,2020-07,@magacuddy and partisan social accounts,Social media,TikTok/Instagram,Poor kids are just as bright and talented as white kids,Altered,Biden spokesperson said he misspoke and immediately corrected himself.,https://www.reuters.com/article/uk-factcheck-biden-videos-idUSKBN2426JT,https://www.reuters.com/article/uk-factcheck-biden-videos-idUSKBN2426JT,SwampForce Editor,Altered quote,"Poor kids are just as bright and just as talented as white kids — wealthy kids, Black kids, Asian kids.",
B2526-08,2025–2026,"Dec. 2025 (aired on Fox & Friends, Dec. 3, 2025)",Donald Trump,Republican,Remarks aired on Fox & Friends,"we're going to be giving back refunds out of tariffs, we've taken in trillions of dollars.",False,"Treasury Monthly Treasury Statement Table 4, fiscal year ended Sept. 30, 2025: customs duties net receipts were about $194.9 billion, not trillions.",https://fiscal.treasury.gov/reports-statements/mts/; https://api.fiscaldata.treasury.gov/services/api/fiscal_service/v1/accounting/mts/mts_table_4?filter=record_date:eq:2025-09-30&page%5Bsize%5D=100,https://archive.org/details/FOXNEWSW_20251203_130000_FOX_and_Friends/start/668/end/728,SwampForce Editor,,,
