Claim,Truth_Source_URL,Who_Pushed_It,Approximate_Duration,Deception_Form,Category_Tag,Item_ID,Notes,Evidence_Level,Primary_Source_URL,Proof_Basis,Correction_Visibility
"That Trump called neo-Nazis / white supremacists at Charlottesville “very fine people” (or “very good people”).
Began: Aug 15, 2017 | Ended: No ending date (still repeated)",https://www.snopes.com/fact-check/trump-very-fine-people/,Widespread media framing; Joe Biden campaign ads/speeches; Sen. Chuck Schumer and many other politicians,years of campaign recirculation,misquote / truncation,misquote / false,1,"Primary record: In the Aug. 15, 2017 Trump Tower transcript Trump says 'very fine people, on both sides' while expressly excluding 'neo-Nazis and the White nationalists' who 'should be condemned totally.'",Proven false,https://www.presidency.ucsb.edu/documents/remarks-infrastructure-and-exchange-with-reporters-new-york-city,Original transcript/video,Never corrected — fact-checked only
"Trump “has yet once to condemn white supremacy, the neo-Nazis. He hasn’t condemned a darn thing.”
Began: Feb 9, 2020 | Ended: Feb 11, 2020 (FactCheck.org)",https://www.factcheck.org/2020/02/trump-has-condemned-white-supremacists/,"Joe Biden (ABC This Week, Feb. 2020)",~2 days until FactCheck.org (Feb 2020),false attribution of words/intent (denial of documented condemnations),false,2,"Primary record: The Aug. 14, 2017 White House statement has Trump condemning 'the KKK, neo-Nazis, white supremacists, and other hate groups' as 'criminals and thugs,' contradicting Biden's claim he never condemned them.",Proven false,https://trumpwhitehouse.archives.gov/briefings-statements/statement-president-trump/,Official record,Never corrected — fact-checked only
"Photos of children in chain-link holding cells showed what was “happening right now” under Trump.
Began: May 27, 2018 | Ended: May 27, 2018 (Favreau correction/delete)",https://politifact.com/factchecks/2018/may/29/donald-trump/trump-correctly-tweets-democrats-mistakenly-tweete/,Jon Favreau (former Obama speechwriter); Antonio Villaraigosa; other activists/journalists who shared the images as current Trump-era scenes,"~hours until corrections/deletes (May 27, 2018)",false photo/video attribution,false,3,,Proven false,,Outlet's own correction,Appended correction line
"Early framing that MAGA-hatted Covington students instigated conflict, blocked Nathan Phillips, taunted him, and chanted “Build that wall”.
Began: Jan 19, 2019 | Ended: Mar 1, 2019 (WaPo editor’s note)",https://www.washingtonpost.com/nation/2019/03/01/editors-note-related-lincoln-memorial-incident/,"The Washington Post, CNN, and other major outlets; viral social amplification","weeks until WaPo editor’s note (Mar 1, 2019); settlements 2020",premature “proven” framing / retracted invention (+ later via editor’s note settlements),retracted/corrected,4,CNN and WaPo settlements; terms largely confidential,Proven false,https://storage.courtlistener.com/recap/gov.uscourts.kyed.88372/gov.uscourts.kyed.88372.81.0.pdf,Official record,Retraction after legal threat/settlement
"Linked Trump ally Anthony Scaramucci to a Russian investment fund in a way CNN later said did not meet standards.
Began: Jun 22, 2017 | Ended: Jun 23, 2017 (CNN retraction)",https://apnews.com/article/b38b7c50ea64423f96c40cca24221b15,"CNN (online investigative story, June 2017)","~1 day until CNN retraction (Jun 23, 2017)",retracted invention,retracted/corrected,5,,Proven false,https://apnews.com/article/b38b7c50ea64423f96c40cca24221b15,Outlet's own correction,Appended correction line
"Email gave Trump campaign advance access to WikiLeaks documents (implied pre-release tip on Sept. 4, 2016).
Began: Dec 8, 2017 | Ended: Dec 8, 2017 (CNN correction)",https://money.cnn.com/2017/12/08/media/cnn-correction-email-story/index.html,CNN (Dec. 2017),"hours–same day until CNN correction (Dec 8, 2017)",retracted invention,retracted/corrected,6,,Proven false,https://money.cnn.com/2017/12/08/media/cnn-correction-email-story/index.html,Outlet's own correction,Appended correction line
"Comey would refute Trump’s claim that Comey told him he was not personally under investigation.
Began: Jun 6, 2017 | Ended: Jun 7, 2017 (CNN correction)",https://www.washingtonpost.com/blogs/erik-wemple/wp/2017/06/07/cnn-corrects-comey-testimony-prediction-story/,"CNN (June 2017, ahead of Comey testimony)","~1 day until CNN correction (Jun 7, 2017)",retracted invention,retracted/corrected,7,,Proven false,https://www.washingtonpost.com/blogs/erik-wemple/wp/2017/06/07/cnn-corrects-comey-testimony-prediction-story/,Outlet's own correction,Appended correction line
"Flynn prepared to testify that candidate Trump directed him to contact Russians during the campaign.
Began: Dec 1, 2017 | Ended: Dec 1, 2017 (ABC correction)",https://apnews.com/article/78440c185b7c49b39573257ad3353295,"ABC News, Brian Ross (Dec. 1, 2017 special report)",hours (same-day ABC correction; Ross suspended Dec 2),retracted invention (timeline error with major implications),retracted/corrected,8,,Proven false,https://apnews.com/article/78440c185b7c49b39573257ad3353295,Outlet's own correction,Appended correction line
"Trump personally instructed Cohen to lie to Congress about Trump Tower Moscow timing.
Began: Jan 17, 2019 | Ended: Jan 18, 2019 (Mueller office statement)",https://www.npr.org/2019/01/18/686532446/buzzfeed-trump-directed-cohen-to-lie-to-congress-about-a-trump-tower-in-moscow,BuzzFeed News (Jan. 2019),"~1 day until Mueller office dispute (Jan 18, 2019)",premature “proven” framing (SCO dispute),false,9,"BuzzFeed stood by story; SCO said description “not accurate”
Also: https://web.archive.org/web/20200315000000id_/https://www.justice.gov/storage/report_volume2.pdf
Primary record: Mueller Report Vol. II recounts Cohen's false congressional statements and a 'party line' via the President's personal counsel; it does not establish that Trump personally directed Cohen to lie to Congress as BuzzFeed claimed.
Official copy (justice.gov archives; may require browser): https://www.justice.gov/archives/sco/file/1373816/dl",Proven false,https://web.archive.org/web/20200315000000id_/https://www.justice.gov/storage/report_volume2.pdf,Official record,Never corrected — fact-checked only
"Dossier’s core conspiracy claims (e.g., sustained Trump–Russia criminal coordination, Prague meeting, etc.) presented as investigative foundation or validated.
Began: Jan 10, 2017 | Ended: Apr 18, 2019 (Mueller report); May 15, 2023 (Durham)",https://www.justice.gov/storage/durhamreport.pdf,"BuzzFeed (published full unverified dossier Jan. 10, 2017); extensive cable/network amplification of dossier allegations as serious/credible",years until Mueller (Apr 2019) / Durham (May 2023),premature “proven” framing,misleading,10,BuzzFeed labeled dossier unverified at publication; amplification treated as validated,Proven false,https://www.justice.gov/storage/durhamreport.pdf,Official record,Unknown
"There was “more than circumstantial evidence” of Trump–Russia collusion; collusion portrayed as established fact ahead of Mueller.
Began: 2017 | Ended: Apr 18, 2019 (Mueller report)",https://www.justice.gov/d9/report.pdf,Rep. Adam Schiff and many media/political voices (2017–2019),"months–years until Mueller report (Apr 18, 2019)",premature “proven” framing,misleading,11,,Proven false,https://www.justice.gov/d9/report.pdf,Official record,Unknown
"Trump told Americans drinking bleach could help with COVID-19.
Began: Jul 9, 2020 | Ended: No ending date (still repeated)",https://politifact.com/factchecks/2020/jul/11/joe-biden/no-trump-didnt-tell-americans-infected-coronavirus/,"Joe Biden (July 9, 2020 speech)",Not clearly documented,misquote / truncation / false attribution of words/intent,false / misleading,12,"Primary record: The April 23, 2020 White House briefing transcript shows Trump asking whether disinfectant could be used 'by injection' or 'almost a cleaning,' not telling Americans to drink bleach.",Proven false,https://trumpwhitehouse.archives.gov/briefings-statements/remarks-president-trump-vice-president-pence-members-coronavirus-task-force-press-briefing-31/,Original transcript/video,Never corrected — fact-checked only
"Trump said undocumented immigrants (generally) “aren’t people… these are animals”.
Began: May 2018 | Ended: Not clearly documented",https://www.factcheck.org/2018/05/trumps-and-pelosis-immigration-spat/,Nancy Pelosi; some news headlines/coverage (May 2018),Not clearly documented,omitted context,misleading,13,"Primary record: The May 16, 2018 White House sanctuary-state roundtable transcript shows Trump saying 'These aren't people. These are animals' in the context of discussing MS-13 gang members, not undocumented immigrants generally.",Rated misleading,https://trumpwhitehouse.archives.gov/briefings-statements/remarks-president-trump-california-sanctuary-state-roundtable/,Original transcript/video,Never corrected — fact-checked only
"Park Police cleared peaceful protesters from Lafayette Square specifically to enable Trump’s Bible photo opportunity.
Began: Jun 1, 2020 | Ended: Jun 9, 2021 (Interior IG report)",https://www.oversight.gov/sites/default/files/documents/reports/2021-06/SpecialReviewUSPPActionsAtLafayetteParkPublic.pdf,"Widespread media framing after June 1, 2020 St. John’s Church visit","~1 year until Interior IG report (Jun 9, 2021)",false attribution of words/intent / omitted context (motive),misleading,14,"IG did not find clearing done for photo-op; separate debates on irritants remain
Primary record: DOI OIG's Lafayette Park special review finds USPP cleared the park to install antiscale fencing after officer injuries and property damage, and evidence did not support clearing it so Trump could walk to St. John's Church.",Rated misleading,https://www.doioig.gov/sites/default/files/media/document/2021-09/SpecialReview_USPPActionsAtLafayettePark_FOIAReadingRoom.pdf,Official record,Never corrected — fact-checked only
"NY Post laptop story had “all the classic earmarks of Russian information operations” (often flattened in coverage to “is Russian disinfo”).
Began: Oct 19, 2020 | Ended: No ending date (still repeated)",https://www.politico.com/news/2020/10/19/hunter-biden-story-russian-disinfo-430276,"51 former intelligence officials (Oct. 19, 2020 public letter); media/political amplification treating story as likely Russian op; social platforms limited NY Post story",months–years until authentication / platform walk-backs,premature “proven” framing,misleading,15,"Primary record: The House Judiciary/Weaponization interim staff report documents the FBI already possessed Hunter Biden's laptop and that DOJ later authenticated it in court, undercutting the 'classic earmarks of Russian disinfo' framing of the NY Post story.",Rated misleading,https://permanent.fdlp.gov/gpo234285/FBI-Election-Interference-Report-FINAL--10-30-24-.pdf,Official record,Never corrected — fact-checked only
"Smollett was attacked by Trump supporters / MAGA assailants in a hate crime reflecting Trump-era racism.
Began: Jan 29, 2019 | Ended: Feb 21, 2019 (police staged-attack finding)",https://apnews.com/article/debab6fce9db4e36b8e620b0b38e3258,"Media and politicians (e.g., Kamala Harris tweet calling it an “attempted modern-day lynching”) who treated Smollett’s account—MAGA attackers, rope, Trump-era climate—as factual","weeks until police staged finding (Feb 21, 2019); conviction later",inflammatory false premise / premature “proven” framing,false,20,IL Supreme Court 2024 procedural reversal on special prosecutor; staging finding remains basis,Proven false,https://apnews.com/article/debab6fce9db4e36b8e620b0b38e3258,Fact-check only,Unknown
"Tweet framing of Megyn Kelly–Putin interview overstated what Putin said regarding compromising info on Trump.
Began: Jun 5, 2017 | Ended: Jun 5, 2017 (NBC correction)",https://www.poynter.org/fact-checking/2017/not-fake-news-just-plain-wrong-top-media-corrections-of-2017/,NBC News (June 2017 tweet),"hours–same day until NBC correction (Jun 5, 2017)",misquote / truncation / retracted invention,retracted/corrected,21,,Proven false,,Outlet's own correction,Appended correction line
"Speculative story connecting an Obama Hawaii trip to judicial action on Trump’s travel ban.
Began: Mar 2017 | Ended: Mar 16, 2017 (IJR retraction)",https://www.poynter.org/fact-checking/2017/not-fake-news-just-plain-wrong-top-media-corrections-of-2017/,Independent Journal Review (2017),"days until IJR retraction (Mar 16, 2017)",retracted invention,retracted/corrected,22,,Proven false,,Outlet's own correction,Appended correction line
"Memes asserting Trump praised neo-Nazis as fine people, often omitting the condemnation sentence.
Began: 2017 | Ended: No ending date (still repeated)",https://politifact.com/article/2019/apr/26/context-trumps-very-fine-people-both-sides-remarks/,Viral social posts; memes recirculating truncated Charlottesville quotes,years of meme recirculation,misquote / truncation,misquote,23,"Primary record: The full Aug. 15, 2017 transcript supplies the condemnation sentence memes omit: Trump excludes neo-Nazis and white nationalists from 'very fine people' and says they 'should be condemned totally.'",Rated misleading,https://www.presidency.ucsb.edu/documents/remarks-infrastructure-and-exchange-with-reporters-new-york-city,Original transcript/video,Never corrected — fact-checked only
"Extreme versions on both sides; documented overstatements that Mueller “exonerated” on obstruction or that he proved criminal collusion.
Began: Mar 24, 2019 | Ended: Apr 18, 2019 (Mueller report)",https://www.justice.gov/d9/report.pdf,Cable news and print commentary equating “no conspiracy” with “Mueller found nothing” or continuing to say “collusion proven” after the report,"weeks until full Mueller report (Apr 18, 2019)",omitted context / premature “proven” framing,misleading,25,,Proven false,https://www.justice.gov/d9/report.pdf,Official record,Unknown
"Absolute framing that there were no serious FBI process failures regarding Trump–Russia investigation.
Began: 2017 | Ended: May 15, 2023 (Durham report)",https://www.justice.gov/storage/durhamreport.pdf,Politicians/networks that treated all criticism of Crossfire Hurricane/FISA as baseless “conspiracy theory”,"years until Durham report (May 15, 2023)",omitted context (process failures erased by absolute dismissal),misleading,26,Durham found process failures without proving broad criminal “deep state” conspiracy,Proven false,https://www.justice.gov/storage/durhamreport.pdf,Official record,Unknown
"Absolute claims that no chemical irritants / tear gas were used, or that Park Police used CS tear gas for the photo-op.
Began: Jun 1, 2020 | Ended: Jun 9, 2021 (Interior IG report)",https://www.oversight.gov/sites/default/files/documents/reports/2021-06/SpecialReviewUSPPActionsAtLafayetteParkPublic.pdf,White House (“no tear gas”) vs media (“tear gas used”); politicians on both sides,"~1 year until Interior IG report (Jun 9, 2021)",omitted context,misleading,27,"Primary record: DOI OIG finds USPP did not authorize CS tear gas for the June 1, 2020 clearing and that officers used pepper balls/smoke; it also rejects the claim clearing was solely for Trump's church photo-op.",Rated misleading,https://www.doioig.gov/sites/default/files/media/document/2021-09/SpecialReview_USPPActionsAtLafayettePark_FOIAReadingRoom.pdf,Official record,Never corrected — fact-checked only
"Implied timing that the cage photos were contemporary Trump policy images.
Began: May 2018 | Ended: May 2018 (Silverstein acknowledgment)",https://politifact.com/factchecks/2018/may/29/donald-trump/trump-correctly-tweets-democrats-mistakenly-tweete/,Jake Silverstein (NYT Magazine editor-in-chief) and others who retweeted 2014 photos implying they were current Trump-era images,hours–days until acknowledgment (May 2018),false photo/video attribution,false / retracted/corrected,28,,Proven false,,Fact-check only,Never corrected — fact-checked only
"Tweet expressing horror at cage photos as if depicting then-current Trump admin conditions (“Speechless. This is not who we are as a nation.”).
Began: May 2018 | Ended: Not clearly documented",https://apnews.com/article/a98f26f7c9424b44b7fa927ea1acd4d4,Antonio Villaraigosa (then CA gubernatorial candidate),Not clearly documented,false photo/video attribution,false,29,,Proven false,https://apnews.com/article/a98f26f7c9424b44b7fa927ea1acd4d4,Fact-check only,Never corrected — fact-checked only
"Initial piece harshly condemning Covington students based on incomplete video.
Began: Jan 2019 | Ended: Jan 22, 2019 (National Review apology/retraction)",https://www.washingtonpost.com/nation/2019/03/01/editors-note-related-lincoln-memorial-incident/,National Review (Jan. 2019),"days until National Review retraction (Jan 22, 2019)",premature “proven” framing / retracted invention,retracted/corrected,30,,Proven false,https://www.washingtonpost.com/nation/2019/03/01/editors-note-related-lincoln-memorial-incident/,Outlet's own correction,Appended correction line
"Supreme Court “ratified Donald Trump’s ‘total and complete shutdown’ of Muslims entry into the United States”.
Began: Jun 26, 2018 | Ended: Not clearly documented",https://www.supremecourt.gov/opinions/17pdf/17-965_h315.pdf,"Rep. Keith Ellison (tweet, June 26, 2018, after Trump v. Hawaii)",Not clearly documented,policy-scope inflation / false attribution of words/intent,false / misleading,33,,Proven false,https://www.supremecourt.gov/opinions/17pdf/17-965_h315.pdf,Official record,Unknown
"Unverified allegation that Russian oligarchs secretly guaranteed / co-signed Trump’s Deutsche Bank loans.
Began: Aug 27, 2019 | Ended: Aug 28, 2019 (O’Donnell retraction)",https://apnews.com/article/5f32c14a803e43359dff5e8151dade4c,"Lawrence O’Donnell, MSNBC (Aug. 27, 2019 broadcast)","~1 day until O’Donnell retraction (Aug 28, 2019)",retracted invention,retracted/corrected,34,,Proven false,https://apnews.com/article/5f32c14a803e43359dff5e8151dade4c,Outlet's own correction,Appended correction line
"Mueller “told us… that but for the Department of Justice policy prohibiting [him] from doing so, he would have indicted President Trump”.
Began: Jul 26, 2019 | Ended: Not clearly documented",https://www.factcheck.org/2019/07/nadler-misrepresents-mueller-testimony/,"Rep. Jerrold Nadler (July 26, 2019 press conference after Mueller testimony)",Not clearly documented,false attribution of words/intent / omitted context,misleading / false,35,"Primary record: Mueller's July 24, 2019 House Judiciary testimony (official hearing record) states DOJ policy and fairness led him not to make a traditional prosecution decision on the President—not that he would have indicted but for OLC policy as Nadler framed it.",Rated misleading,https://www.govinfo.gov/content/pkg/CHRG-116hhrg38243/html/CHRG-116hhrg38243.htm,Official record,Never corrected — fact-checked only
"Presented a dramatized “essence” of the Trump–Zelensky call including invented lines (e.g., repeated demands to “make up dirt,” “don’t call us again” until demands met) that are not in the White House call memorandum.
Began: Sep 2019 | Ended: Not clearly documented",https://www.factcheck.org/2019/10/schiffs-parody-and-trumps-response/,"Rep. Adam Schiff (House Intelligence hearing opening, Sept. 2019)",Not clearly documented,false attribution of words/intent / misquote / truncation,misleading / misquote,36,,Rated misleading,,Fact-check only,Never corrected — fact-checked only
"Martin Luther King Jr. bust had been removed from the Oval Office under Trump.
Began: Jan 20, 2017 | Ended: Jan 20, 2017 (TIME/Miller correction)",https://politifact.com/article/2017/jan/22/context-winston-churchill-and-mlk-busts/,TIME; pool reporter Zeke Miller (Jan. 2017),"minutes–hours (same-day correction, Jan 20, 2017)",retracted invention / false photo/video attribution (visual misread),retracted/corrected,37,,Proven false,,Outlet's own correction,Appended correction line
"Russian government hackers penetrated the U.S. electricity grid through a Vermont utility.
Began: Dec 30, 2016 | Ended: Jan 2, 2017 (WaPo follow-up/correction)",https://www.snopes.com/fact-check/report-vermont-power-grid-infiltrated-by-russian-hackers/,"The Washington Post (Dec. 30, 2016; early Trump-transition coverage widely used against Trump–Russia narrative climate)","days until WaPo correction/follow-up (Jan 2, 2017)",premature “proven” framing / retracted invention,retracted/corrected,38,,Proven false,,Outlet's own correction,Appended correction line
"Identified Belarusian-American businessman Sergei Millian as a key Steele dossier source for Trump–Russia allegations.
Began: Mar 2017 | Ended: Nov 12, 2021 (WaPo removed portions)",https://www.washingtonpost.com/lifestyle/style/media-washington-post-steele-dossier/2021/11/12/f7c9b770-43d5-11ec-a88e-2aa4632af69b_story.html,The Washington Post (2017 and 2019 stories),"years until large portions removed (Nov 12, 2021)",retracted invention,retracted/corrected,39,Post removed large portions after Danchenko indictment; editor’s notes added,Proven false,,Fact-check only,Editor's note at bottom of article
"Early framing that Manafort wanted polling data passed to Russian oligarch Oleg Deripaska.
Began: Jan 8, 2019 | Ended: Jan 9, 2019 (NYT correction)",https://www.nytimes.com/2019/01/08/us/politics/manafort-trump-campaign-data-kilimnik.html,The New York Times (Jan. 2019),"~1 day until NYT correction (Jan 9, 2019)",retracted invention,retracted/corrected,40,,Proven false,https://www.nytimes.com/2019/01/08/us/politics/manafort-trump-campaign-data-kilimnik.html,Outlet's own correction,Appended correction line
"Trump, through Trump Org interest in NYC building, currently owes Bank of China tens of millions due in 2022—complicating China-hawk attacks on Biden.
Began: Apr 24, 2020 | Ended: Apr 27, 2020 (POLITICO editor’s note)",https://www.politico.com/news/2020/04/27/politicos-reporting-on-president-trump-and-the-bank-of-china-214107,"POLITICO (April 24, 2020)","days until POLITICO editor’s note (Apr 27, 2020)",retracted invention,retracted/corrected,41,,Proven false,,Outlet's own correction,Editor's note at bottom of article
"Trump’s budget cuts $845 billion from Medicare (implying benefit slash).
Began: 2019 | Ended: Not clearly documented",https://politifact.com/factchecks/2019/mar/26/joe-biden/trump-medicare-budget-cuts-billion/,Joe Biden (2019 campaign remarks),Not clearly documented,omitted context (fabricated-severity figure),misleading,46,"Primary record: OMB's FY2020 Major Savings and Reforms Medicare chapters describe proposed savings via provider-payment reforms, GME/uncompensated-care reclassification, and fraud/waste measures, while stating the aim of protecting Medicare for seniors—not a benefit-slash package.",Rated misleading,https://www.govinfo.gov/content/pkg/BUDGET-2020-MSV/pdf/BUDGET-2020-MSV.pdf,Official record,Never corrected — fact-checked only
"Federal investigators had a wiretap on Cohen’s phones (implying listening to calls), including a White House-linked call.
Began: May 3, 2018 | Ended: May 3, 2018 (NBC correction)",https://apnews.com/general-news-television-02654755a4464a05b7fe68cc507a45d0,"NBC News (May 3, 2018)","hours (same-day NBC correction, May 3, 2018)",retracted invention,retracted/corrected,49,,Proven false,https://apnews.com/general-news-television-02654755a4464a05b7fe68cc507a45d0,Outlet's own correction,Appended correction line
"Trump said of Turkey’s Syria operation that it is “not our problem”.
Began: Oct 16, 2019 | Ended: Oct 16, 2019 (ABC/NBC corrections)",https://abcnews.com/Politics/trump-turkey-syria-problem/story?id=66319063,"ABC News, NBC News, and other outlets relying on flawed pool report (Oct. 16, 2019)","hours–same day until ABC/NBC corrections (Oct 16, 2019)",misquote / truncation,misquote / retracted/corrected,50,,Proven false,https://abcnews.com/Politics/trump-turkey-syria-problem/story?id=66319063,Outlet's own correction,Appended correction line
"Footage presented as depicting Turkish military attack on Kurds in Syria amid criticism of Trump’s Syria withdrawal.
Began: Oct 13, 2019 | Ended: Oct 14, 2019 (ABC apology)",https://apnews.com/arts-and-entertainment-general-news-television-programs-a2685a2439e6425d8d46db2bb1aa3f7a,"ABC News (World News Tonight; GMA, Oct. 2019)","~1 day until ABC apology (Oct 14, 2019)",false photo/video attribution,retracted/corrected / false,51,"Footage was from Knob Creek Machine Gun Shoot, Kentucky, not Syria (ABC later regretted the error). Aired during Turkey's offensive after Trump's Syria pullback; Snopes also documented ABC's regret statement. Also: https://www.snopes.com/fact-check/abc-video-syrian-war-footage/; https://www.usatoday.com/story/news/world/2019/10/15/abc-news-airs-knob-creek-kentucky-gun-range-video-as-syria-bombing/3984400002/",Proven false,https://apnews.com/arts-and-entertainment-general-news-television-programs-a2685a2439e6425d8d46db2bb1aa3f7a,Outlet's own correction,Appended correction line
"Trump “banned Muslims” / banned all Muslim entry to the U.S.
Began: 2017 | Ended: No ending date (still repeated)",https://www.factcheck.org/2018/06/trumps-travel-ban-doesnt-affect-all-muslims/,"Politicians, activists, and many headlines (2017–2018) treating EO/proclamation as banning Muslims as such",months–years of shorthand (2017–2018+),policy-scope inflation / omitted context,misleading,52,,Rated misleading,,Official record,Unknown
"That Trump called the coronavirus / COVID-19 a “hoax”.
Began: Feb 28, 2020 | Ended: No ending date (still repeated)",https://www.factcheck.org/2020/03/trump-and-the-new-hoax/,Priorities USA Action ad; Mike Bloomberg; Terry McAuliffe; other Democrats (Feb–Apr 2020),weeks–months of 2020 ad/campaign recirculation,misquote / truncation / omitted context,misleading / misquote,56,"Primary record: The Feb. 28, 2020 North Charleston rally transcript shows Trump calling Democrats' politicization of coronavirus 'their new hoax,' not labeling the disease itself a hoax.",Rated misleading,https://www.presidency.ucsb.edu/documents/remarks-keep-america-great-rally-charleston-south-carolina,Original transcript/video,Never corrected — fact-checked only
"Donald Trump says “all Mexicans are rapists”.
Began: Aug 2016 | Ended: Not clearly documented",https://www.politifact.com/factchecks/2016/aug/08/tim-kaine/tim-kaine-falsely-says-trump-said-all-mexicans-are/,Sen. Tim Kaine (Aug. 2016 TV interview as Clinton running mate),Not clearly documented,policy-scope inflation / misquote / truncation,false,57,"Primary record: The June 16, 2015 campaign-announcement transcript has Trump saying Mexico is 'sending' people who include 'rapists' and 'some, I assume, are good people,' not that 'all Mexicans are rapists.'",Proven false,https://www.presidency.ucsb.edu/documents/remarks-announcing-candidacy-for-president-new-york-city,Original transcript/video,Never corrected — fact-checked only
"Trump told Georgia investigator Frances Watson to “find the fraud” and that she would be a “national hero” if she did.
Began: Jan 9, 2021 | Ended: Mar 16, 2021 (WaPo correction)",https://www.washingtonpost.com/opinions/2021/03/16/washington-post-correction-trump-call-georgia-investigator/,"The Washington Post (Jan. 9, 2021 story; corrected Mar. 2021 after audio release)","~2 months until WaPo correction (Mar 16, 2021)",retracted invention / misquote / truncation,retracted/corrected,60,,Proven false,https://www.washingtonpost.com/opinions/2021/03/16/washington-post-correction-trump-call-georgia-investigator/,Outlet's own correction,Appended correction line
"Trump’s CIA nominee Gina Haspel ran the Thailand black site during Abu Zubaydah’s waterboarding and mocked his suffering.
Began: Feb 2017 | Ended: Mar 15, 2018 (ProPublica correction)",https://apnews.com/article/europe-carter-page-cia-925492c0b3dce9c347bdcd46658d1543,"ProPublica (Feb. 2017; major correction Mar. 15, 2018 amid Haspel CIA-director nomination)","~1 year until ProPublica major correction (Mar 15, 2018)",retracted invention,retracted/corrected,61,,Proven false,https://apnews.com/article/europe-carter-page-cia-925492c0b3dce9c347bdcd46658d1543,Outlet's own correction,Appended correction line
"Trump was “talking about exterminating Latinos”.
Began: Aug 5, 2019 | Ended: Aug 6, 2019 (Wallace apology)",https://www.politifact.com/factchecks/2019/aug/08/nicolle-wallace/no-trump-hasnt-talked-about-exterminating-latinos/,"Nicolle Wallace, MSNBC (Aug. 2019, after El Paso)","~1 day until Wallace apology (Aug 6, 2019)",false attribution of words/intent / inflammatory false premise,false / retracted/corrected,62,,Proven false,,Outlet's own correction,Appended correction line
"Framing via shortened clip that AG Barr’s Flynn dismissal undermined rule of law / was lawless.
Began: May 10, 2020 | Ended: May 12, 2020 (Todd/NBC apology)",https://apnews.com/article/731c44e0e4e5492ce4d52c717609b7f4,NBC Meet the Press; Chuck Todd (May 2020),"days until Todd/NBC on-air apology (May 12, 2020)",omitted context / misquote / truncation,retracted/corrected / misleading,63,,Proven false,https://apnews.com/article/731c44e0e4e5492ce4d52c717609b7f4,Outlet's own correction,Appended correction line
"Photo implying sparse attendance at Trump’s Pensacola rally.
Began: Dec 8, 2017 | Ended: Dec 8, 2017 (Weigel delete/apology)",https://apnews.com/united-states-government-national-ec42044634284abc8942d93f4a1299e4,"Dave Weigel, Washington Post (Dec. 8, 2017 tweet)","hours (same-day delete/apology, Dec 8, 2017)",false photo/video attribution / omitted context,retracted/corrected,64,,Proven false,https://apnews.com/united-states-government-national-ec42044634284abc8942d93f4a1299e4,Outlet's own correction,Appended correction line
"That State’s entire senior management team “just resigned” as protest against Trump.
Began: Jan 26, 2017 | Ended: Jan 27, 2017 (context reporting)",https://www.snopes.com/news/2017/01/26/senior-state-department-officials-resign/,"Josh Rogin, Washington Post (Jan. 26, 2017 blog/headline framing); viral amplification as mass anti-Trump revolt","days of viral framing until context reporting (Jan 27, 2017)",omitted context / policy-scope inflation,misleading,65,,Rated misleading,,Fact-check only,Never corrected — fact-checked only
"Phone records / intercepts showed Trump campaign aides had repeated contacts with Russian intelligence officials.
Began: Feb 14, 2017 | Ended: Jun 8, 2017 (Comey testimony)",https://www.nytimes.com/2017/02/14/us/politics/russia-intelligence-communications-trump.html,"The New York Times (Feb. 14, 2017)","months until Comey testimony contradicted (Feb→Jun 8, 2017)",premature “proven” framing,misleading,66,Times stood by reporting; Comey said story “in the main… not true” Merged batch7 stronger evidence (Official record).,Proven false,https://www.intelligence.senate.gov/sites/default/files/documents/os-jcomey-060817.pdf,Official record,Never corrected — fact-checked only
"Special Counsel Mueller had subpoenaed Deutsche Bank for Trump’s personal/family bank records.
Began: Dec 5, 2017 | Ended: Dec 6, 2017 (Bloomberg/WSJ corrections)",https://www.reuters.com/article/world/trump-lawyer-denies-deutsche-bank-got-subpoena-on-trump-accounts-idUSKBN1DZ0XH/,"Bloomberg News; Wall Street Journal (Dec. 5, 2017)","~1 day until Bloomberg/WSJ corrections (Dec 6, 2017)",retracted invention,retracted/corrected,67,,Proven false,https://www.reuters.com/article/world/trump-lawyer-denies-deutsche-bank-got-subpoena-on-trump-accounts-idUSKBN1DZ0XH/,Outlet's own correction,Appended correction line
"Cover package used Yanela Sanchez’s crying photo to symbolize Trump family-separation policy in a way that implied this child was taken from her mother.
Began: Jun 2018 | Ended: Jun 19, 2018 (TIME article-line correction)",https://apnews.com/article/685ff48c1b814f1fb8c32f62ea6dcb91,TIME magazine (June 2018 cover; related online text),"days until TIME article-line correction (Jun 19, 2018)",false photo/video attribution / omitted context,misleading / false,68,TIME corrected “carried away” line; defended symbolic cover use,Rated misleading,https://apnews.com/article/685ff48c1b814f1fb8c32f62ea6dcb91,Outlet's own correction,Appended correction line
"Colorful “facts” about a Trump-supporting Midwestern town (characters, quotes, a “Mexicans Keep Out” sign, election details).
Began: 2017 | Ended: Dec 19, 2018 (Spiegel Relotius scandal)",https://www.spiegel.de/international/zeitgeist/claas-relotius-reporter-forgery-scandal-a-1244755.html,"Der Spiegel reporter Claas Relotius (2017 feature on Fergus Falls, Minnesota as Trump-country archetype); CNN International had honored Relotius previously","months–~1 year until Relotius confession / Spiegel removal (Dec 19, 2018)",retracted invention,retracted/corrected / false,69,,Proven false,,Fact-check only,Never corrected — fact-checked only
"Pressed Trump that South Korea had done ~5× more COVID tests per capita than the U.S.
Began: Apr 28, 2020 | Ended: Apr 28, 2020 (Birx correction + Walker apology)",https://apnews.com/arts-and-entertainment-general-news-8abb428b94c45a621c80a82eba8e3ea7,"Hunter Walker, Yahoo News (Apr. 28, 2020 Oval Office exchange)","hours (same-briefing Birx correction + apology, Apr 28, 2020)",retracted invention,retracted/corrected,70,,Proven false,https://apnews.com/arts-and-entertainment-general-news-8abb428b94c45a621c80a82eba8e3ea7,Outlet's own correction,Appended correction line
"Video of overcrowded hospital ward presented in reporting on New York (and later Pennsylvania) COVID crisis.
Began: Mar 25, 2020 | Ended: Mar 30, 2020 (CBS admitted error/removal)",https://www.snopes.com/fact-check/cbs-news-italian-hospital/,CBS This Morning; CBS News (late Mar–Apr 2020),"days until CBS removed clip / admitted error (Mar 30, 2020)",false photo/video attribution,retracted/corrected / false,71,,Proven false,,Fact-check only,Never corrected — fact-checked only
"Sen. Tom Cotton was repeating a “coronavirus conspiracy theory that was already debunked” (lab-origin discussion tied to Trump-era China scrutiny).
Began: Feb 16, 2020 | Ended: Jun 2021 (WaPo editor’s note)",https://www.washingtonpost.com/politics/2020/02/16/tom-cotton-coronavirus-conspiracy/,"The Washington Post; Paulina Firozi (Feb. 16, 2020 piece; corrected June 2021)",~16 months until WaPo editor’s note (Feb 2020→Jun 2021),premature “proven” framing / retracted invention,retracted/corrected,72,,Proven false,https://www.washingtonpost.com/politics/2020/02/16/tom-cotton-coronavirus-conspiracy/,Outlet's own correction,Editor's note at bottom of article
"Trump called Robert E. Lee “incredible”.
Began: Oct 12, 2018 | Ended: Oct 14, 2018 (NBC correction)",https://www.huffpost.com/entry/nbc-news-trump-robert-e-lee_n_5bc3813de4b0bd9ed55b2eda,NBC News social/video post (Oct. 2018 Ohio rally coverage),"days until NBC correction (Oct 14, 2018)",misquote / truncation / retracted invention,retracted/corrected / misquote,74,,Proven false,https://www.huffpost.com/entry/nbc-news-trump-robert-e-lee_n_5bc3813de4b0bd9ed55b2eda,Outlet's own correction,Appended correction line
"Agata Kornhauser-Duda deliberately refused Trump’s handshake.
Began: Jul 6, 2017 | Ended: Jul 6, 2017 (fuller video / Duda context)",https://www.snopes.com/fact-check/polish-first-lady-trump-handshake/,Newsweek and other outlets amplifying short clip (July 2017 Warsaw visit),"hours–same day until fuller video / Duda rebuttal (Jul 6, 2017)",omitted context / false photo/video attribution,misleading / false,76,Merged batch7 stronger evidence (Original transcript/video).,Proven false,https://sharylattkisson.substack.com/p/media-mistakes-in-reporting-on-donald,Original transcript/video,Appended correction line
"Framing that Trump awkwardly/impulsively dumped the whole box while Abe behaved properly.
Began: Nov 6, 2017 | Ended: Not clearly documented",https://www.snopes.com/fact-check/did-trump-impatiently-dump-fish-food-in-japanese-koi-pond/,"CNN and many outlets (Nov. 6, 2017 Abe–Trump koi feeding)",Not clearly documented,omitted context / false photo/video attribution,misleading,77,Merged batch7 stronger evidence (Original transcript/video).,Proven false,https://www.cnn.com/videos/world/2017/11/06/trump-japan-koi-fish-food-lon-orig-ejk.cnn,Original transcript/video,Appended correction line
"All 17 U.S. intelligence agencies concluded Russia intervened to help Trump.
Began: 2016 | Ended: No ending date (still repeated)",https://www.politifact.com/article/2017/jul/06/17-intelligence-organizations-or-four-either-way-r/,Hillary Clinton (debates/campaign); widespread media shorthand 2016–2017,months–years of shorthand (2016–2017+),policy-scope inflation / omitted context,misleading,78,"Primary record: The Jan. 6, 2017 ODNI ICA states the assessment was drafted/coordinated among CIA, FBI, and NSA—three agencies—not all 17 U.S. intelligence organizations.",Rated misleading,https://www.intelligence.senate.gov/sites/default/files/documents/ICA_2017_01.pdf,Official record,Never corrected — fact-checked only
"Evidence including cell data placed Michael Cohen near Prague around time of alleged Russia collusion meeting (Steele dossier plot point).
Began: Dec 2018 | Ended: Apr 18, 2019 (Mueller report)",https://www.justice.gov/d9/report.pdf,McClatchy (Dec. 2018 and related Cohen–Prague stories),"months until Mueller contradicted Prague travel (Apr 18, 2019)",premature “proven” framing,misleading / false,79,McClatchy largely stood by sources after Mueller; added editor’s notes,Proven false,https://www.justice.gov/d9/report.pdf,Official record,Editor's note at bottom of article
"Trump told Mexico’s president the U.S. might send troops into Mexico to take care of “bad hombres” (invasion/war framing in headlines).
Began: Feb 1, 2017 | Ended: Feb 2, 2017 (U.S./Mexico official pushback)",https://apnews.com/article/mexico-united-states-government-5972d796cb884da8902f492049ea05ef,"Associated Press (Feb. 1, 2017); wide pickup","~1 day until U.S./Mexico official pushback (Feb 2, 2017)",inflammatory false premise / omitted context,misleading,80,,Rated misleading,https://apnews.com/article/mexico-united-states-government-5972d796cb884da8902f492049ea05ef,Fact-check only,Unknown
"White House set up matching Twitter accounts for SCOTUS finalists to conceal the choice.
Began: Jan 31, 2017 | Ended: Jan 31, 2017 (Zeleny correction)",https://www.cnn.com/2017/01/30/politics/donald-trump-supreme-court-choice-announcement-coming-tuesday-8-p-m-,"Jeff Zeleny, CNN (Jan. 2017, before Gorsuch announcement)",hours–same day until Zeleny correction (Jan 2017),retracted invention,retracted/corrected,81,,Proven false,https://www.cnn.com/2017/01/30/politics/donald-trump-supreme-court-choice-announcement-coming-tuesday-8-p-m-,Outlet's own correction,Appended correction line
"“Undoubtedly, there is collusion” / “ample evidence of collusion in plain sight” framed as settled despite Mueller’s no-conspiracy finding.
Began: Mar 2019 | Ended: No ending date (still repeated)",https://www.politifact.com/article/2019/mar/25/what-democrats-said-about-trump-collusion-mueller/,Rep. Adam Schiff (Mar. 2019 interviews after Barr summary of Mueller),ongoing despite Mueller finding (from Mar 2019),premature “proven” framing / omitted context,misleading,82,"Distinct from pre-Mueller item 11; post-Barr absolute “collusion” framing
Primary record: Mueller Report Vol. I states the investigation 'did not establish that members of the Trump Campaign conspired or coordinated with the Russian government,' undercutting absolute 'undeniable collusion' framing.",Proven false,https://cdn.cnn.com/cnn/2019/images/04/18/mueller-report-searchable.pdf,Official record,Never corrected — fact-checked only
"Trump administration banned CDC officials from saying diversity, fetus, transgender, vulnerable, entitlement, evidence-based, science-based.
Began: Dec 15, 2017 | Ended: Not clearly documented",https://www.snopes.com/news/2017/12/15/trump-administration-bans-cdc-officials-using-certain-words/,Washington Post initial framing (Dec. 2017) and viral political amplification that Trump “banned” words at CDC,days–weeks of viral “speech ban” framing (Dec 2017–Jan 2018),policy-scope inflation / omitted context,misleading,83,,Rated misleading,,Fact-check only,Never corrected — fact-checked only
"AG Jeff Sessions told Comey not to call the Russia probe an “investigation” but a “matter”.
Began: Jun 8, 2017 | Ended: Jun 8, 2017 (Weisman correct/delete)",https://www.cbsnews.com/news/comey-says-ag-loretta-lynch-wanted-clinton-investigation-to-be-called-a-matter/,"Jonathan Weisman, New York Times (June 2017 tweet during Comey testimony)","hours (same-day correct/delete, Jun 8, 2017)",false attribution of words/intent / retracted invention,retracted/corrected / false,84,,Proven false,https://www.cbsnews.com/news/comey-says-ag-loretta-lynch-wanted-clinton-investigation-to-be-called-a-matter/,Fact-check only,Appended correction line
"Absolute framing that Horowitz found “no political bias” in the Trump–Russia probe (implying process fully vindicated).
Began: Dec 9, 2019 | Ended: Not clearly documented",https://www.justice.gov/storage/120919-examination.pdf,Multiple cable/print headlines after Dec. 2019 DOJ IG Horowitz FISA report,Not clearly documented,omitted context,misleading,85,,Proven false,https://www.justice.gov/storage/120919-examination.pdf,Official record,Unknown
"Capitol Police Officer Brian Sicknick was killed after being struck in the head with a fire extinguisher by Trump supporters during the Jan. 6 Capitol riot.
Began: Jan 8, 2021 | Ended: Feb 12, 2021 (NYT update questioning cause); Apr 19, 2021 (D.C. medical examiner: natural causes/stroke)",https://www.snopes.com/fact-check/brian-sicknick-fire-extinguisher/,The New York Times (initial report citing two law-enforcement officials); widespread cable/network amplification; House impeachment memorandum citing the extinguisher claim,about 5 weeks until NYT update; about 3.5 months until medical examiner ruling,"premature ""proven"" framing",retracted/corrected,86,"Sources were anonymous LE officials; ME ruled natural causes (stroke). Assault of officers including chemical spray still documented separately.
Primary record: U.S. Capitol Police's release of the D.C. medical examiner finding states Officer Brian Sicknick died of natural causes (acute brainstem and cerebellar infarcts), not from being struck with a fire extinguisher.",Proven false,https://www.uscp.gov/media-center/press-releases/medical-examiner-finds-uscp-officer-brian-sicknick-died-natural-causes,Official record,Never corrected — fact-checked only
"UN Ambassador Nikki Haley was responsible for a $52,701 curtain purchase at the UN envoy residence.
Began: Sep 13, 2018 | Ended: Sep 14, 2018 (NYT editors' note: unfair impression; lease/curtains decided under Obama admin)",https://www.businessinsider.com/new-york-times-nikki-haley-curtains-story-correction-2018-9,The New York Times,1 day until editors' note and headline/photo change,omitted context,retracted/corrected,87,Editors' note: article should not have focused on Haley nor used her photo.,Proven false,,Outlet's own correction,Editor's note at bottom of article
"ICE used Facebook data to find and track immigrants for immigration violations (as framed in original Intercept headline/lede).
Began: Mar 26, 2018 | Ended: Mar 26–27, 2018 (Intercept correction: documents showed a criminal suspect, not an immigration target; editor Ryan Grim inserted the error)",https://www.imediaethics.org/intercept-issues-correction-ice-facebook-story-says-editor-inserted-errors/,The Intercept (editor Ryan Grim); viral amplification framing Trump ICE as hunting immigrants via Facebook,hours until correction,retracted invention,retracted/corrected,88,Reporter Lee Fang's filing was accurate; Grim changed 'suspect' to 'immigrant.',Proven false,https://www.imediaethics.org/topics/apologies-retractions/,Outlet's own correction,Appended correction line
"The WHO offered COVID-19 test kits to the United States and the Trump administration refused/rejected them.
Began: Mar 15, 2020 | Ended: Mar 16, 2020 (PolitiFact Mostly False; WHO said no discussions about providing kits to the U.S.)",https://politifact.com/factchecks/2020/mar/16/joe-biden/biden-falsely-says-trump-administration-rejected-w/,Joe Biden (Democratic debate); viral Facebook posts,days of campaign amplification; fact-check next day,false attribution of words/intent,misleading,89,U.S. developed its own CDC test; WHO typically does not supply kits to countries with advanced lab capacity.,Proven false,,Fact-check only,Never corrected — fact-checked only
"The Trump administration made no effort to get U.S. medical experts into China early in the COVID outbreak.
Began: Mar 27, 2020 | Ended: Apr 1, 2020 (FactCheck.org: False; CDC offered a team Jan 6, 2020)",https://www.factcheck.org/2020/04/bidens-false-claim-on-trumps-response-to-coronavirus/,Joe Biden (CNN virtual town hall),about 5 days until FactCheck adjudication,retracted invention,false,90,China limited access; U.S. offers were documented by HHS/Azar.,Proven false,,Fact-check only,Never corrected — fact-checked only
"Trump 'cut' or 'slashed' CDC funding (presented as enacted cuts, not merely proposed).
Began: Feb 25–26, 2020 | Ended: Mar 3, 2020 (FactCheck.org: Congress rejected proposed cuts and often increased CDC funding)",https://www.factcheck.org/2020/03/democrats-misleading-coronavirus-claims/,Joe Biden; Mike Bloomberg; other Democrats,weeks of campaign messaging; ongoing variants,policy-scope inflation,misleading,91,Trump proposed CDC cuts; Congress did not enact them. Accurate to say he 'tried' to cut.,Rated misleading,,Fact-check only,Never corrected — fact-checked only
"Trump 'hasn't allowed his scientists to speak' / was 'muzzling' CDC/NIH scientists on COVID-19.
Began: Feb 28, 2020 | Ended: Mar 1–3, 2020 (FactCheck.org: went too far; Fauci said he was not muzzled; clearance process after Pence took over)",https://www.factcheck.org/2020/03/democrats-misleading-coronavirus-claims/,"Joe Biden (CNN, ABC This Week)",several days of campaign claims,omitted context,misleading,92,Scientists were told to clear appearances through the task force; they continued public interviews.,Rated misleading,,Fact-check only,Never corrected — fact-checked only
"Donald Trump says he will 'terminate' Social Security if re-elected.
Began: Aug 10, 2020 | Ended: Aug 12, 2020 (PolitiFact Mostly False: he discussed terminating the payroll tax funding source, not ending Social Security benefits)",https://politifact.com/factchecks/2020/aug/12/social-security-works/did-trump-say-he-will-terminate-social-security-if/,Social Security Works (Facebook post/advocacy),days of viral Facebook spread; variants recurred in later campaigns,misquote / truncation,misleading,93,"Distinct from later 2024 Harris/Biden 'intends to cut Social Security' items already in the 85.
Primary record: The Aug. 12, 2020 press-conference transcript shows Trump saying he would terminate the payroll tax and protect Social Security via the general fund—not that he would terminate Social Security itself.",Proven false,https://www.rev.com/transcripts/donald-trump-press-conference-transcript-august-12,Original transcript/video,Never corrected — fact-checked only
"Trump 'lied' about not knowing the pandemic office was disbanded, because he earlier defended cutting that team when he said 'some of the people we cut.'
Began: Mar 14, 2020 | Ended: Mar 20, 2020 (FactCheck.org: Feb 26 remarks answered a question about proposed CDC/NIH/WHO budget cuts, not the NSC pandemic office)",https://www.factcheck.org/2020/03/dems-misconstrue-trump-budget-remarks/,Democratic National Committee; Protect Our Care; Independent (UK) framing; celebrity/journalist retweets,about 1 week of viral clip framing,omitted context,misleading,94,NSC global health office was reorganized in 2018; separate from the Feb 26 budget-cut Q&A.,Rated misleading,,Fact-check only,Never corrected — fact-checked only
"Trump fired the 'entire' pandemic response team in 2018.
Began: Mar 2020 (viral posts; Bloomberg/Biden variants earlier Feb–Mar 2020) | Ended: Mar 25–26, 2020 (Reuters: partly false; some staff reassigned under reorganized NSC structure)",https://www.reuters.com/article/world/partly-false-claim-trump-fired-entire-pandemic-response-team-in-2018-idUSKBN21C32C/,Viral social media posts/images; Mike Bloomberg ('fired the pandemic team'); Joe Biden ('eliminated' the directorate),weeks of viral/campaign claims in early COVID period,policy-scope inflation,misleading,95,Directorate was disbanded/reorganized May 2018 under Bolton; 'entire team fired' overstates.,Rated misleading,,Fact-check only,Never corrected — fact-checked only
"Trump said eliminating the White House pandemic office was among the 'very first' things his administration did.
Began: Mar 27, 2020 | Ended: Apr 1, 2020 (FactCheck.org: happened in May 2018, well into year two—not among first actions)",https://www.factcheck.org/2020/04/bidens-false-claim-on-trumps-response-to-coronavirus/,Joe Biden (CNN town hall characterization of timing),days,omitted context,misleading,96,Office elimination itself is documented; the 'first things' timing claim was wrong.,Rated misleading,,Fact-check only,Never corrected — fact-checked only
"The Trump administration was 'raiding money' from military service members' pensions to fund the border wall.
Began: Mar 8, 2019 | Ended: Mar 28, 2019 (PolitiFact False: leftover personnel funds; no pension cuts)",https://www.politifact.com/factchecks/2019/mar/28/kamala-harris/kamala-harris-wrong-trump-isnt-raiding-money-milit/,Sen. Kamala Harris,about 3 weeks until PolitiFact False,policy-scope inflation,false,104,Harris linked an AP headline; defense-budget experts said no service member would lose pension payments.,Proven false,,Fact-check only,Never corrected — fact-checked only
"Ohio, Michigan, and Pennsylvania 'in the latest jobs data have lost jobs, not gained them' under Trump.
Began: Oct 15, 2019 | Ended: Oct 16, 2019 (PolitiFact False: latest month-to-month BLS showed gains; Castro cherry-picked March–July)",https://politifact.com/factchecks/2019/oct/16/julian-castro/julian-castro-wrong-about-job-losses-ohio-michigan/,Julián Castro (Democratic debate),1 day until False rating,omitted context,false,105,Year-over-year and since-inauguration employment rose in all three states.,Proven false,,Fact-check only,Never corrected — fact-checked only
"The U.S. under Trump currently had more than 100,000 children in migration-related detention (world's highest rate).
Began: Nov 18–19, 2019 | Ended: Nov 19–20, 2019 (AFP/Reuters withdrew; UN expert clarified figure was cumulative 2015/Obama-era, not current)",https://freebeacon.com/politics/reuters-afp-retract-migrant-children-articles-that-were-based-on-obama-era-figures/,AFP; Reuters; NPR pickup; House Homeland Security Committee Democrats; Sen. Bernie Sanders (tweet later deleted),1–2 days until wire retractions,"premature ""proven"" framing",retracted/corrected,106,Contemporaneous ORR/family detention numbers were far lower (~thousands). Also: https://apnews.com/general-news-e20822a6893944c5b563d00e987d2240,Proven false,,Outlet's own correction,Appended correction line
"President Trump spent Thanksgiving 2019 tweeting and golfing at Mar-a-Lago rather than visiting U.S. troops.
Began: Nov 28, 2019 | Ended: Nov 28, 2019 evening (Newsweek substantially updated); reporter later fired / editor demoted",https://www.imediaethics.org/newsweek-reporter-fired-editor-demoted-for-trump-thanksgiving-article/,Newsweek (Jessica Kwong),hours until update after Afghanistan trip became public,"premature ""proven"" framing",retracted/corrected,107,Trip was secret until return; Kwong called pre-announcement reporting an 'honest mistake.' Also: https://www.thewrap.com/newsweek-demotes-editor-after-firing-reporter-for-inaccurate-trump-thanksgiving-story/,Proven false,https://www.imediaethics.org/topics/apologies-retractions/,Outlet's own correction,Appended correction line
"Trump chose not to listen to the translation of the Italian prime minister's speech at the G7 (shown without large headphones).
Began: May 27, 2017 | Ended: May 27, 2017 (BBC correspondent James Landale corrected within ~30 minutes; White House: single in-ear piece)",https://www.huffingtonpost.co.uk/entry/sean-spicer-bbc-fake-news-tweet_uk_592dc372e4b0c0608e8bf993,BBC Diplomatic Correspondent James Landale; amplified by other journalists' retweets,under an hour until correction; original tweet far more viral,false photo/video attribution,retracted/corrected,108,Spicer later cited the viral false framing; Landale acknowledged the earpiece explanation. Also: https://gizmodo.com/president-trumps-translation-earpiece-is-just-really-sm-1795615655,Proven false,https://www.huffingtonpost.co.uk/static/corrections,Fact-check only,Appended correction line
"Children of U.S. troops born overseas would no longer automatically get U.S. citizenship under a Trump/USCIS policy change (as broadly framed).
Began: Aug 28, 2019 | Ended: Aug 28–29, 2019 (NBC correction; USCIS/Military Times clarified narrow adoption/noncitizen-parent cases)",https://www.snopes.com/fact-check/overseas-us-troops-kids-citizens/,Tal Kopan (San Francisco Chronicle); Task & Purpose; NBC News (Ken Dilanian initial tweets before correction),hours of viral panic until corrections,policy-scope inflation,misleading,109,Did not end birthright citizenship for children of U.S. citizen service members; AP said ~20–25 cases/year affected.,Rated misleading,,Outlet's own correction,Appended correction line
"Arizona Republic used 2014 photos of migrant children in holding facilities as if depicting then-current Trump-era detention conditions.
Began: May 27, 2018 | Ended: May 27–28, 2018 (azcentral clarification that photos were from 2014)",https://www.poynter.org/fact-checking/2018/the-funny-the-weird-and-the-serious-33-media-corrections-from-2018/,The Arizona Republic / azcentral,hours–1 day until clarification,false photo/video attribution,retracted/corrected,110,Related theme to NYT Magazine cage RT (v2) but distinct outlet correction listed by Poynter.,Proven false,,Fact-check only,Never corrected — fact-checked only
"Trump's tax cut was 'a middle-class tax hike' evidenced by average tax refunds being down about $170.
Began: Feb 11, 2019 | Ended: Feb 13, 2019 (PolitiFact Mostly False: early refund drop ≠ higher tax burden; most middle-class households projected tax cuts)",https://politifact.com/factchecks/2019/feb/13/kamala-harris/checking-kamala-harris-tax-refunds-and-gop-tax-law/,Sen. Kamala Harris,days of tax-season messaging,omitted context,misleading,111,Refund size depends on withholding; WaPo Fact Checker also criticized the leap. Also: https://www.washingtonpost.com/politics/2019/02/13/kamala-harris-leaps-unwarranted-conclusions-tax-tweet/,Proven false,,Fact-check only,Never corrected — fact-checked only
"Donald Trump 'just promised that if he wins reelection, he'll gut Social Security and Medicare.'
Began: Aug 9, 2020 | Ended: Aug 13, 2020 (PolitiFact Mostly False: no such promise; payroll-tax deferral did not affect Medicare funding)",https://www.politifact.com/factchecks/2020/aug/13/kamala-harris/kamala-harris-flawed-social-security-medicare-atta/,Sen. Kamala Harris (Instagram),days around Aug 2020 payroll-tax EO debate,misquote / truncation,misleading,112,"Distinct from excluded staging FT-9 (Social Security Works 'terminate') and from 2024 'intends to cut' items 44–46. Trump discussed payroll-tax permanence, not gutting benefits.
Primary record: Same Aug. 12, 2020 transcript has Trump pledging Social Security 'will be totally protected' while discussing terminating the payroll tax, contradicting claims he promised to gut Social Security and Medicare.",Proven false,https://www.rev.com/transcripts/donald-trump-press-conference-transcript-august-12,Original transcript/video,Never corrected — fact-checked only
"Trump 'signed an executive action directing funding cuts for Social Security' and 'proposed slashing hundreds of billions of dollars from the Social Security Trust Fund every year' / 'promised to defund Social Security.'
Began: Aug 11–14, 2020 | Ended: Aug 14, 2020 (PolitiFact Ad Watch: Biden exaggerates; deferral ≠ benefit cut; White House disputed 'terminate tax' meaning)",https://politifact.com/article/2020/aug/14/ad-watch-biden-exaggerates-trumps-social-security/,Joe Biden campaign (Florida TV ad; Tampa Bay Times op-ed),days of Florida ad buy around Aug 2020,policy-scope inflation,misleading,113,"Distinct from excluded FT-9 terminate meme and from 2024 intends-to-cut items. Legitimate solvency questions about payroll-tax talk; ad overstated 'directing funding cuts' / 'defund.'
Primary record: The Aug. 8, 2020 presidential memorandum in the Federal Register only directed Treasury to defer certain employee payroll-tax withholdings for Sept.–Dec. 2020—not an executive action cutting Social Security Trust Fund benefit payments.",Rated misleading,https://www.govinfo.gov/content/pkg/FR-2020-08-13/pdf/2020-17899.pdf,Official record,Never corrected — fact-checked only
"The Trump administration ""has banned the CDC even using the word 'transgender.'""
Began: June 26, 2018 (Baldwin HRC speech) | Ended: Aug 17, 2018 (PolitiFact False: CDC/HHS denied any word ban; guidance was budget-language advice)",https://www.politifact.com/factchecks/2018/aug/17/tammy-baldwin/sen-tammy-baldwins-claim-about-trump-administratio/,Sen. Tammy Baldwin (D-Wis.),~7 weeks until PolitiFact False,policy-scope inflation,false,162,Based on WaPo headline about avoiding words in budget docs; CDC Director and CDC spokeswoman said no ban. Also: https://www.nytimes.com/2017/12/16/health/centers-disease-diversity-fetus.html,Proven false,,Fact-check only,Never corrected — fact-checked only
"You can see visits to Moscow made during the campaign by Paul Manafort and others (implying Manafort went).
Began: May 18, 2017 (MSNBC Morning Joe) | Ended: May 19, 2017 (PolitiFact Mostly False: no public record Manafort went; overstated 'and others')",https://www.politifact.com/factchecks/2017/may/19/maxine-waters/rep-waters-exaggerates-trump-associate-moscow-trip/,Rep. Maxine Waters (D-Calif.) on MSNBC,1 day until Mostly False rating,false attribution of travel / exaggeration,misleading,163,Carter Page went once; Flynn trip was before exclusive Trump-campaign role.,Proven false,,Fact-check only,Never corrected — fact-checked only
"If Trump had done his job from the beginning on COVID-19, 'all the people would still be alive. All the people.'
Began: Sept 17, 2020 (CNN town hall) | Ended: Sept 18, 2020 (PolitiFact False: experts said many lives could have been saved, not every death)",https://www.politifact.com/factchecks/2020/sep/18/joe-biden/joe-biden-wrongly-claims-trump-couldve-prevented-e/,Joe Biden (presidential nominee),1 day until False rating,policy-scope inflation,false,164,Columbia and other studies estimated large averted deaths from earlier mitigation—not zero U.S. deaths.,Proven false,,Fact-check only,Never corrected — fact-checked only
"Donald Trump asserted that immigrants would 'carve you up with a knife.'
Began: Aug 7, 2019 (Biden Iowa campaign stop) | Ended: Aug 9, 2019 (PolitiFact False; FactCheck.org same week: Trump referred to MS-13 gang members)",https://www.politifact.com/factchecks/2019/aug/09/joe-biden/joe-biden-takes-donald-trumps-words-about-gang-mem/,Joe Biden,~2 days until False ratings,misquote / omitted context,false,165,"Oct 22, 2018 Houston rally line was about MS-13, not immigrants generally. Also: https://www.factcheck.org/2019/08/biden-takes-trump-quote-out-of-context/",Proven false,,Fact-check only,Never corrected — fact-checked only
"All of Trump's tax cuts 'went to folks at the top and corporations that pay no taxes' (audience got nothing).
Began: April 29, 2019 (Biden Pittsburgh kickoff) | Ended: April 30, 2019 (FactCheck.org: most households got a tax cut; TPC ~65%)",https://www.factcheck.org/2019/04/bidens-campaign-kickoff-claims/,Joe Biden,same day / next-day FactCheck,omitted context,false,166,"Higher earners gained more; claiming 'all' went only to the top is false.
Primary record: JCT's JCX-67-17 revenue score of TCJA lists individual rate-bracket and standard-deduction changes applying across the rate schedule—not a corporate-only cut that left ordinary taxpayers with nothing.",Proven false,https://www.jct.gov/getattachment/2f1d880c-ca26-429d-9044-63ac084d07cd/x-67-17-5053.pdf,Official record,Never corrected — fact-checked only
"45 nations had already restricted travel from China before Trump moved; the U.S. 'started off awfully slow.'
Began: April 5, 2020 (ABC This Week) | Ended: April 6, 2020 (FactCheck.org: U.S. neither late nor first among peers after WHO PHEIC)",https://www.factcheck.org/2020/04/trump-biden-spin-china-travel-restrictions/,Joe Biden,1 day until FactCheck,omitted context / chronology distortion,false,167,ThinkGlobalHealth tracker: dozens of countries moved in same WHO-window cluster as U.S.,Proven false,,Fact-check only,Never corrected — fact-checked only
"After Las Vegas, Trump said he'd ban bump stocks—but 'Did he ban the bump stocks? No' because the NRA stopped him.
Began: June 2, 2019 (Fox News town hall) | Ended: June 5, 2019 (FactCheck.org: ATF final rule banned bump stocks effective March 2019)",https://www.factcheck.org/2019/06/gillibrand-misleads-on-trumps-bump-stock-ban/,Sen. Kirsten Gillibrand (D-N.Y.),~3 days until FactCheck,false denial of enacted policy,false,168,"Speed/legislation critiques are separate; the ban did take effect.
Primary record: The Dec. 26, 2018 Federal Register ATF final rule classifies bump-stock-type devices as machineguns and sets an effective date of March 26, 2019, documenting that bump stocks were banned.",Proven false,https://www.govinfo.gov/content/pkg/FR-2018-12-26/html/2018-27763.htm,Official record,Never corrected — fact-checked only
"Trump promised manufacturing jobs would stay but they're not / he failed to bring manufacturing jobs back (national impression).
Began: July 9–12, 2019 (Gillibrand CNN remarks + anti-Trump TV ad) | Ended: July 12, 2019 (FactCheck.org: net +~486k manufacturing jobs since Trump took office)",https://www.factcheck.org/2019/07/gillibrand-attacks-trump-on-manufacturing-jobs/,Sen. Kirsten Gillibrand; Gillibrand campaign ad citing MSNBC Lordstown framing,days of tour/ad cycle until FactCheck,cherry-picked plant closures as national trend,false,169,Local Rust Belt losses real; national BLS manufacturing employment rose.,Proven false,,Fact-check only,Never corrected — fact-checked only
"Trump had to confess in writing in court to illegally diverting charitable contributions that were supposed to go to veterans.
Began: Nov 20, 2019 (Democratic primary debate, Atlanta) | Ended: Nov 21, 2019 (PolitiFact False: settlement admitted campaign control of fundraiser; funds reached veterans charities)",https://www.politifact.com/factchecks/2019/nov/21/pete-buttigieg/pete-buttigieg-falsely-says-donald-trump-illegally/,Pete Buttigieg,1 day until False rating,mischaracterization of court settlement,false,170,Judge found fiduciary breach aiding the campaign; not diversion away from veterans. Also: https://www.factcheck.org/2019/11/factchecking-the-november-democratic-debate/,Proven false,,Official record,Retraction after legal threat/settlement
"U.S. government wiretapped former Trump campaign chairman Paul Manafort under FISA (CNN exclusive).
Began: Sept 18, 2017 (CNN Politics exclusive) | Ended: Dec 9–17, 2019 (DOJ IG report contradicted; CNN editor's note acknowledging contradiction)",https://www.imediaethics.org/cnn-editor-note-2019-govt-report-says-opposite-what-we-reported-in-2017/,CNN Politics (anonymous-source exclusive),~2 years until IG report + editor's note,retracted/contradicted exclusive (editor's note),retracted/corrected,171,IG: Crossfire Hurricane team did not seek/seriously consider FISA on Manafort. CNN posted editor's note rather than full retraction. Also: https://www.washingtonpost.com/opinions/2019/12/09/did-government-wiretap-paul-manafort-ig-report-challenges-cnn-exclusive/; https://www.cnn.com/2017/09/18/politics/paul-manafort-government-wiretapped-fisa-russians,Proven false,https://www.imediaethics.org/cnn-editor-note-2019-govt-report-says-opposite-what-we-reported-in-2017/,Outlet's own correction,Editor's note at bottom of article
"Donald Trump stood on a debate stage and said wages in America are 'too high' (as if all wages).
Began: July 26, 2016 (DNC; Casey/Gillibrand speeches) | Ended: July 26, 2016 (FactCheck.org: context was opposing a $15 minimum wage)",https://www.factcheck.org/2016/07/democratic-convention-day-1/,Sen. Bob Casey; Sen. Kirsten Gillibrand (DNC),same-night FactCheck,misquote / omitted context,false,172,"Trump clarified two days after Nov 2015 debate he meant minimum wage.
Primary record: The Nov. 10, 2015 Milwaukee GOP debate transcript shows Trump saying 'wages too high' in answering whether to raise the minimum wage to $15—not a claim that all American wages are too high.",Proven false,https://www.presidency.ucsb.edu/documents/republican-candidates-debate-milwaukee-wisconsin,Original transcript/video,Never corrected — fact-checked only
"On average, middle-class families earning under ~$86,000 would see a tax increase under the Republican tax reform plan (Harris/Casey tweets).
Began: Oct 24–27, 2017 (Casey/Harris tweets) | Ended: Nov 2, 2017 (Washington Post Fact Checker: falsely claim; Four Pinocchios; tweets later deleted)",https://www.washingtonpost.com/news/fact-checker/wp/2017/11/02/senate-democrats-falsely-claim-gop-tax-plan-will-raise-taxes-for-most-working-class-families/,Sen. Kamala Harris; Sen. Bob Casey Jr.; other Senate Democrats,~1 week until Four Pinocchios,statistical inversion of JCT tables,false,173,Subset facing increases misframed as typical/middle-class average outcome. Also: https://www.washingtonexaminer.com/news/937561/democrats-are-lying-about-republican-tax-plan-says-washington-post-fact-checker/,Proven false,,Fact-check only,Never corrected — fact-checked only
"129 million people with preexisting conditions could be denied coverage under Trump/GOP health repeal (Harris tweet).
Began: May 4, 2017 (Harris tweet) | Ended: May 10, 2017 (WaPo Fact Checker Three Pinocchios: HHS figure was broad potential exposure, not certain denials)",https://www.washingtonpost.com/news/fact-checker/wp/2017/05/10/kamala-harriss-claim-that-129-million-people-with-preexisting-conditions-could-be-denied-coverage/,Sen. Kamala Harris,~6 days until Pinocchio rating,policy-scope inflation,misleading,174,WaPo Three Pinocchios; user bar also includes Four Pinocchios—kept as named WaPo Fact Checker case.,Proven false,,Fact-check only,Never corrected — fact-checked only
"Trump cut Justice Department funding to investigate domestic terrorist / white supremacist groups.
Began: March 27, 2019 (CNN town hall) | Ended: April 11, 2019 (PolitiFact Mostly False: cited DHS prevention grants, not DOJ/FBI investigative cuts)",https://www.politifact.com/factchecks/2019/apr/11/cory-booker/donald-trump-cut-funding-investigate-domestic-terr/,Sen. Cory Booker,~2 weeks until Mostly False,agency/program misidentification,misleading,175,CVE grant changes at DHS; no evidence FBI investigative funding cut as claimed.,Proven false,,Fact-check only,Never corrected — fact-checked only
"Trump's whole health-care plan is a six-word plan: replace Obamacare with 'something so much better.'
Began: July 27, 2016 (DNC; Howard Dean) | Ended: July 27, 2016 (FactCheck.org: Trump had posted a multi-point health plan on his site)",https://www.factcheck.org/2016/07/factchecking-day-2-of-the-dnc/,Former Vermont Gov. Howard Dean,same-night FactCheck,false denial of published plan,false,176,Plan substance debatable; claim of no plan beyond six words was false.,Proven false,,Fact-check only,Never corrected — fact-checked only
"Trump would cut taxes for the richest Americans at the expense of the middle class (implying middle class gets no relief).
Began: July 26, 2016 (DNC; Sen. Bob Casey) | Ended: July 26, 2016 (FactCheck.org: TPC—middle-income households get average ~$2,700 cut under Trump plan)",https://www.factcheck.org/2016/07/democratic-convention-day-1/,Sen. Bob Casey,same-night FactCheck,omitted context,misleading,177,"Distribution skewed upward, but middle class was not excluded from cuts.
Primary record: Same JCT conference score documents broad individual-rate and standard-deduction provisions, undercutting claims that tax relief excluded the middle class entirely.",Rated misleading,https://www.jct.gov/getattachment/2f1d880c-ca26-429d-9044-63ac084d07cd/x-67-17-5053.pdf,Official record,Never corrected — fact-checked only
"The new Republican tax law provides 'at least a $1.3 trillion tax break for corporations.'
Began: Jan 11, 2018 (Pelosi weekly press conference) | Ended: Jan 12, 2018 (FactCheck.org: misleading; net business cut ~$654B)",https://www.factcheck.org/2018/01/pelosi-inflates-tax-cuts/,House Minority Leader Nancy Pelosi,days (recurring talking point into 2019),cherry-picked line item / ignoring offsetting tax increases,misleading,194,FactCheck.org: Pelosi cited JCT corporate-rate cut (~$1.35T) but ignored other business provisions; net business tax cut ~$654B. Rating: misleading. Also: https://www.jct.gov/publications/2017/jcx-67-17/; https://www.budget.senate.gov/imo/media/doc/JCT.Table.pdf,Rated misleading,https://www.jct.gov/publications/2017/jcx-67-17/,Official record,Never corrected — fact-checked only
"Repealing the ACA individual mandate in the GOP tax bill would 'boot' 13 million people from the health insurance rolls.
Began: Nov 14, 2017 (Schumer Senate floor speech) | Ended: Nov 17, 2017 (FactCheck.org: Distorts the Facts)",https://www.factcheck.org/2017/11/democrats-inaccurate-talking-point/,Senate Minority Leader Chuck Schumer,~weeks during tax debate,voluntary disenrollment framed as kicking people off,misleading,195,"CBO/JCT estimated 13M fewer insured by 2025–27 if mandate penalty repealed; FactCheck: many would drop voluntarily, not be 'booted.' Also: https://www.cbo.gov/publication/53300",Rated misleading,https://www.cbo.gov/publication/53300,Official record,Never corrected — fact-checked only
"Republicans want to pay for tax cuts for the wealthy by 'taking health care away from 13 million Americans.'
Began: Nov 15, 2017 (Durbin tweet) | Ended: Nov 17, 2017 (FactCheck.org Distorts the Facts on same talking point)",https://www.factcheck.org/2017/11/democrats-inaccurate-talking-point/,Sen. Dick Durbin,~weeks during tax debate,CBO uninsured estimate reframed as forced loss of coverage,misleading,196,Same CBO 13M figure; FactCheck: not equivalent to taking coverage away from 13M. Also: https://www.cbo.gov/publication/53300,Rated misleading,https://www.cbo.gov/publication/53300,Official record,Never corrected — fact-checked only
"The GOP health/tax plan would 'knock 13 million people off health care.'
Began: Nov 16, 2017 (Warren on MSNBC Morning Joe) | Ended: Nov 17, 2017 (FactCheck.org Distorts the Facts)",https://www.factcheck.org/2017/11/democrats-inaccurate-talking-point/,Sen. Elizabeth Warren,~weeks during tax debate,CBO coverage estimate framed as forced removal,misleading,197,FactCheck.org grouped Warren with Schumer/Durbin on the inaccurate 'knock off' framing of CBO mandate estimates. Also: https://www.cbo.gov/publication/53300,Rated misleading,https://www.cbo.gov/publication/53300,Official record,Never corrected — fact-checked only
"The GOP tax plan 'Sabotages the health care of 13 MILLION Americans.'
Began: Nov 27, 2017 (TeamPelosi tweet) | Ended: Nov 29, 2017 (PolitiFact Half True: leaves out voluntary exits)",https://www.politifact.com/factchecks/2017/nov/29/nancy-pelosi/pelosis-problematic-claim-gop-tax-plan-sabotages-h/,Nancy Pelosi / TeamPelosi,~weeks,omits that most of the 13M would leave coverage voluntarily,Half True / misleading,198,PolitiFact Half True: 'partially accurate but leaves out important details or takes things out of context'; 'Sabotaged' doesn't fit for ~2/3 voluntary leavers (RAND). Also: https://www.cbo.gov/publication/53300,Rated misleading,https://www.cbo.gov/publication/53300,Official record,Never corrected — fact-checked only
"Trump and Republicans 'passed a tax bill that gave 80 percent of its benefits to the top 1 percent.'
Began: Jan 16, 2018 (DNC Medium post) | Ended: Jan 16, 2018 (PolitiFact Half True: cherry-picks 2027)",https://www.politifact.com/factchecks/2018/jan/16/democratic-national-committee/dnc-offers-one-sided-view-who-gets-tax-bills-benef/,Democratic National Committee,years as zombie talking point,cherry-picking post-sunset year (2027) as if typical,Half True / misleading,199,TPC: top 1% got ~20.5% of benefits in 2018 and ~25% in 2025; ~83% only in 2027 after middle-class provisions expire. PF: leaves out important details. Also: https://taxpolicycenter.org/sites/default/files/publication/150816/2001641_distributional_analysis_of_the_conference_agreement_for_the_tax_cuts_and_jobs_act_0.pdf,Rated misleading,https://taxpolicycenter.org/sites/default/files/publication/150816/2001641_distributional_analysis_of_the_conference_agreement_for_the_tax_cuts_and_jobs_act_0.pdf,Official record,Never corrected — fact-checked only
"With the Trump tax law, '70 percent of the benefits went to the wealthiest 1 percent.'
Began: Feb 18, 2019 (Brown interview on listening tour) | Ended: Mar 5, 2019 (PolitiFact Half True)",https://www.politifact.com/factchecks/2019/mar/05/sherrod-brown/do-70-benefits-trumps-tax-law-benefit-wealthiest-1/,Sen. Sherrod Brown,months of campaign recirculation,cherry-picking 2027 distribution,Half True / misleading,200,PolitiFact Half True: partially accurate but leaves out important information; through 2025 top 1% share ~20–25%. Also: https://taxpolicycenter.org/sites/default/files/publication/150816/2001641_distributional_analysis_of_the_conference_agreement_for_the_tax_cuts_and_jobs_act_0.pdf,Rated misleading,https://taxpolicycenter.org/sites/default/files/publication/150816/2001641_distributional_analysis_of_the_conference_agreement_for_the_tax_cuts_and_jobs_act_0.pdf,Official record,Never corrected — fact-checked only
"Under the Republican tax law, 'the rich folks got $1.5 trillion.'
Began: Jan 2, 2019 (Warren on MSNBC Rachel Maddow) | Ended: Jan 9, 2019 (PolitiFact Half True: overstates share for the rich)",https://www.politifact.com/factchecks/2019/jan/09/elizabeth-warren/warren-overstates-share-tax-cuts-rich/,Sen. Elizabeth Warren,~weeks of campaign kickoff messaging,conflates total deficit cost with amount going only to the rich,Half True / misleading,201,"JCT ~$1.5T net cost; top ~10% (~$200k+) got about half (~$750B–$1T), not all $1.5T. PF: exaggerated gains for the well-to-do. Also: https://www.jct.gov/publications/2017/jcx-67-17/",Rated misleading,https://www.jct.gov/publications/2017/jcx-67-17/,Official record,Never corrected — fact-checked only
"Between the first and second quarters of 2018 — after the tax cuts were enacted — real wages fell by 1.8 percent.
Began: Jul 26, 2018 (TeamPelosi tweet citing Vox/PayScale) | Ended: Aug 1, 2018 (PolitiFact Mostly False)",https://www.politifact.com/factchecks/2018/aug/01/nancy-pelosi/did-wages-fall-18-percent-after-donald-trumps-tax/,"Nancy Pelosi / TeamPelosi (also DGA, Fight for $15)",~1 week of viral talking point,outlier private index treated as official wage crash,Mostly False,202,PayScale Index outlier; BLS median usual weekly real earnings rose slightly Q1→Q2 2018. PF Mostly False. Also: https://fred.stlouisfed.org/series/LES1252881600Q; https://www.bls.gov/cps/,Proven false,https://data.bls.gov/timeseries/LES1252881600Q,Official record,Never corrected — fact-checked only
"Trump's FY2020 budget 'slashes investments in health care to pay for tax cuts to billionaires.'
Began: Mar 12, 2019 (Castro tweet) | Ended: Mar 20, 2019 (PolitiFact Half True: no direct pay-for link; 'billionaires' overstated)",https://www.politifact.com/factchecks/2019/mar/20/julian-castro/fact-checking-julian-castros-claim-about-trump-202/,Julián Castro,~1–2 weeks around budget release,indirect budget pressure framed as earmarked pay-for for billionaires,Half True / misleading,203,PF Half True: health cuts real on Medicaid side; no direct link to TCJA; all income groups got cuts in 2019 on average. Also: https://www.factcheck.org/2019/03/democratic-medicare-spin/,Rated misleading,https://www.govinfo.gov/content/pkg/BUDGET-2020-BUD/pdf/BUDGET-2020-BUD.pdf,Official record,Never corrected — fact-checked only
"Under Trump, 'the cost of living is going up, but paychecks aren't keeping up.'
Began: Jan 27, 2019 (Harris Oakland campaign kickoff) | Ended: Jan 29, 2019 (FactCheck.org: wages had risen in real terms)",https://www.factcheck.org/2019/01/harris-campaign-kickoff-claims/,Sen. Kamala Harris,campaign kickoff week,contradicted by then-current BLS real earnings data,false / misleading,204,FactCheck: real average weekly earnings for production/nonsupervisory workers up ~2.5% since Trump took office; paychecks had kept up with inflation. Also: https://www.bls.gov/ces/,Proven false,https://www.bls.gov/ces/,Official record,Never corrected — fact-checked only
"The Trump administration's response was to 'give away a trillion dollars to the biggest corporations in this country.'
Began: Jan 27, 2019 (Harris Oakland speech) | Ended: Jan 29, 2019 (FactCheck.org: net business cut ~$654B, not $1T)",https://www.factcheck.org/2019/01/harris-campaign-kickoff-claims/,Sen. Kamala Harris,campaign kickoff week,gross corporate-rate cut treated as net giveaway,misleading,205,Campaign confirmed she meant corporate-rate cut; JCT net business tax reduction ~$653.8B. FactCheck: exaggerated / cherry-picked. Also: https://www.jct.gov/publications/2017/jcx-67-17/; https://www.factcheck.org/2018/01/pelosi-inflates-tax-cuts/,Rated misleading,https://www.jct.gov/publications/2017/jcx-67-17/,Official record,Never corrected — fact-checked only
"After exploding the deficit with the GOP tax scam, Trump is trying to 'ransack Medicare, Medicaid and the health care of seniors.'
Began: Mar 12, 2019 (Pelosi statement on FY2020 budget) | Ended: Mar 22, 2019 (FactCheck.org: Spins the Facts on Medicare 'slash/ransack')",https://www.factcheck.org/2019/03/democratic-medicare-spin/,House Speaker Nancy Pelosi,~2 weeks around FY2020 budget rollout,provider payment slowdowns framed as ransacking beneficiary Medicare,misleading / Spins the Facts,206,"FactCheck Spins the Facts: Medicaid cuts significant; Medicare net ~$515–575B mostly provider payment changes resembling Obama-era proposals, not direct beneficiary 'ransack.' Also: https://www.crfb.org/blogs/analysis-presidents-fy-2020-budget",Rated misleading,https://www.govinfo.gov/content/pkg/BUDGET-2020-BUD/pdf/BUDGET-2020-BUD.pdf,Official record,Never corrected — fact-checked only
"Trump's budget 'cuts $845 billion, almost a trillion dollar cut in Medicare.'
Began: Mar 12, 2019 (Biden speech to IAFF) | Ended: Mar 26, 2019 (PolitiFact Mostly False)",https://www.politifact.com/factchecks/2019/mar/26/joe-biden/trump-medicare-budget-cuts-billion/,Joe Biden,~2 weeks of primary messaging,gross baseline reduction inflated to 'almost a trillion' beneficiary cut,Mostly False,207,"PF Mostly False: after relocating DSH/GME, net closer to $515–595B; mostly provider payment slowdowns; spending still rises year to year. Distinct stronger rating than FactCheck 'Spins' on similar Dem talking points. Also: https://www.factcheck.org/2019/03/democratic-medicare-spin/; https://www.govinfo.gov/content/pkg/BUDGET-2020-BUD/pdf/BUDGET-2020-BUD.pdf",Proven false,https://www.govinfo.gov/content/pkg/BUDGET-2020-BUD/pdf/BUDGET-2020-BUD.pdf,Official record,Never corrected — fact-checked only
"'In America, there is a father who is holding down two jobs and paying more taxes than the richest 400 families in America' (post-TCJA justice framing).
Began: Nov 13, 2019 (Harris Facebook ad) | Ended: Nov 21, 2019 (PolitiFact Mostly False)",https://www.politifact.com/factchecks/2019/nov/21/kamala-harris/kamala-harris-claim-about-typical-dad-paying-more/,Sen. Kamala Harris,~1–2 weeks of ad run,tax rates study misstated as dollars of taxes paid,Mostly False,208,Saez-Zucman rate comparison; Harris said paying more taxes (dollars). PF Mostly False. Used to attack post-2017 Trump tax settlement for the rich. Also: https://taxpolicycenter.org/,Proven false,https://www.politifact.com/factchecks/2019/nov/21/kamala-harris/kamala-harris-claim-about-typical-dad-paying-more/,Fact-check only,Retraction after legal threat/settlement
"CNBC reported Michael Cohen personally paid ~$1M taxi fines, was barred from managing NYC medallions, transferred $60M offshore, and awaited tax trial—claims that were about partners, not Cohen.
Began: May 6–7, 2018 (CNBC piece summarizing NYT) | Ended: May 7, 2018 (CNBC CORRECTION deleting incorrect Cohen attributions)",https://www.cnbc.com/2018/05/06/how-michael-cohen-became-trumps-personal-lawyer.html,CNBC (Kevin Breuninger),hours to 1 day,partner legal troubles misattributed to Trump's lawyer,correction,226,Fetched CNBC correction text: deleted incorrect references that Cohen paid fines / barred / offshore / tax trial—those involved partners. Also: https://sharylattkisson.substack.com/p/media-mistakes-in-reporting-on-donald,Proven false,https://www.cnbc.com/2018/05/06/how-michael-cohen-became-trumps-personal-lawyer.html,Outlet's own correction,Appended correction line
"UK Telegraph 'mystery of Melania' cover story made multiple false claims about Melania Trump's family, modeling, university, and marriage chronology.
Began: Jan 19, 2019 (Telegraph Magazine) | Ended: Jan 26, 2019 (Telegraph apology; unpublished article; paid damages)",https://www.imediaethics.org/telegraph-retracts-melania-trump-article-over-family-modeling-claims/,The Telegraph (UK) / Nina Burleigh,~1 week,multi-point biographical falsehoods,retraction + damages,227,Fetched iMediaEthics quoting full Telegraph apology admitting false statements; paid substantial damages and costs. Also: https://sharylattkisson.substack.com/p/media-mistakes-in-reporting-on-donald,Proven false,https://www.imediaethics.org/telegraph-retracts-melania-trump-article-over-family-modeling-claims/,Outlet's own correction,Appended correction line
"NPR reported Donald Trump Jr.'s Senate testimony about Moscow negotiations ending in 2014 contradicted Michael Cohen's plea—mischaracterizing different projects.
Began: Nov 30, 2018 (NPR report) | Ended: Dec 2018 (lengthy NPR editor's note; public editor 'need to slow down')",https://www.imediaethics.org/npr-adds-editors-note-on-donald-trump-jr-russia-project/,NPR (Philip Ewing),~1 week until editor's note,conflating distinct real-estate negotiations,editor's note,228,Fetched iMediaEthics quoting NPR editor's note: Trump Jr. was discussing a different project than Cohen's Moscow talks. Also: https://www.npr.org/sections/publiceditor/2018/12/04/673374082/the-need-to-slow-down,Proven false,https://www.imediaethics.org/npr-adds-editors-note-on-donald-trump-jr-russia-project/,Outlet's own correction,Editor's note at bottom of article
"AP reported the Trump administration had ended the International Entrepreneur Rule / program to admit foreign entrepreneurs.
Began: Apr 1, 2018 (AP) | Ended: AP correction clarifying program not ended (judge had ordered rule to take effect; rescission planned but not 'ended' as reported)",https://apnews.com/article/589aa9c8ab1b48f0b8d7fa171e6cb74c,Associated Press (Nicholas Riccardi),days,policy-status falsehood,AP correction,229,AP correction (Attkisson #44; AP correction page): wrong to say administration ended the program. Also: https://sharylattkisson.substack.com/p/media-mistakes-in-reporting-on-donald,Proven false,https://apnews.com/article/589aa9c8ab1b48f0b8d7fa171e6cb74c,Outlet's own correction,Appended correction line
"CNN claimed Nancy Sinatra was 'not happy' that her father's song was used at Trump's inauguration.
Began: Jan 20, 2017 (CNN) | Ended: Jan 20, 2017 (Sinatra public denial: 'Why do you lie, CNN?')",https://sharylattkisson.substack.com/p/media-mistakes-in-reporting-on-donald,CNN,hours,fabricated celebrity reaction,subject denial / correction,230,Attkisson #6. Sinatra: 'That's not true. I never said that.' Primary = Sinatra's own statement as original record of falsity; CNN walk-back not always archived. Also: https://twitter.com/,Proven false,https://sharylattkisson.substack.com/p/media-mistakes-in-reporting-on-donald,Original transcript/video,Unknown
"NYT Your Money hypothetical said a sample family's tax bill would rise nearly $4,000 under Trump's tax law; corrected math showed a ~$43 cut.
Began: Mar 8, 2018 (Jan Rosen NYT) | Ended: Mar 2018 (NYT correction of calculation)",https://sharylattkisson.substack.com/p/media-mistakes-in-reporting-on-donald,The New York Times (Jan Rosen),days,arithmetic error presented as policy harm,correction,231,Attkisson #41. Also: https://www.nytimes.com/,Proven false,https://sharylattkisson.substack.com/p/media-mistakes-in-reporting-on-donald,Outlet's own correction,Appended correction line
"NBC reported Trump was the first president since 2002 not to visit troops at Christmastime—while he and Melania were visiting troops in Iraq/Afghanistan theater.
Began: Dec 26, 2018 (NBC) | Ended: Dec 2018 (NBC added note; false headline left in place per Attkisson)",https://sharylattkisson.substack.com/p/media-mistakes-in-reporting-on-donald,NBC News,hours to days,false visit-status claim,editor's note (incomplete),232,Attkisson #63. Official WH photos/trip record contradict. Also: https://www.nbcnews.com/,Proven false,https://sharylattkisson.substack.com/p/media-mistakes-in-reporting-on-donald,Outlet's own correction,Appended correction line
"Daily Beast and others said Trump asked Ukraine's president to investigate Biden's son 'eight times' on the call.
Began: Sep 25, 2019 (Daily Beast headline framing) | Ended: Sep 2019 (released call memorandum showed one reference to the son, not eight)",https://sharylattkisson.substack.com/p/media-mistakes-in-reporting-on-donald,The Daily Beast and other outlets,days until memo release clarified count,counting phrases as repeated named ask,contradicted by official transcript,233,Attkisson #91. Primary = White House released call memorandum. Also: https://trumpwhitehouse.archives.gov/,Proven false,https://trumpwhitehouse.archives.gov/wp-content/uploads/2019/09/Unclassified09.2019.pdf,Official record,Unknown
"Multiple outlets including Axios reported Rod Rosenstein had resigned or been fired (Sep 2018 false alarms).
Began: Sep 24, 2018 (Axios and others) | Ended: Sep 24, 2018 (updates/clarifications—he remained DAG; formal resignation much later Apr 2019)",https://sharylattkisson.substack.com/p/media-mistakes-in-reporting-on-donald,Axios; other outlets,hours,false resignation/firing report,update / clarification,234,Attkisson #59. Also: https://www.axios.com/,Proven false,https://sharylattkisson.substack.com/p/media-mistakes-in-reporting-on-donald,Outlet's own correction,Appended correction line
"Slate's Alfa Bank / Trump Tower 'secret server' collusion narrative was presented as investigative fact; Mueller told Congress his belief was it was 'not true.'
Began: Oct 2016 (Slate Franklin Foer) and recirculation through 2019 | Ended: Jul 24, 2019 (Mueller House testimony)",https://sharylattkisson.substack.com/p/media-mistakes-in-reporting-on-donald,Slate.com (originating); widely recirculated,~2.5 years of recirculation,technical speculation as collusion proof,contradicted by official testimony,235,Attkisson #88. Mueller: 'my belief at this point is…not true.' Also: https://www.congress.gov/,Proven false,https://www.govinfo.gov/content/pkg/CHRG-116hhrg38910/pdf/CHRG-116hhrg38910.pdf,Official record,Unknown
"AP reported Christopher Steele's anti-Trump opposition research was initially funded by the conservative Washington Free Beacon.
Began: Feb 2, 2018 (AP) | Ended: Feb 2018 (AP correction: Steele joined after Democrats funded the project)",https://sharylattkisson.substack.com/p/media-mistakes-in-reporting-on-donald,Associated Press,days,funding chronology error,AP correction,236,Attkisson #40. Also: https://apnews.com/,Proven false,https://sharylattkisson.substack.com/p/media-mistakes-in-reporting-on-donald,Outlet's own correction,Appended correction line
"AP said a Trump advisory-board official was a Miss America contestant who killed a black rhino; she was a Mrs. America contestant who shot a nonlethal dart at a white rhino.
Began: Mar 15, 2018 (AP) | Ended: Mar 2018 (AP correction)",https://sharylattkisson.substack.com/p/media-mistakes-in-reporting-on-donald,Associated Press,days,multiple factual identity/event errors,AP correction,237,Attkisson #43. Unfavorable framing of Trump advisory circle. Also: https://apnews.com/,Proven false,https://sharylattkisson.substack.com/p/media-mistakes-in-reporting-on-donald,Outlet's own correction,Appended correction line
"CNN/WSJ reported Trump fired/escorted out a deputy national security adviser on Melania's demand; official said she was still at the WH / reassigned.
Began: Nov 14, 2018 (CNN Jeff Zeleny; WSJ) | Ended: Nov 2018 (senior official denial; reassignment not firing)",https://sharylattkisson.substack.com/p/media-mistakes-in-reporting-on-donald,CNN; The Wall Street Journal,hours to days,false firing/escort narrative,contradicted by WH,238,Attkisson #61. Also: https://www.cnn.com/,Proven false,https://sharylattkisson.substack.com/p/media-mistakes-in-reporting-on-donald,Outlet's own correction,Editor's note at bottom of article
"Politico/NY Post and others used misdated Melania modeling photos (said 1995) to imply visa violations; photo date was wrong.
Began: Aug–Nov 2016 (NY Post photos; Politico and others) | Ended: 2016 (Politico among outlets issuing photo-date correction)",https://sharylattkisson.substack.com/p/media-mistakes-in-reporting-on-donald,New York Post; Politico; other outlets,weeks of campaign recirculation,wrong photo date → implied immigration crime,correction,239,Attkisson #1. Transition/campaign period → First under term rules (2016 transition). Also: https://www.politico.com/,Proven false,https://sharylattkisson.substack.com/p/media-mistakes-in-reporting-on-donald,Outlet's own correction,Appended correction line
"USA Today misstated Melania Trump's arrival date from Slovenia amid immigration-status speculation.
Began: Nov 4, 2016 (USA Today) | Ended: Correction of arrival date",https://sharylattkisson.substack.com/p/media-mistakes-in-reporting-on-donald,USA Today,days,biographical date error fueling visa narrative,correction,240,Attkisson #4. Also: https://www.usatoday.com/,Proven false,https://sharylattkisson.substack.com/p/media-mistakes-in-reporting-on-donald,Outlet's own correction,Appended correction line
"NYT said Nancy Pelosi called Trump about immigration; Trump actually placed the call to Pelosi.
Began: Sep 7, 2017 (Maggie Haberman NYT) | Ended: Correction of caller direction",https://sharylattkisson.substack.com/p/media-mistakes-in-reporting-on-donald,The New York Times,days,inverted initiator of call,correction,241,Attkisson #29. Also: https://www.nytimes.com/,Proven false,https://sharylattkisson.substack.com/p/media-mistakes-in-reporting-on-donald,Outlet's own correction,Appended correction line
"CNN edited Trump Japan remarks to make it seem he didn't realize Japan builds cars in the U.S.; full statement showed he did.
Began: Nov 6, 2017 (CNN Daniel Shane excerpt) | Ended: Correction/context from full remarks",https://sharylattkisson.substack.com/p/media-mistakes-in-reporting-on-donald,CNN,hours to days,deceptive edit of remarks,misleading edit corrected by full video,242,Attkisson #30. Primary = full event video/transcript. Also: https://www.c-span.org/,Proven false,https://sharylattkisson.substack.com/p/media-mistakes-in-reporting-on-donald,Original transcript/video,Appended correction line
"NBC reported Trump official's notes of Russian-lawyer meeting included the word 'donation' (implying campaign contributions); later corrected that 'donation' wasn't there (and Politico said 'donor' wasn't either).
Began: Aug 31, 2017 (NBC Ken Dilanian/Carol Lee) | Ended: Corrections through subsequent reporting",https://sharylattkisson.substack.com/p/media-mistakes-in-reporting-on-donald,NBC News,days to weeks,nonexistent word in notes,correction,243,Attkisson #27. Also: https://www.nbcnews.com/,Proven false,https://sharylattkisson.substack.com/p/media-mistakes-in-reporting-on-donald,Outlet's own correction,Appended correction line
"Josh Rogin/WaPo reported State's entire senior administrative team resigned in protest of Trump; coverage was misleading/wrong.
Began: Jan 26, 2017 (WaPo Josh Rogin) | Ended: Jan 2017 (multiple outlets including Vox noted claim misleading/wrong)",https://sharylattkisson.substack.com/p/media-mistakes-in-reporting-on-donald,The Washington Post (Josh Rogin),days,overstated mass-resignation protest,walk-back / clarification,244,Attkisson #8. Career SES departures misframed as protest resignations. Also: https://www.washingtonpost.com/,Proven false,https://sharylattkisson.substack.com/p/media-mistakes-in-reporting-on-donald,Outlet's own correction,Appended correction line
"CNBC's John Harwood reported DOJ 'had no input' on Trump's immigration EO; amended after colleagues contradicted.
Began: Jan 28, 2017 (CNBC) | Ended: Jan 2017 (Harwood amended: DOJ lawyers reportedly reviewed the order)",https://sharylattkisson.substack.com/p/media-mistakes-in-reporting-on-donald,CNBC (John Harwood),hours,false process claim,amendment / correction,245,Attkisson #9. Also: https://www.cnbc.com/,Proven false,https://sharylattkisson.substack.com/p/media-mistakes-in-reporting-on-donald,Outlet's own correction,Appended correction line
"Politico/NYT/WaPo/CNN/AP/Reuters/WSJ reported Trump fired Comey shortly after Comey requested more Russia-probe resources; DOJ/Rosenstein/McCabe said that was untrue and probe was adequately resourced.
Began: May 10, 2017 (multiple outlets) | Ended: May 2017 (official denials by DOJ, Rosenstein, McCabe)",https://sharylattkisson.substack.com/p/media-mistakes-in-reporting-on-donald,Politico; New York Times; Washington Post; CNN; AP; Reuters; Wall Street Journal,days,false causal firing narrative,contradicted by official statements,246,Attkisson #17. Also: https://www.justice.gov/,Proven false,https://sharylattkisson.substack.com/p/media-mistakes-in-reporting-on-donald,Official record,Unknown
"CNN and others reported nursing baby ripped from migrant mother's arms; CNN later acknowledged mother was not lactating.
Began: Aug 2019 (CNN/MSNBC and others) | Ended: Aug 2019 (CNN acknowledgment)",https://sharylattkisson.substack.com/p/media-mistakes-in-reporting-on-donald,CNN; MSNBC; other outlets,days,embellished family-separation anecdote,acknowledgment / correction,247,Attkisson #82. Also: https://www.cnn.com/,Proven false,https://sharylattkisson.substack.com/p/media-mistakes-in-reporting-on-donald,Outlet's own correction,On-air correction
"Reuters and others cast Brian Harrison as a 'former Labradoodle breeder' plucked to lead U.S. pandemic task force; he never led the task force and had prior high-level government service.
Began: Apr 22, 2020 (Reuters and peers same-day) | Ended: Apr 2020 (clarifications of role and résumé)",https://sharylattkisson.substack.com/p/media-mistakes-in-reporting-on-donald,Reuters and other outlets,days,résumé smear / wrong title,clarification,248,Attkisson #127. Unfavorable to Trump HHS staffing. Also: https://www.reuters.com/,Proven false,https://sharylattkisson.substack.com/p/media-mistakes-in-reporting-on-donald,Outlet's own correction,Appended correction line
"MSNBC wrongly reported up to 30 U.S. deaths after an Iranian rocket attack; no Americans were killed (Iranian figure).
Began: Jan 7, 2020 (MSNBC) | Ended: Jan 2020 (correction to zero U.S. deaths)",https://sharylattkisson.substack.com/p/media-mistakes-in-reporting-on-donald,MSNBC,hours to days,enemy casualty claim treated as fact,correction,249,Attkisson #110. Context of Trump Iran tensions after Soleimani. Also: https://www.msnbc.com/,Proven false,https://sharylattkisson.substack.com/p/media-mistakes-in-reporting-on-donald,Outlet's own correction,Appended correction line
"CBS 60 Minutes tweeted Pompeo tried to resurrect a 'debunked' theory virus was man-made; Pompeo's full answers agreed with IC that it was not man-made/genetically modified.
Began: May 10, 2020 (CBS 60 Minutes tweet) | Ended: Full interview transcript contradiction",https://sharylattkisson.substack.com/p/media-mistakes-in-reporting-on-donald,CBS News / 60 Minutes,hours to days,inverted interview characterization,contradicted by transcript,250,Attkisson #133. Also: https://www.cbsnews.com/,Proven false,https://sharylattkisson.substack.com/p/media-mistakes-in-reporting-on-donald,Original transcript/video,Appended correction line
