Year,PEP total resident population (July 1),ACS total population,ACS US citizens (B05001),ACS noncitizens (B05001),"ACS CVAP (citizens 18+, B29001/B05003)",YoY CHANGE: ACS citizens (number) [formula],YoY CHANGE: ACS citizens (%) [formula],ACS comparability note,"EAVS registered voters, total (as published)",EAVS active,EAVS inactive,EAVS note,"CPS citizens 18+ (thousands, even yrs)",CPS registered citizens (thousands),CHANGE vs prior EAVS cycle: total registered [formula],Registration change: documented reason,DHS persons naturalized (FY),DHS naturalization applications filed (FY),YoY CHANGE: persons naturalized [formula],Naturalization change: reason,EAVS new valid registrations (exact),CHANGE vs prior EAVS cycle: new valid [formula],"EAVS new valid (rounded narrative, where no exact figure)",EAVS removals total,Removed: moved,Removed: died,Removed: failure to respond to confirmation notice + 2 federal elections,Removed: felony,Removed: voter request,Removed: mental incompetence,Removed: duplicate,Removed: other,Removed: not categorized,EAVS removals note,CDC births,Births status,CDC deaths,Deaths status,SSA SSNs issued (thousands),YoY CHANGE: SSNs issued (thousands) [formula],SSNs issued: % under age 15,SSN citizen/noncitizen split & Enumeration at Birth,Notes / missing-data reasons
2005,295516599,288378137,267656123,20722014,197004322,,,2005 ACS covered household population only (no group quarters); 2005->2006 change not comparable.,Not reported,Not reported,Not reported,,Not reported,Not reported,,,604280,602970,,,Not reported,,,Not reported,Not reported,Not reported,Not reported,Not reported,Not reported,Not reported,Not reported,Not reported,Not reported,,4138349,Final,2448017,Final,5280,,Not reported,Not reported: SSA statistical tables do not split SSNs by citizenship or show EAB counts; only official split found is GAO-04-12 for FY2002 (4.23M citizens / 1.34M noncitizens; ~89% of citizen SSNs via EAB).,EAVS/CPS: Not reported (odd year; surveys are biennial for federal general elections).
2006,298379912,299398485,277618427,21780058,206287902,Not computed: not comparable,Not computed: not comparable,,172805006,Not reported,Not reported,"EAVS 2006 report TOTAL row. NVRA 2005-06 report gives >=172.8M total, ~160.3M active, 21.2M inactive (rounded). Active/inactive exact figures not reported in the tables pulled.",201073,135847,,Documented (EAC 2005-06 NVRA report): decline from 2004 attributed to HAVA statewide voter-registration databases removing duplicates plus post-presidential-year list maintenance.,702590,730640,98310,,Not reported,,"~17.3 million (rounded, NVRA 2005-06 report)",Not reported,Not reported,Not reported,Not reported,Not reported,Not reported,Not reported,Not reported,Not reported,Not reported,"~13 million (42 states; rounded): failure 3.5M, moved 3.0M, death 2.0M, other 3.7M, felony 0.3M, request 0.4M",4265555,Final,2426264,Final,5662,382,Not reported,Not reported: SSA statistical tables do not split SSNs by citizenship or show EAB counts; only official split found is GAO-04-12 for FY2002 (4.23M citizens / 1.34M noncitizens; ~89% of citizen SSNs via EAB).,
2007,301231207,301621159,279743348,21877811,208186178,2124921,0.77%,,Not reported,Not reported,Not reported,,Not reported,Not reported,,,660480,1382990,-42110,"Applications filed jumped to 1,382,990 ahead of the July 30, 2007 USCIS fee increase and the 2008 election (per DHS naturalization flow reporting; reason text not re-verified from box).",Not reported,,,Not reported,Not reported,Not reported,Not reported,Not reported,Not reported,Not reported,Not reported,Not reported,Not reported,,4316233,Final,2423712,Final,5906,244,Not reported,Not reported: SSA statistical tables do not split SSNs by citizenship or show EAB counts; only official split found is GAO-04-12 for FY2002 (4.23M citizens / 1.34M noncitizens; ~89% of citizen SSNs via EAB).,EAVS/CPS: Not reported (odd year; surveys are biennial for federal general elections).
2008,304093966,304059728,282428702,21631026,210710906,2685354,0.96%,,189844867,Not reported,Not reported,EAC NVRA 2007-08 report. EAVS summary text says 'more than 190 million' (see Discrepancies). Active/inactive not extracted.,206072,146311,17039861,No cause documented in source pulled. Presidential-election year.,1046540,525790,386060,"Surge in persons naturalized (1,046,540) as the FY2007 application spike was processed (DHS flow reporting; not re-verified from box).",Not reported,,"24.6 million (rounded, NVRA 2007-08 report)",Not reported,Not reported,Not reported,Not reported,Not reported,Not reported,Not reported,Not reported,Not reported,Not reported,"~12.7 million (rounded): moved 2.7M, died 2.4M, failure 3.9M, felony 262,366",4247694,Final,2471984,Final,5785,-121,Not reported,Not reported: SSA statistical tables do not split SSNs by citizenship or show EAB counts; only official split found is GAO-04-12 for FY2002 (4.23M citizens / 1.34M noncitizens; ~89% of citizen SSNs via EAB).,
2009,306771529,307006556,285335719,21670837,213020665,2907017,1.03%,,Not reported,Not reported,Not reported,,Not reported,Not reported,,,743720,570440,-302820,,Not reported,,,Not reported,Not reported,Not reported,Not reported,Not reported,Not reported,Not reported,Not reported,Not reported,Not reported,,4130665,Final,2437163,Final,5548,-237,Not reported,Not reported: SSA statistical tables do not split SSNs by citizenship or show EAB counts; only official split found is GAO-04-12 for FY2002 (4.23M citizens / 1.34M noncitizens; ~89% of citizen SSNs via EAB).,EAVS/CPS: Not reported (odd year; surveys are biennial for federal general elections).
2010,309378227,309349689,286869917,22479772,214916459,1534198,0.54%,,186874157,Not reported,Not reported,"EAC NVRA 2009-10 report. 2012 NVRA summary table shows 186,282,492 for 2010 (see Discrepancies).",210800,137263,-2970710,No cause documented in source pulled.,619910,710540,-123810,,Not reported,,"~14.4 million (rounded, NVRA 2009-10)",Not reported,Not reported,Not reported,Not reported,Not reported,Not reported,Not reported,Not reported,Not reported,Not reported,">15 million (rounded): moved ~3.8M, died ~3.0M, failure 6.1M, felony 371,414",3999386,Final,2468435,Final,5442,-106,Not reported,Not reported: SSA statistical tables do not split SSNs by citizenship or show EAB counts; only official split found is GAO-04-12 for FY2002 (4.23M citizens / 1.34M noncitizens; ~89% of citizen SSNs via EAB).,
2011,311839461,311591919,289354251,22237668,217462618,2484334,0.87%,,Not reported,Not reported,Not reported,,Not reported,Not reported,,,694190,756010,74280,,Not reported,,,Not reported,Not reported,Not reported,Not reported,Not reported,Not reported,Not reported,Not reported,Not reported,Not reported,,3953590,Final,2515458,Final,5354,-88,Not reported,Not reported: SSA statistical tables do not split SSNs by citizenship or show EAB counts; only official split found is GAO-04-12 for FY2002 (4.23M citizens / 1.34M noncitizens; ~89% of citizen SSNs via EAB).,EAVS/CPS: Not reported (odd year; surveys are biennial for federal general elections).
2012,314339099,313914040,291775619,22138421,220008145,2421368,0.84%,,194198928,Not reported,Not reported,"EAC NVRA 2011-12 report text. Same report's summary table shows 193,585,443 (see Discrepancies).",215081,153157,7324771,No cause documented in source pulled. Presidential-election year.,757430,899160,63240,,Not reported,,"23.8 million (rounded, NVRA 2011-12)",Not reported,Not reported,Not reported,Not reported,Not reported,Not reported,Not reported,Not reported,Not reported,Not reported,"~13.7 million (rounded): moved >3.7M, died ~3.0M, failure 4.1M, felony 308,797",3952841,Final,2543279,Final,5490,136,Not reported,Not reported: SSA statistical tables do not split SSNs by citizenship or show EAB counts; only official split found is GAO-04-12 for FY2002 (4.23M citizens / 1.34M noncitizens; ~89% of citizen SSNs via EAB).,
2013,316726282,316128839,294075483,22053356,222363928,2299864,0.79%,,Not reported,Not reported,Not reported,,Not reported,Not reported,,,779930,772620,22500,,Not reported,,,Not reported,Not reported,Not reported,Not reported,Not reported,Not reported,Not reported,Not reported,Not reported,Not reported,,3932181,Final,2596993,Final,5762,272,Not reported,Not reported: SSA statistical tables do not split SSNs by citizenship or show EAB counts; only official split found is GAO-04-12 for FY2002 (4.23M citizens / 1.34M noncitizens; ~89% of citizen SSNs via EAB).,EAVS/CPS: Not reported (odd year; surveys are biennial for federal general elections).
2014,319257560,318857056,296450000,22407056,224744860,2374517,0.81%,,190669639,173518745,23051454,"As shown in the 2018 EAVS report's prior-year table: 'reported' total 190,669,639; active+inactive 196,570,199. Some states reported active-only in 2014.",219941,142166,-3529289,Not comparable: some states reported active registrants only in 2014 (2018 EAVS prior-year table shows reported 190.7M vs active+inactive 196.6M).,653420,773820,-126510,,Not reported,,"16.6 million (rounded, 2014 EAVS narrative)",Not reported,Not reported,Not reported,Not reported,Not reported,Not reported,Not reported,Not reported,Not reported,Not reported,">14.8 million (rounded): moved >4.6M, died >2.7M, failure 5.2M, felony 313,416",3988076,Final,2626418,Final,5652,-110,Not reported,Not reported: SSA statistical tables do not split SSNs by citizenship or show EAB counts; only official split found is GAO-04-12 for FY2002 (4.23M citizens / 1.34M noncitizens; ~89% of citizen SSNs via EAB).,
2015,321815121,321418821,298825552,22593269,227019486,2375552,0.80%,,Not reported,Not reported,Not reported,,Not reported,Not reported,,,730260,783060,76840,,Not reported,,,Not reported,Not reported,Not reported,Not reported,Not reported,Not reported,Not reported,Not reported,Not reported,Not reported,,3978497,Final,2712630,Final,5844,192,73.4,Not reported: SSA statistical tables do not split SSNs by citizenship or show EAB counts; only official split found is GAO-04-12 for FY2002 (4.23M citizens / 1.34M noncitizens; ~89% of citizen SSNs via EAB).,EAVS/CPS: Not reported (odd year; surveys are biennial for federal general elections).
2016,324353340,323127515,300626542,22500973,228849669,1800990,0.60%,,214109360,185714229,18629063,"2016 EAVS Comprehensive Report (Table 3 shows 214,109,367; see Discrepancies).",224059,157596,23439721,No cause documented in source pulled. Presidential-election year.,753060,972150,22800,,28935330,,,16696470,5188806,4110047,4358065,334253,299717,10644,Not reported,1347664,1047274,,3945875,Final,2744248,Final,5945,101,Not reported,Not reported: SSA statistical tables do not split SSNs by citizenship or show EAB counts; only official split found is GAO-04-12 for FY2002 (4.23M citizens / 1.34M noncitizens; ~89% of citizen SSNs via EAB).,
2017,326608609,325719178,303142055,22577123,231416670,2515513,0.84%,,Not reported,Not reported,Not reported,,Not reported,Not reported,,,707270,986850,-45790,,Not reported,,,Not reported,Not reported,Not reported,Not reported,Not reported,Not reported,Not reported,Not reported,Not reported,Not reported,,3855500,Final,2813503,Final,5776,-169,Not reported,Not reported: SSA statistical tables do not split SSNs by citizenship or show EAB counts; only official split found is GAO-04-12 for FY2002 (4.23M citizens / 1.34M noncitizens; ~89% of citizen SSNs via EAB).,EAVS/CPS: Not reported (odd year; surveys are biennial for federal general elections).
2018,328529577,327167439,305068455,22098984,233565291,1926400,0.64%,,211665577,190662485,21164394,"2018 EAVS report (active+inactive 211,826,879). 2020 report shows 211,601,918 for 2018 (see Discrepancies).",228832,153066,-2443783,No cause documented in source pulled.,761900,837170,54630,,20872886,-8062444,,17300470,4268463,3730617,6062095,393735,489084,9569,Not reported,1243759,1103148,,3791712,Final,2839205,Final,5566,-210,Not reported,Not reported: SSA statistical tables do not split SSNs by citizenship or show EAB counts; only official split found is GAO-04-12 for FY2002 (4.23M citizens / 1.34M noncitizens; ~89% of citizen SSNs via EAB).,
2019,330226227,328239523,306489539,21749984,235418734,1421084,0.47%,,Not reported,Not reported,Not reported,,Not reported,Not reported,,,843590,830560,81690,,Not reported,,,Not reported,Not reported,Not reported,Not reported,Not reported,Not reported,Not reported,Not reported,Not reported,Not reported,,3747540,Final,2854838,Final,5403,-163,Not reported,Not reported: SSA statistical tables do not split SSNs by citizenship or show EAB counts; only official split found is GAO-04-12 for FY2002 (4.23M citizens / 1.34M noncitizens; ~89% of citizen SSNs via EAB).,EAVS/CPS: Not reported (odd year; surveys are biennial for federal general elections).
2020,331578104,329484119,309278120,20205999,Not reported,Not computed: not comparable,Not computed: not comparable,2020 = ACS experimental 1-year table XK200501; Census says it should not be compared with other years. No 2020 1-year CVAP table (B05003/B29001) was released.,228004364,209441338,18523963,2020 EAVS report.,231593,168308,16338787,No cause documented in source pulled. Presidential-election year; EAVS shows 33.4M new valid registrations.,628250,967760,-215340,"Drop to 628,250: USCIS suspended in-person services/oath ceremonies Mar-Jun 2020 due to COVID-19 (DHS flow reporting; not re-verified from box).",33437005,12564119,,18781054,5342509,4020596,5984924,269439,582352,9643,Not reported,1592211,979380,,3613647,Final,3383729,Final,4461,-942,83.9,Not reported: SSA statistical tables do not split SSNs by citizenship or show EAB counts; only official split found is GAO-04-12 for FY2002 (4.23M citizens / 1.34M noncitizens; ~89% of citizen SSNs via EAB).,ACS CVAP 2020: Not reported (no experimental CVAP table).
2021,332100166,331893745,310667725,21226020,239035960,Not computed: not comparable,Not computed: not comparable,,Not reported,Not reported,Not reported,,Not reported,Not reported,,,813860,789120,185610,Rebound as oath ceremonies resumed.,Not reported,,,Not reported,Not reported,Not reported,Not reported,Not reported,Not reported,Not reported,Not reported,Not reported,Not reported,,3664292,Final,3464231,Final,4934,473,79.0,Not reported: SSA statistical tables do not split SSNs by citizenship or show EAB counts; only official split found is GAO-04-12 for FY2002 (4.23M citizens / 1.34M noncitizens; ~89% of citizen SSNs via EAB).,EAVS/CPS: Not reported (odd year; surveys are biennial for federal general elections).
2022,333996304,333287562,311614516,21673046,241228116,946791,0.30%,,226339980,203660564,22794555,2022 EAVS report.,233546,161422,-1664384,No cause documented in source pulled.,969380,781080,155520,"969,380, highest since FY2008; USCIS backlog-reduction efforts (DHS/USCIS statements; not re-verified from box).",22810030,-10626975,,19260000,5117961,4898625,4776706,240887,758405,10637,Not reported,2324178,1132601,,3667758,Final,3279857,Final,5975,1041,67.3,Not reported: SSA statistical tables do not split SSNs by citizenship or show EAB counts; only official split found is GAO-04-12 for FY2002 (4.23M citizens / 1.34M noncitizens; ~89% of citizen SSNs via EAB).,
2023,336755052,334914896,312053551,22861345,241601029,439035,0.14%,,Not reported,Not reported,Not reported,,Not reported,Not reported,,,878460,827610,-90920,,Not reported,,,Not reported,Not reported,Not reported,Not reported,Not reported,Not reported,Not reported,Not reported,Not reported,Not reported,,3596017,Final,3090964,Final,6909,934,59.8,Not reported: SSA statistical tables do not split SSNs by citizenship or show EAB counts; only official split found is GAO-04-12 for FY2002 (4.23M citizens / 1.34M noncitizens; ~89% of citizen SSNs via EAB).,EAVS/CPS: Not reported (odd year; surveys are biennial for federal general elections).
2024,340003797,340110990,315714107,24396883,245275126,3660556,1.17%,,234504358,211144275,23184185,2024 EAVS report (Errata v2 Feb 2026 did not revise these totals).,236138,173854,8164378,No cause documented in source pulled. Presidential-election year.,818570,994130,-59890,,26185294,3375264,,21298175,6504112,4482207,6693317,293862,494917,13382,1175148,650030,1002042,"2024 Errata v2 revises: moved 6,504,140; deceased 4,576,275; felony 296,581; mental incompetence 13,354; not categorized 894,413 (total not restated). Duplicate category (1,175,148) new in 2024.",3628934,Final,3072666,Final,7470,561,56.1,Not reported: SSA statistical tables do not split SSNs by citizenship or show EAB counts; only official split found is GAO-04-12 for FY2002 (4.23M citizens / 1.34M noncitizens; ~89% of citizen SSNs via EAB).,
2025,341784857,Not reported,Not reported,Not reported,Not reported,,,"Not reported: 2025 ACS 1-year not yet released (www2.census.gov 2025 summary-file directory empty as of Sep 24, 2026).",Not reported,Not reported,Not reported,,Not reported,Not reported,,,Not reported,Not reported,,Not reported: FY2025 not yet in the DHS Yearbook (latest table FY2024).,Not reported,,,Not reported,Not reported,Not reported,Not reported,Not reported,Not reported,Not reported,Not reported,Not reported,Not reported,,3606400,PROVISIONAL (VSRR No. 43),3094593,PROVISIONAL (VSRR provisional 2025),Not reported,,Not reported,Not reported: SSA statistical tables do not split SSNs by citizenship or show EAB counts; only official split found is GAO-04-12 for FY2002 (4.23M citizens / 1.34M noncitizens; ~89% of citizen SSNs via EAB).,"ACS: Not reported: 2025 ACS 1-year not yet released (www2.census.gov 2025 summary-file directory empty as of Sep 24, 2026). EAVS/CPS: Not reported (odd year; surveys are biennial for federal general elections). EAVS 2026 and CPS 2026 not yet collected; DHS FY2025 naturalizations and SSA 2025 SSNs not yet published."
