Average state tax ,28.68,5.76,33.76,52.16,,30.77,5.95,35.9,0.6030048294117646
Alabama[4],30.0,1.0,31.0,49.4,,31.0,1.75,32.75,0.5715 | Storage Tank Trust Fund Charge: $0.0100/gal. Wholesale Oil License fee: $0.0075/gal on diesel fuel only. Inspection Fee: $0.0200/gal applies to gasoline and undyed diesel fuel that is not subject to excise.
Alaska[5],8.0,0.95,8.95,27.35,,8.0,0.95,8.95,0.3335 | Motor Fuel Surcharge: $0.0095/gal.
Arizona  ,18.0,1.0,19.0,37.4,,18.0,1.0,19.0,"0.434 | Storage Tank tax: $0.0100/gal. ""Use Class motor vehicle"" diesel rate = $0.2600/gal"
Arkansas,24.7,0.3,25.0,43.4,,28.5,0.3,28.8,0.532 | Border Zone rates may apply (state excise rate will not be more than $0.01/gal higher than the adjoining state's rate. See A.C.A. § 26-64-101 for details); Environmental Assurance fee: $0.0030/gal.
California[4]  ,63.4,10.24,73.64,92.04,,48.2,44.74,92.94,"1.1734 | 2.25% state sales tax on gasoline, 13.00% state sales tax on diesel (prepaid rates for these sales taxes: gasoline $0.0800/gal; diesel $0.4250/gal). Additional District sales taxes may apply. State Underground Storage Tank fee (all products): $0.02/gal. Oil Spill Prevention and Administration (OPSA) Fee (all products): $0.0990 per barrel ($0.0024/gal). Gasoline and diesel are also subject to costs associated with the Low Carbon Fuel Standard and Cap-and-Trade programs."
Colorado ,22.0,8.18,30.18,48.58,,20.5,15.17,35.68,"0.60075 | Bridge and Tunnel Impact (BTI) Fee: $0.0700/gal, diesel only. Environmental Response Surcharge (ERS): $0.0125/gal, gasoline and diesel. Fuel Impact Reduction Fee (FIRF): $0.006125/gal, gasoline and diesel. Perfluoroalkyl and Polyfluoroalkyl Substances Fee (PFAS): $0.003125/gal, gasoline and diesel. Road Usage Fee (RUF): $0.0600/gal, gasoline and diesel."
Connecticut,25.0,,25.0,43.4,,49.9,,49.9,0.743 | Petroleum Products Gross Earnings tax (PGET): 8.1% of gross earnings in each taxable quarter derived from the first sale of petroleum products. PGET does not apply to products to be used as heating fuels or bunker fuels. 
Delaware ,23.0,,23.0,41.4,,22.0,,22.0,"0.46399999999999997 | Hazardous Substance Cleanup Act (HSCA): 1.1902% tax on gross receipts from the sale of petroleum or petroleum products, and the adjustable rates cannot be lower than 0.675% or higher than 1.675%."
District of Columbia  ,23.5,12.2,35.7,54.1,,23.5,12.2,35.7,0.601 | Motor Vehicle Fuel Tax Surcharge/Local Transportation Surcharge: $0.1220/gal as of 10/1/25.
Florida[4]  ,22.0,18.1,40.1,58.5,,22.0,18.97,40.97,"0.65371 | For 2026, the gasoline and diesel state taxes are the excise and sales taxes added together. Other fees and pollutant taxes: Ninth-Cent fee (diesel only) $0.01/gal; Petroleum Inspection fee (gasoline, kerosene and No. 1 fuel oil only) $0.00125/gal; Local Option fee $0.06/gal; State Comprehensive Enhanced Transportation System Tax (SCETS) $0.099/gal; Coastal Protection tax $0.00048/gal; Inland Protection tax $0.01904/gal; Water Quality tax $0.00119. The listed gasoline rate does not include additional local option taxes above the statewide minimum of $0.06/gal. "
Georgia[4]  ,33.3,0.75,34.05,52.45,,37.3,0.75,38.05,"0.6245 | Georgia Underground Storage Tank (GUST) fee on petro products: $0.0075/gal. The average retail price used for the Prepaid Local Tax (TSPLOST) changed as of 1/1/16; for more information, see https://dor.georgia.gov/motor-fuel-rates. "
Hawaii[4]  ,16.0,2.5,18.5,36.9,,16.0,2.5,18.5,"0.429 | In addition to State rates: Honolulu: $0.1650/gal; Maui: $0.2400/gal; Hawaii: $0.2300/gal; Kauai: $0.1700/gal. Environmental Response, Energy, and Food Security Tax $0.0250/gal. "
Idaho ,32.0,1.0,33.0,51.4,,32.0,1.0,33.0,0.5740000000000001 | Petroleum Transfer Fee (all fuels): $0.0100/gal. 
Illinois[4]  ,49.6,22.1,71.7,90.1,,57.1,22.1,79.2,"1.036 | Prepaid Sales Tax Rates: $0.2100/gal for gasoline containing less than 15% denatured ethanol and diesel containing less than 10% biodiesel or renewable diesel, $0.1900/gal for E15 gasohol, and $0.1700/gal for mid-range ethanol blends. Underground Storage Tank tax: $0.0030/gal. Environmental Impact Fee: $0.0080/gal."
Indiana,37.0,27.5,64.5,82.9,,63.0,1.0,64.0,"0.884 | The Gasoline Use Tax (formerly the prepaid sales tax) is considered the equivalent of the 7% sales tax that would be collected by a retail merchant and replaces the obligation of the retail merchant to collect the sales tax on the sale of gasoline. The Gasoline Use Tax is calculated on a monthly basis (see Departmental Notices for new rates). The rate is $0.2650/gal, as of 6/1/26. A 7% sales tax on diesel fuel no longer applies. Oil Inspection fee: $0.0100/gal."
Iowa,30.0,,30.0,48.4,,32.5,,32.5,0.569 | Environmental Protection Charge (EPC): Repealed as of 12/31/16 ($0.0100/gal on petroleum products). Ethanol Blended Gasoline E-15 or Higher is a new fuel group effective 7/1/20. Diesel includes biodiesel B-19 and lower as of 7/1/2024. 
Kansas,24.0,1.03,25.03,43.43,,26.0,1.03,27.03,0.5143 | Environmental Assurance Fee: $0.0100/gal (back in effect 1/1/20). Petroleum Product Inspection Fee: 0.015 cents per barrel (bbl = 50 gals) or $0.0003/gal.
Kentucky,25.0,1.4,26.4,44.8,,22.0,1.4,23.4,"0.478 | Petroleum Storage Tank Environmental Assurance Fee: $0.0140/gal. Rates are calculated quarterly on the average wholesale price of fuel. Beginning July 1, 2016, rates calculated and adjusted on an annual basis. Governor Beshear's Executive Order 2026-235 in May 2026 temporarily reduced motor fuel tax rates by 10 cents per gallon, which expired June 30, 2026."
Louisiana,20.0,0.92,20.93,39.32,,20.0,0.92,20.93,"0.45325000000000004 | State Inspection fee (applies to all petroleum products): $0.00125/gal. Motor Fuels Underground Storage Tank Trust Fund fee applies to gasoline, No. 1 diesel, No. 2 diesel, kerosene, and all aviation fuels (not to LPG): $72 per 9,000 gallon load ($0.0080/gal)."
Maine,30.0,1.45,31.45,49.85,,31.2,0.76,31.96,"0.563619 | Maine Coastal and Inland Surface Oil Clean-up Fund fee (no longer in effect after July 3, 2015): $0.0300/bbl ($0.0007/gal) for all crude oil and refined oil, including #6 fuel oil, #2 fuel oil, kerosene, gasoline, jet fuel, diesel fuel and liquid asphalt. Ground Water Oil Clean-up Fund fees: $0.6100/bbl ($0.01452/gal) of gasoline; $0.3200/bbl ($0.007619/gal) of refined petroleum products and their by-products (other than gasoline and #6 fuel oil), including #2 fuel oil, kerosene, jet fuel and diesel fuel; and $0.0400/bbl of #6 fuel oil. Petroleum Marketing Fund Fee: $0.4000 per 10,000 gallons of home heating oil and motor fuel oil."
Maryland,23.5,23.31,46.81,65.21,,24.25,23.41,47.66,"0.7205999999999999 | CPI component $0.1040/gal ($0.1050 for diesel) as of 7/1/26, Sales and Use Tax Equivalent rate (SUTE) component $0.1270/gal as of 7/1/26. Oil transfer Fee: $0.0900/bbl ($0.0021/gal) of oil transferred into the State."
Massachusetts,24.0,3.56,27.56,45.96,,24.0,3.56,27.56,"0.519593 | Underground Storage Tank Petroleum Product Cleanup Fund Delivery fee: $343.93 per 10k load ($0.034393/gal). Underground Storage Tank fee: $250 per year, per tank. Uniform Oil Response + Prevention fee: $0.0500/barrel ($0.0012/gal), all products."
Michigan,52.4,1.0,53.4,71.8,,52.4,1.0,53.4,"0.778 | Prepaid Sales Tax rates on fuels ceased as of January 1, 2026. Environmental protection regulatory fee: $0.0100/gal all products. "
Minnesota,32.6,0.1,32.7,51.1,,32.6,0.1,32.7,"0.571 | Petroleum Tank Cleanup Fee (when in effect): $20 per 1,000 gallons ($0.0200/gal). Inspection fee: $1 for every 1,000 gallons received ($0.0010/gal)."
Mississippi[4],24.0,0.4,24.4,42.8,,24.0,0.4,24.4,"0.488 | Seawall Tax: $0.0300/gal (gasoline only) in effect in Harrison, Hancock, and Jackson Counties. Environmental Protection Fee: $0.0040/gal. Underground Storage Tank fee: $150 per tank per year."
Missouri[4],29.5,0.49,29.99,48.39,,29.5,0.49,29.99,"0.5439 | Petroleum Inspection fee: $0.0450 per 50 gallons ($0.0009/gal); Transport Load Fee $32.00 per 8,000 gallons ($0.0040/gal)."
Montana[4],33.0,0.75,33.75,52.15,,29.75,0.75,30.5,"0.5489999999999999 | Petroleum Storage Tank Cleanup fee : $0.0075/gal on gasoline, diesel and fuel oil, aviation gasoline, and (non-military use) jet fuel. "
Nebraska,31.8,0.9,32.7,51.1,,31.8,0.3,32.1,"0.565 | Petroleum Release Remedial Action fee: gasoline, gasohol, aviation gasoline, ethanol: $0.0090/gal; diesel, jet fuel, all others products: $0.0030/gal."
Nevada[4],23.0,0.8,23.8,42.21,,27.0,0.75,27.75,"0.5215000000000001 | Additional county and local option taxes on motor fuels add $0.0500 to $0.1000/gal (or more) to the state rate (County mandatory: $0.0100/gal, County Option: $0.0400-$0.9000/gal (or indexed rate)). Petroleum Products Inspection Fee: $0.00055/gal on gasoline; Clean-up Fee on gasoline, No. 1 and No. 2 distillates: $0.0075/gal."
New Hampshire,22.2,1.55,23.75,42.15,,22.2,1.55,23.75,"0.48146 | Oil Discharge and Disposal Cleanup Fund fee: $0.01331/gal on gasoline and diesel fuels, excluding heating fuels. Oil Pollution Control Fund fee: $0.00215/gal on all petroleum products except LPG and natural gas. "
New Jersey,10.5,38.65,49.15,67.55,,13.5,42.65,56.15,"0.8055 | Petroleum Products Gross Receipts Tax - requires quarterly adjustment. As of 6/30/26: $0.3860/gal for gasoline, $0.4260/gal for diesel fuel. Spill Compensation and Control Act: $0.0230/bbl ($0.0005/gal) on all petroleum products."
New Mexico,17.0,1.88,18.88,37.28,,21.0,1.88,22.87,"0.47275 | Petroleum Products Loading fee: $150 per 8,000 gallon load on gasoline and special fuels ($0.01875/gal). LOTs allowed, not in effect."
New York[4],8.0,16.18,24.18,42.58,,8.0,14.38,22.38,"0.467774 | Petroleum Business Tax (13-A) - requires annual adjustment (January 1, 2025: gasoline $0.1580/gal, diesel $0.1405/gal). Petroleum Testing Fee (gasoline): $0.0005/gal. Additional sales taxes apply: State Sales Tax: $0.0800/gal ($0.0875/gal in the Metropolitan Commuter Transportation District (MCTD)); local sales taxes also apply (some counties levy this in a cents-per-gallon manner). Prepaid Sales Tax rates (see Publication 790, ""Chart for Prepayment of Sales Tax on Motor Fuels'): $0.1800/gal, $0.1800/gal, $0.1700/gal for Regions 1, 2, 3, respectively. Oil Spill Prevention, Control, and Compensation License fee: $0.0950/bbl plus a surcharge of $0.0425/bbl, all petroleum products ($0.003274/gal)."
North Carolina,41.0,0.25,41.25,59.65,,41.0,0.25,41.25,0.6565 | Gasoline and Oil Inspection fee: $0.0025/gal on all motor fuels.
North Dakota,23.0,0.03,23.03,41.42,,23.0,0.03,23.03,"0.47425 | Inspection fee: $0.00025/gal on gasoline, kerosene, tractor fuel, heating oil, or diesel fuel."
Ohio,38.5,,38.5,56.9,,47.0,,47.0,"0.714 | Petroleum Activity Tax (PAT): 0.65% on the gross receipts from the first sale, transfer, exchange, or other disposition of motor fuel in Ohio to a point outside of the distribution system. "
Oklahoma,19.0,1.0,20.0,38.4,,19.0,1.0,20.0,"0.444 | Petroleum Storage Underground Tank Release fee: $0.0100/gal on gasoline, diesel fuel and blended fuel (gasohol, ethanol and fuel grade ethanol)."
Oregon[4],40.0,,40.0,58.4,,40.0,,40.0,0.644 | LOTS (local option taxes) allowed and levied at the county and municipal levels. Petroleum load fee: $10.00 per load (load = anything over 100 gals).
Pennsylvania,57.6,1.1,58.7,77.1,,74.1,,74.1,"0.985 | A variable rate is calculated annually and replaced the OCS and Liquid Fuels Tax (see PA Bulletin for updated rate info). Underground Storage Tank (UST) Fund fee (applies only to gasoline and diesel fuel into tanks at farms: $0.0110/gal. Most diesel fuel subject to the tank Capacity fee: $0.0825/gal of UST capacity, paid annually. See PA Insurance Dept, Bureau of Special Funds, USTIF for UST fees."
Rhode Island,40.0,1.12,41.12,59.52,,40.0,1.12,41.12,0.6552 | Environmental Protection Regulatory fee (EPRF): $0.0100/gal. Uniform Oil Response and Prevention (UORF) fee: $0.0500/bbl ($0.0012/gal).
South Carolina[4],28.0,0.75,28.75,47.15,,28.0,0.75,28.75,0.5315000000000001 | Inspection Fee: $0.0025/gal; Environmental Impact Fee: $0.0050/gal.
South Dakota,28.0,2.0,30.0,48.4,,28.0,2.0,30.0,0.544 | Tank Inspection Fee: $0.0200/gal.
Tennessee,26.0,1.4,27.4,45.8,,27.0,1.4,28.4,0.528 | Special Privilege Tax: $0.0100/gal. Environmental Assurance fee: $0.0040/gal.
Texas,20.0,,20.0,38.4,,20.0,,20.0,0.444 | Petro products delivery fee varies on load size (applies to all petro products).
Utah,37.9,0.65,38.55,56.95,,37.9,0.65,38.55,0.6295 | Environmental Assurance fee: $0.0065/gal.
Vermont,12.1,19.16,31.26,49.66,,28.0,5.0,33.0,0.5740000000000001 | Petroleum Distributor Licensing Fee: $0.0100/gal. Motor Fuel Transportation Infrastructure Assessment (MFTIA) fee: gasoline $0.0476/gal; diesel $0.0300/gal. Motor Fuel Tax Assessment (MFTA) applies to gasoline only: $0.1340/gal. Clean up fee applies to diesel only: $0.0100/gal.
Virginia,32.6,9.8,42.4,60.8,,33.6,9.9,43.5,"0.679 | Storage tank fee: $0.0020/gal. The Motor Vehicle Fuels Sales Tax (MVFST) (aka, Wholesale Sales Tax (WH)) rates: gasoline $0.0960/gal, diesel $0.0970/gal."
Washington[4],56.5,3.67,60.17,78.57,,59.5,3.67,63.17,"0.8756902999999999 | Oil Spill Administration Tax: $0.0400/bbl ($0.0009523/gal). Oil Spill Response tax: $0.0100/bbl ($0.000238/gal). Hazardous Substance tax on petroleum products that can be measured on per-barrel basis: $1.4900/bbl ($0.0355/gal). ""Border Zone Area Motor Fuel Tax"" $0.01/gal in counties bordering Canada. Petroleum Products Tax (PPT) reinstated as of 1/1/20: rate is based on the wholesale value of the petroleum product multiplied by .0030."
West Virginia,20.5,15.2,35.7,54.1,,20.5,15.2,35.7,"0.601 | Excise tax $0.2050/gal, Consumers Sales and Service Tax: $0.1520/gal."
Wisconsin,30.9,2.0,32.9,51.3,,30.9,2.0,32.9,0.573 | Petroleum Inspection fee: $0.0200/gal.
Wyoming,23.0,1.0,24.0,42.4,,23.0,1.0,24.0,0.484 | License Tax: $0.0100/gal.  
American Samoa,35.0,,35.0,,,31.5,3.5,35.0,Not subject to federal excise. 
Guam,15.0,4.0,19.0,,,14.0,4.0,18.0,"Not subject to federal excise. Automotive Surcharge (gasoline): $0.04/gal.  Mass Transit Automotive Surcharge (diesel): $0.04/gal. Excise taxes, Automotive surcharge, and Mass Transit Automotive Surcharge on liquid fuel suspended for 180 days, effective 6/21/2022."
Northern Mariana Islands,15.0,,15.0,,,15.0,,15.0,Not subject to federal excise. 
Puerto Rico,16.0,36.9,52.9,,,4.0,22.0,26.0,"Finished gasoline is subject to an additional $15.50/bbl ($0.369/gal) in taxes. Diesel fuel is also subject to an additional $9.25/bbl ($0.220/gal) in taxes.  See 13 L.P.R.A. § 31626, 13 L.P.R.A. § 31627, and 13 L.P.R.A. § 31627a. Not subject to federal excise."
U.S. Virgin Islands,14.0,,14.0,,,14.0,,14.0,Not subject to federal excise. 
"1 This list includes rates of general application (including, but not limited to, excise taxes, environmental taxes, special taxes, and inspection fees), exclusive of county and local taxes. Rates are also exclusive of any state taxes based on gross or net receipts. The information included in this document is for general informational purposes only and should not be construed as legal, tax, or other advice. Contact the appropriate state agencies for official information or guidance about motor fuel taxes and fees. State rates in effect as of July 1, 2026. Sources: State and Territorial statutes and government agencies. ",,,,,,,,,
"2 May include sales and/or use taxes, inspection fees, environmental fees, or other charges.",,,,,,,,,
3 Average of Total State taxes may not equal the sum due to rounding. ,,,,,,,,,
4 Local option taxes (LOTs) are allowed.,,,,,,,,,
"5 The State of Alaska suspended its motor fuels taxes on all fuel types and uses for a period of one year beginning September 1, 2008 and ending August 31, 2009.",,,,,,,,,
Note: Entries in blue indicate a change from the last edition of this table.,,,,,,,,,
