https://constitution.congress.gov/constitution/amendment-1/	200|https://constitution.congress.gov/constitution/amendment-1/
https://constitution.congress.gov/	200|https://constitution.congress.gov/
https://constitution.congress.gov/constitution/article-1/	200|https://constitution.congress.gov/constitution/article-1/
https://constitution.congress.gov/constitution/article-4/	200|https://constitution.congress.gov/constitution/article-4/
https://constitution.congress.gov/constitution/article-3/	200|https://constitution.congress.gov/constitution/article-3/
https://constitution.congress.gov/constitution/article-2/	200|https://constitution.congress.gov/constitution/article-2/
https://constitution.congress.gov/constitution/article-6/	200|https://constitution.congress.gov/constitution/article-6/
https://campaignlegal.org/update/congressional-stock-trading-and-stock-act	200|https://campaignlegal.org/update/congressional-stock-trading-and-stock-act
https://bjs.ojp.gov/document/ckle24.pdf	200|https://bjs.ojp.gov/document/ckle24.pdf
https://constitution.congress.gov/constitution/article-5/	200|https://constitution.congress.gov/constitution/article-5/
https://guides.loc.gov/federalist-papers/text-10-17#s-lg-box-wrapper-25493273	404|https://guides.loc.gov/federalist-papers/text-10-17#s-lg-box-wrapper-25493273
https://fiscaldata.treasury.gov/datasets/historical-debt-outstanding/	200|https://fiscaldata.treasury.gov/datasets/historical-debt-outstanding/
https://fred.stlouisfed.org/graph/?id=CPIAUCSL&units=pc1	000|https://fred.stlouisfed.org/graph/?id=CPIAUCSL&units=pc1
https://fiscaldata.treasury.gov/datasets/debt-to-the-penny/	200|https://fiscaldata.treasury.gov/datasets/debt-to-the-penny/
https://cde.ucr.cjis.gov/	200|https://cde.ucr.cjis.gov/
https://ballotpedia.org/119th_Congress_legislative_calendar	200|https://ballotpedia.org/119th_Congress_legislative_calendar
https://budget.house.gov/press-release/cbo-medicaid-spending-on-illegal-aliens-has-cost-taxpayers-over-162-billion-under-open-border-czar-harris	200|https://budget.house.gov/press-release/cbo-medicaid-spending-on-illegal-aliens-has-cost-taxpayers-over-162-billion-under-open-border-czar-harris
https://content.govdelivery.com/attachments/USDHSFEMA/2023/08/29/file_attachments/2597953/FEMA%20Advisory%20FEMA%20Announces%20Implementation%20of%20Immediate%20Needs%20Funding%2020230829.pdf	200|https://content.govdelivery.com/attachments/USDHSFEMA/2023/08/29/file_attachments/2597953/FEMA%20Advisory%20FEMA%20Announces%20Implementation%20of%20Immediate%20Needs%20Funding%2020230829.pdf
https://abc13.com/post/souther-border-texas-gov-greg-abbott-migrant-crisis-flights/14453558/	200|https://abc13.com/post/souther-border-texas-gov-greg-abbott-migrant-crisis-flights/14453558/
https://news.gallup.com/poll/695762/trust-media-new-low.aspx	200|https://news.gallup.com/poll/695762/trust-media-new-low.aspx
https://homeland.house.gov/wp-content/uploads/2024/10/2024-10-11-Green-et-al-to-Mayorkas-DHS-re-FEMA-Funding-Priorities.pdf	200|https://homeland.house.gov/wp-content/uploads/2024/10/2024-10-11-Green-et-al-to-Mayorkas-DHS-re-FEMA-Funding-Priorities.pdf
https://program.dsausa.org/	200|https://program.dsausa.org/
https://oig.justice.gov/reports/2019/o1912.pdf	404|https://oig.justice.gov/reports/2019/o1912.pdf
https://lda.senate.gov/system/public/	200|https://lda.gov/system/public/
https://homeland.house.gov/2024/10/24/startling-stats-factsheet-fiscal-year-2024-ends-with-nearly-3-million-inadmissible-encounters-10-8-million-total-encounters-since-fy2021/	200|https://homeland.house.gov/2024/10/24/startling-stats-factsheet-fiscal-year-2024-ends-with-nearly-3-million-inadmissible-encounters-10-8-million-total-encounters-since-fy2021/
https://oversight.house.gov/	200|https://oversight.house.gov/
https://cha.house.gov/2024/3/chairman-loudermilk-releases-additional-january-6-2021-uscp-cctv-footage	200|https://cha.house.gov/2024/3/chairman-loudermilk-releases-additional-january-6-2021-uscp-cctv-footage
https://savingplaces.org/national-trust-comments-to-ncpc	200|https://savingplaces.org/stories/national-trust-comments-to-ncpc
https://savingplaces.org/white-house	200|https://savingplaces.org/white-house
https://savingplaces.org/national-trust-letter-regarding-proposed-construction-of-white-house-ballroom	200|https://savingplaces.org/stories/national-trust-letter-regarding-proposed-construction-of-white-house-ballroom
https://news.gallup.com/poll/651905/solid-majority-supports-voter-identification-laws.aspx	404|https://news.gallup.com/poll/651905/solid-majority-supports-voter-identification-laws.aspx
https://radio.foxnews.com/2026/07/12/from-washington-rep-michael-mccaul-on-two-decades-of-public-service-and-the-changing-face-of-congress/	200|https://radio.foxnews.com/2026/07/12/from-washington-rep-michael-mccaul-on-two-decades-of-public-service-and-the-changing-face-of-congress/
https://time.com/4486502/hillary-clinton-basket-of-deplorables-transcript/	406|https://time.com/4486502/hillary-clinton-basket-of-deplorables-transcript/
https://supreme.justia.com/cases/federal/us/395/444/	200|https://supreme.justia.com/cases/federal/us/395/444/
https://storage.courtlistener.com/recap/gov.uscourts.dcd.287645/gov.uscourts.dcd.287645.69.0.pdf	200|https://storage.courtlistener.com/recap/gov.uscourts.dcd.287645/gov.uscourts.dcd.287645.69.0.pdf
https://news.un.org/en/story/2018/09/1020472	200|https://news.un.org/en/story/2018/09/1020472
https://storage.courtlistener.com/recap/gov.uscourts.dcd.287645/gov.uscourts.dcd.287645.1.0_4.pdf	200|https://storage.courtlistener.com/recap/gov.uscourts.dcd.287645/gov.uscourts.dcd.287645.1.0_4.pdf
https://usafacts.org/articles/congressional-time-in-session/	200|https://usafacts.org/articles/congressional-time-in-session/
https://storage.courtlistener.com/recap/gov.uscourts.dcd.287645/gov.uscourts.dcd.287645.61.0.pdf	200|https://storage.courtlistener.com/recap/gov.uscourts.dcd.287645/gov.uscourts.dcd.287645.61.0.pdf
https://storage.courtlistener.com/recap/gov.uscourts.flsd.651411/gov.uscourts.flsd.651411.672.0.pdf	200|https://storage.courtlistener.com/recap/gov.uscourts.flsd.651411/gov.uscourts.flsd.651411.672.0.pdf
https://storage.courtlistener.com/recap/gov.uscourts.gand.319434/gov.uscourts.gand.319434.1.1.pdf	200|https://storage.courtlistener.com/recap/gov.uscourts.gand.319434/gov.uscourts.gand.319434.1.1.pdf
https://savingplaces.org/amended-complaint-12-29-2025	200|https://cdn.savingplaces.org/2026/01/07/14/36/13/445201fd-3b38-48d2-9cdc-9627f820b48f/2025.12.29%20DE%2019%20-%20Amended%20Complaint.pdf
https://www.bls.gov/charts/consumer-price-index/	403|https://www.bls.gov/charts/consumer-price-index/
https://www.bls.gov/news.release/archives/cpi_07132022.htm	403|https://www.bls.gov/news.release/archives/cpi_07132022.htm
https://savingplaces.org/nthp-comments-to-cfa-2-18-2026	200|https://cdn.savingplaces.org/2026/02/18/11/40/47/5f6eaf36-5030-4a51-9bb4-cd99aca09060/NTHP%20CFA%20Public%20Comment%20Submission%20FINAL%20SIGNED%20.pdf
https://www.bls.gov/cpi/	403|https://www.bls.gov/cpi/
https://trumpwhitehouse.archives.gov/wp-content/uploads/2019/09/Unclassified09.2019.pdf	200|https://trumpwhitehouse.archives.gov/wp-content/uploads/2019/09/Unclassified09.2019.pdf
https://trumpwhitehouse.archives.gov/briefings-statements/remarks-president-trump-74th-session-united-nations-general-assembly/	200|https://trumpwhitehouse.archives.gov/briefings-statements/remarks-president-trump-74th-session-united-nations-general-assembly/
https://www.bls.gov/charts/employment-situation/civilian-unemployment-rate.htm	403|https://www.bls.gov/charts/employment-situation/civilian-unemployment-rate.htm
https://supreme.justia.com/cases/federal/us/573/12-1281/	200|https://supreme.justia.com/cases/federal/us/573/513/
https://www.bls.gov/news.release/archives/cpi_10192011.htm	403|https://www.bls.gov/news.release/archives/cpi_10192011.htm
https://www.c-span.org/clip/joint-session-of-congress/user-clip-the-first-duty-of-the-american-government/5194380	403|https://www.c-span.org/clip/joint-session-of-congress/user-clip-the-first-duty-of-the-american-government/5194380
https://www.bls.gov/news.release/cpi.nr0.htm	403|https://www.bls.gov/news.release/cpi.nr0.htm
https://savingplaces.org/nthp-complaint-20251212	200|https://cdn.savingplaces.org/2025/12/12/11/18/35/67417abc-4a91-4f91-9def-a1d4a041ee59/Complaint,%20Summonses,%20and%20Cover%20Sheet.pdf
https://www.cbo.gov/publication/61172	403|https://www.cbo.gov/publication/61172
https://www.cbo.gov/data/budget-economic-data	403|https://www.cbo.gov/data/budget-economic-data
https://www.cbo.gov/publication/60805	403|https://www.cbo.gov/publication/60805
https://www.cbo.gov/publication/61256	403|https://www.cbo.gov/publication/61256
https://www.c-span.org/clip/us-senate/user-clip-youve-released-the-whirlwind-and-you-will-pay-the-price--sen-chuck-schumer/4944670	403|https://www.c-span.org/clip/us-senate/user-clip-youve-released-the-whirlwind-and-you-will-pay-the-price--sen-chuck-schumer/4944670
https://www.cato.org/blog/who-will-pay-democratic-socialisms-200-trillion-cost	403|https://www.cato.org/blog/who-will-pay-democratic-socialisms-200-trillion-cost
https://www.cbo.gov/publication/62050	403|https://www.cbo.gov/publication/62050
https://www.c-span.org/clip/news-conference/user-clip-jeffries-maximum-warfare/5199623	403|https://www.c-span.org/clip/news-conference/user-clip-jeffries-maximum-warfare/5199623
https://www.c-span.org/video/?507744-1/president-trump-speaks-save-america-rally	403|https://www.c-span.org/video/?507744-1/president-trump-speaks-save-america-rally
https://www.cbo.gov/topics/budget	403|https://www.cbo.gov/topics/budget
https://www.c-span.org/program/public-affairs-event/house-minority-leader-jeffries-on-democracy/679567	403|https://www.c-span.org/program/public-affairs-event/house-minority-leader-jeffries-on-democracy/679567
https://www.congress.gov/	200|https://www.congress.gov/
https://www.c-span.org/program/news-conference/house-democrats-hold-news-conference-on-virginia-redistricting-vote/677945	403|https://www.c-span.org/program/news-conference/house-democrats-hold-news-conference-on-virginia-redistricting-vote/677945
https://www.congress.gov/112/plaws/publ105/PLAW-112publ105.pdf	200|https://www.congress.gov/112/plaws/publ105/PLAW-112publ105.pdf
https://www.cdc.gov/nchs/blog/posts/2026/03/most-common-drugs-in-u-s-overdose-deaths-2017-2023.html	403|https://www.cdc.gov/nchs/blog/posts/2026/03/most-common-drugs-in-u-s-overdose-deaths-2017-2023.html
https://www.cbp.gov/document/stats/us-border-patrol-fiscal-year-southwest-border-sector-apprehensions-fy-1960-fy-2019	200|https://www.cbp.gov/document/stats/us-border-patrol-fiscal-year-southwest-border-sector-apprehensions-fy-1960-fy-2019
https://www.aljazeera.com/news/2026/8/29/trump-announces-biggest-oil-deal-in-world-history-with-venezuela	200|https://www.aljazeera.com/news/2026/8/29/trump-announces-biggest-oil-deal-in-world-history-with-venezuela
https://comptroller.nyc.gov/services/for-the-public/accounting-for-asylum-seeker-services/fiscal-impacts	200|https://comptroller.nyc.gov/services/for-the-public/accounting-for-asylum-seeker-services/fiscal-impacts/
https://rumble.com/c/CHASubcommitteeOnOversightRepublicanMajority	200|https://rumble.com/c/CHASubcommitteeOnOversightRepublicanMajority
https://www.cbp.gov/newsroom/stats/nationwide-encounters	200|https://www.cbp.gov/newsroom/stats/nationwide-encounters
https://www.cbp.gov/newsroom/stats/cbp-enforcement-statistics	200|https://www.cbp.gov/newsroom/stats/cbp-enforcement-statistics
https://www.congress.gov/bill/103rd-congress/house-bill/2264	200|https://www.congress.gov/bill/103rd-congress/house-bill/2264
https://www.congress.gov/bill/107th-congress/house-joint-resolution/114	200|https://www.congress.gov/bill/107th-congress/house-joint-resolution/114
https://www.congress.gov/bill/111th-congress/house-bill/3590	200|https://www.congress.gov/bill/111th-congress/house-bill/3590
https://www.congress.gov/bill/116th-congress/house-bill/748	200|https://www.congress.gov/bill/116th-congress/house-bill/748
https://www.congress.gov/bill/105th-congress/house-bill/2014	200|https://www.congress.gov/bill/105th-congress/house-bill/2014
https://www.congress.gov/bill/115th-congress/house-bill/1	200|https://www.congress.gov/bill/115th-congress/house-bill/1
https://www.congress.gov/bill/108th-congress/house-bill/1	200|https://www.congress.gov/bill/108th-congress/house-bill/1
https://www.cbp.gov/newsroom/stats/southwest-land-border-encounters	200|https://www.cbp.gov/newsroom/stats/southwest-land-border-encounters
https://www.congress.gov/bill/117th-congress/house-bill/5376	200|https://www.congress.gov/bill/117th-congress/house-bill/5376
https://www.cms.gov/medicare/payment/medicare-part-b	404|https://www.cms.gov/medicare/payment/medicare-part-b
https://www.congress.gov/bill/119th-congress/house-bill/22	200|https://www.congress.gov/bill/119th-congress/house-bill/22
https://www.congress.gov/bill/119th-congress/senate-bill/128	200|https://www.congress.gov/bill/119th-congress/senate-bill/128
https://www.congress.gov/bill/116th-congress/house-resolution/755	200|https://www.congress.gov/bill/116th-congress/house-resolution/755
https://www.congress.gov/bill/108th-congress/house-bill/2	200|https://www.congress.gov/bill/108th-congress/house-bill/2
https://www.congress.gov/crs-product/IN12324	200|https://www.congress.gov/crs-product/IN12324
https://www.congress.gov/bill/104th-congress/house-bill/3734	200|https://www.congress.gov/bill/104th-congress/house-bill/3734
https://www.congress.gov/bill/117th-congress/house-bill/1319	200|https://www.congress.gov/bill/117th-congress/house-bill/1319
https://www.congress.gov/bill/118th-congress/house-bill/3746	200|https://www.congress.gov/bill/118th-congress/house-bill/3746
https://www.congress.gov/crs-product/R48612	200|https://www.congress.gov/crs-product/R48612
https://www.congress.gov/bill/119th-congress/senate-bill/5	200|https://www.congress.gov/bill/119th-congress/senate-bill/5
https://www.congress.gov/crs-product/RL30064	200|https://www.congress.gov/crs-product/RL30064
https://www.congress.gov/bill/117th-congress/house-resolution/24	200|https://www.congress.gov/bill/117th-congress/house-resolution/24
https://www.congress.gov/crs-product/RL30631	200|https://www.congress.gov/crs-product/RL30631
https://www.congress.gov/bill/88th-congress/house-bill/7152	200|https://www.congress.gov/bill/88th-congress/house-bill/7152
https://www.congress.gov/bill/117th-congress/house-resolution/503	200|https://www.congress.gov/bill/117th-congress/house-resolution/503
https://www.congress.gov/bill/118th-congress/house-bill/7888	200|https://www.congress.gov/bill/118th-congress/house-bill/7888
https://www.devex.com/news/who-were-usaid-s-top-contractors-in-2023-107745	403|https://www.devex.com/news/who-were-usaid-s-top-contractors-in-2023-107745
https://www.congress.gov/bill/111th-congress/house-bill/1	200|https://www.congress.gov/bill/111th-congress/house-bill/1
https://www.congress.gov/bill/111th-congress/senate-bill/181	200|https://www.congress.gov/bill/111th-congress/senate-bill/181
https://www.congress.gov/bill/111th-congress/house-bill/2	200|https://www.congress.gov/bill/111th-congress/house-bill/2
https://www.congress.gov/bill/110th-congress/house-bill/1424	200|https://www.congress.gov/bill/110th-congress/house-bill/1424
https://www.congress.gov/congressional-record/volume-165/issue-163/house-section/article/H8153-5	200|https://www.congress.gov/congressional-record/volume-165/issue-163/house-section/article/H8153-5
https://www.documentcloud.org/documents/23741594-donald-j-trump-sof/	403|https://www.documentcloud.org/documents/23741594-donald-j-trump-sof/
https://www.documentcloud.org/documents/25993306-doj-epstein-july-2025-memo	403|https://www.documentcloud.org/documents/25993306-doj-epstein-july-2025-memo
https://www.documentcloud.org/documents/23741570-new-york-v-trump-indictment/	403|https://www.documentcloud.org/documents/23741570-new-york-v-trump-indictment/
https://www.congress.gov/bill/107th-congress/house-bill/1836	200|https://www.congress.gov/bill/107th-congress/house-bill/1836
https://www.congress.gov/crs-product/R48150	200|https://www.congress.gov/crs-product/R48150
https://www.congress.gov/crs-product/R40962	200|https://www.congress.gov/crs-product/R40962
https://www.epochtv.shop/jan6	200|https://www.epochtv.shop/jan6
https://www.fbi.gov/news/stories/violent-crime-falls-at-historic-rate-new-fbi-data-show	200|https://www.fbi.gov/news/stories/violent-crime-falls-at-historic-rate-new-fbi-data-show
https://www.congress.gov/bill/93rd-congress/house-bill/7130	200|https://www.congress.gov/bill/93rd-congress/house-bill/7130
https://www.courtlistener.com/docket/72028010/72/national-trust-for-historic-preservation-in-the-united-states-v-national	200|https://www.courtlistener.com/docket/72028010/72/national-trust-for-historic-preservation-in-the-united-states-v-national/
https://www.durbin.senate.gov/newsroom/press-releases/durbin-denounces-judiciary-committee-republicans-hearing-on-transgender-athletes	200|https://www.durbin.senate.gov/newsroom/press-releases/durbin-denounces-judiciary-committee-republicans-hearing-on-transgender-athletes
https://www.foreignassistance.gov/	200|https://foreignassistance.gov/
https://www.courtlistener.com/docket/72028010/national-trust-for-historic-preservation-in-the-united-states-v-national/	200|https://www.courtlistener.com/docket/72028010/national-trust-for-historic-preservation-in-the-united-states-v-national/
https://www.fema.gov/sites/default/files/documents/fema_gpd_ssp-a-nofo_fy24.pdf	403|https://www.fema.gov/sites/default/files/documents/fema_gpd_ssp-a-nofo_fy24.pdf
https://www.dhs.gov/news/2026/01/08/radical-rhetoric-sanctuary-politicians-leads-unprecedented-1300-increase-assaults	200|https://www.dhs.gov/news/2026/01/08/radical-rhetoric-sanctuary-politicians-leads-unprecedented-1300-increase-assaults
https://www.fec.gov/data/receipts/individual-contributions/?contributor_name=SOROS%2C%20GEORGE	200|https://www.fec.gov/data/receipts/individual-contributions/?contributor_name=SOROS%2C%20GEORGE
https://www.gao.gov/products/gao-25-106862	403|https://www.gao.gov/products/gao-25-106862
https://www.gao.gov/products/gao-25-107746	403|https://www.gao.gov/products/gao-25-107746
https://www.congress.gov/crs-product/R42035	200|https://www.congress.gov/crs-product/R42035
https://www.gao.gov/products/gao-25-107753	403|https://www.gao.gov/products/gao-25-107753
https://www.gao.gov/products/gao-26-108154	403|https://www.gao.gov/products/gao-26-108154
https://www.gao.gov/products/gao-26-108945	403|https://www.gao.gov/products/gao-26-108945
https://www.jct.gov/	200|https://www.jct.gov/
https://www.foxnews.com/video/6396075535112	200|https://www.foxnews.com/video/6396075535112
https://www.dhs.gov/news/2026/02/24/making-america-safe-again-state-dhs-under-president-trump-and-secretary-noem	200|https://www.dhs.gov/news/2026/02/24/making-america-safe-again-state-dhs-under-president-trump-and-secretary-noem
https://www.dhs.gov/archive/news/2022/08/24/following-hsac-recommendation-dhs-terminates-disinformation-governance-board	200|https://www.dhs.gov/archive/news/2022/08/24/following-hsac-recommendation-dhs-terminates-disinformation-governance-board
https://www.jct.gov/publications/2017/jcx-67-17/	200|https://www.jct.gov/publications/2017/jcx-67-17/
https://www.fns.usda.gov/pd/supplemental-nutrition-assistance-program-snap	200|https://www.fna.usda.gov/pd/supplemental-nutrition-assistance-program-snap
https://www.huduser.gov/portal/datasets/assthsg.html	200|https://www.huduser.gov/portal/datasets/assthsg.html
https://www.dhs.gov/news/2026/01/29/dhs-celebrates-one-year-laken-riley-act	200|https://www.dhs.gov/news/2026/01/29/dhs-celebrates-one-year-laken-riley-act
https://www.judiciary.senate.gov/press/rep/releases/grassley-opens-senate-judiciary-hearing-on-ensuring-safety-and-fairness-for-female-athletes	200|https://www.judiciary.senate.gov/press/rep/releases/grassley-opens-senate-judiciary-hearing-on-ensuring-safety-and-fairness-for-female-athletes
https://www.ice.gov/doclib/eoy/iceAnnualReportFY2024.pdf	200|https://www.ice.gov/doclib/eoy/iceAnnualReportFY2024.pdf
https://www.judiciary.senate.gov/committee-activity/hearings/standing-up-for-women-in-sports-ensuring-opportunity-fairness-and-safety-for-female-athletes	200|https://www.judiciary.senate.gov/committee-activity/hearings/standing-up-for-women-in-sports-ensuring-opportunity-fairness-and-safety-for-female-athletes
https://www.justice.gov/archives/opa/speech/attorney-general-william-p-barr-delivers-remarks-release-report-investigation-russian	401|https://www.justice.gov/archives/opa/speech/attorney-general-william-p-barr-delivers-remarks-release-report-investigation-russian
https://www.justice.gov/opa/pr/leader-antifa-cell-members-north-texas-sentenced-100-years-prison-terrorist-attack-ice	401|https://www.justice.gov/opa/pr/leader-antifa-cell-members-north-texas-sentenced-100-years-prison-terrorist-attack-ice
https://www.justice.gov/storage/Report-of-Special-Counsel-Smith-Volume-1-January-2025.pdf	401|https://www.justice.gov/storage/Report-of-Special-Counsel-Smith-Volume-1-January-2025.pdf
https://www.justice.gov/archives/sco/file/1373816/dl	401|https://www.justice.gov/archives/sco/file/1373816/dl
https://www.justice.gov/sco-smith/media/1366521/dl	401|https://www.justice.gov/sco-smith/media/1366521/dl
https://www.justice.gov/storage/US_v_Trump-Nauta_23-80101.pdf	401|https://www.justice.gov/storage/US_v_Trump-Nauta_23-80101.pdf
https://www.justice.gov/storage/US_v_Trump_23_cr_257.pdf	401|https://www.justice.gov/storage/US_v_Trump_23_cr_257.pdf
https://www.justice.gov/storage/durhamreport.pdf	401|https://www.justice.gov/storage/durhamreport.pdf
https://www.justice.gov/usao-dc/48-months-jan-6-attack-us-capitol	401|https://www.justice.gov/usao-dc/48-months-jan-6-attack-us-capitol
https://www.justice.gov/usao-dc/capitol-breach-cases	401|https://www.justice.gov/usao-dc/capitol-breach-cases
https://www.justice.gov/usao-sdny/pr/manhattan-us-attorney-announces-narco-terrorism-charges-against-nicolas-maduro-current	401|https://www.justice.gov/usao-sdny/pr/manhattan-us-attorney-announces-narco-terrorism-charges-against-nicolas-maduro-current
https://www.hsgac.senate.gov/hearings/exposing-fraud-in-america/	200|https://www.hsgac.senate.gov/hearings/exposing-fraud-in-america/
https://www.courtlistener.com/docket/67490070/united-states-v-trump/	200|https://www.courtlistener.com/docket/67490070/united-states-v-trump/
https://www.law.cornell.edu/uscode/text/18/2385	200|https://www.law.cornell.edu/uscode/text/18/2385
https://www.law.cornell.edu/uscode/text/18/2383	200|https://www.law.cornell.edu/uscode/text/18/2383
https://www.law.cornell.edu/uscode/text/18/1201	200|https://www.law.cornell.edu/uscode/text/18/1201
https://www.law.cornell.edu/uscode/text/22/4411	200|https://www.law.cornell.edu/uscode/text/22/4411
https://www.law.cornell.edu/uscode/text/2/1601	200|https://www.law.cornell.edu/uscode/text/2/1601
https://www.law.cornell.edu/uscode/text/18/2384	200|https://www.law.cornell.edu/uscode/text/18/2384
https://www.migrationpolicy.org/article/us-cities-migrant-arrivals-new-normal	404|https://www.migrationpolicy.org/article/us-cities-migrant-arrivals-new-normal
https://www.macpac.gov/publication/medicaid-benefit-spending-per-full-year-equivalent-fye-enrollee-by-state-and-eligibility-group/	200|https://www.macpac.gov/publication/medicaid-benefit-spending-per-full-year-equivalent-fye-enrollee-by-state-and-eligibility-group/
https://www.law.cornell.edu/uscode/text/5/3331	200|https://www.law.cornell.edu/uscode/text/5/3331
https://www.mgma.com/	200|https://www.mgma.com/
https://www.law.cornell.edu/uscode/text/2/1415	200|https://www.law.cornell.edu/uscode/text/2/1415
https://www.nytimes.com/2026/09/16/magazine/congress-trump-midterms.html	403|https://www.nytimes.com/2026/09/16/magazine/congress-trump-midterms.html
https://www.opensocietyfoundations.org/	200|https://www.opensocietyfoundations.org/
https://www.newsbusters.org/blogs/nb/rich-noyes/2025/04/28/tv-news-assaults-2nd-trump-admin-92-negative-coverage	200|https://www.newsbusters.org/blogs/nb/rich-noyes/2025/04/28/tv-news-assaults-2nd-trump-admin-92-negative-coverage
https://www.oyez.org/cases/1968/492	200|https://www.oyez.org/cases/1968/492
https://www.oyez.org/cases/1978/78-680	200|https://www.oyez.org/cases/1978/78-680
https://www.opensecrets.org/news/2025/02/federal-lobbying-set-new-record-in-2024/	200|https://www.opensecrets.org/news/2025/02/federal-lobbying-set-new-record-in-2024/
https://www.nbcnews.com/video/biden-says-it-was-a-mistake-to-use-bullseye-in-remarks-about-trump-214895685978	200|https://www.nbcnews.com/video/biden-says-it-was-a-mistake-to-use-bullseye-in-remarks-about-trump-214895685978
https://www.oig.dhs.gov/sites/default/files/assets/2026-04/OIG-26-04-Apr26.pdf	200|https://www.oig.dhs.gov/sites/default/files/assets/2026-04/OIG-26-04-Apr26.pdf
https://www.oyez.org/cases/2013/12-1281	200|https://www.oyez.org/cases/2013/12-1281
https://www.pewresearch.org/short-reads/2026/02/02/migrant-encounters-at-the-us-mexico-border-are-at-their-lowest-level-in-more-than-50-years/	200|https://www.pewresearch.org/short-reads/2026/02/02/migrant-encounters-at-the-us-mexico-border-are-at-their-lowest-level-in-more-than-50-years/
https://www.law.cornell.edu/uscode/text/26/6104	200|https://www.law.cornell.edu/uscode/text/26/6104
https://www.science.org/doi/10.1126/science.adu5584	403|https://www.science.org/doi/10.1126/science.adu5584
https://www.sigar.mil/Portals/147/Files/Reports/Audits-and-Inspections/Performance-Audits/SIGAR-24-22-AR.pdf	000|https://www.sigar.mil/Portals/147/Files/Reports/Audits-and-Inspections/Performance-Audits/SIGAR-24-22-AR.pdf
https://www.sigar.mil/Portals/147/Files/Reports/Audits-and-Inspections/Performance-Audits/SIGAR-25-16-AR.pdf	000|https://www.sigar.mil/Portals/147/Files/Reports/Audits-and-Inspections/Performance-Audits/SIGAR-25-16-AR.pdf
https://www.realclearpolitics.com/video/2018/06/26/maxine_waters_pelosi_and_schumer_dont_really_say_im_out_of_line.html	403|https://www.realclearpolitics.com/video/2018/06/26/maxine_waters_pelosi_and_schumer_dont_really_say_im_out_of_line.html
https://www.pewresearch.org/politics/2025/08/13/views-of-the-2024-election-and-voting/	404|https://www.pewresearch.org/politics/2025/08/13/views-of-the-2024-election-and-voting/
https://www.pewresearch.org/short-reads/2025/02/06/what-the-data-says-about-us-foreign-aid/	200|https://www.pewresearch.org/short-reads/2025/02/06/what-the-data-says-about-us-foreign-aid/
https://www.ssa.gov/oact/trsum/	403|https://www.ssa.gov/oact/trsum/
https://www.ssa.gov/policy/docs/statcomps/ssi_asr/	403|https://www.ssa.gov/policy/docs/statcomps/ssi_asr/
https://www.pewresearch.org/short-reads/2025/10/01/congress-has-long-struggled-to-pass-spending-bills-on-time/	200|https://www.pewresearch.org/short-reads/2025/10/01/congress-has-long-struggled-to-pass-spending-bills-on-time/
https://www.ssa.gov/ssi/	403|https://www.ssa.gov/ssi/
https://www.senate.gov/history/partydiv.htm	200|https://www.senate.gov/history/partydiv.htm
https://www.ssa.gov/ssi/spotlights/spot-non-citizens.htm	403|https://www.ssa.gov/ssi/spotlights/spot-non-citizens.htm
https://www.theepochtimes.com/epochtv/the-real-story-of-jan-6-documentary-4596670	200|https://www.theepochtimes.com/epochtv/the-real-story-of-jan-6-documentary-4596670
https://www.law.cornell.edu/uscode/text/8/1324	200|https://www.law.cornell.edu/uscode/text/8/1324
https://www.law.cornell.edu/uscode/text/42/1395dd	200|https://www.law.cornell.edu/uscode/text/42/1395dd
https://www.eia.gov/petroleum/gasdiesel/	200|https://www.eia.gov/petroleum/gasdiesel/
https://www.whitehouse.gov/	200|https://www.whitehouse.gov/
https://www.supremecourt.gov/opinions/17pdf/17-965_h315.pdf	200|https://www.supremecourt.gov/opinions/17pdf/17-965_h315.pdf
https://www.washingtonpost.com/politics/2025/12/03/george-soros-prosecutors-campaign-finance/	000|https://www.washingtonpost.com/politics/2025/12/03/george-soros-prosecutors-campaign-finance/
https://www.whitehouse.gov/fact-sheets/2026/01/fact-sheet-president-donald-j-trump-establishes-new-department-of-justice-division-for-national-fraud-enforcement/	200|https://www.whitehouse.gov/fact-sheets/2026/01/fact-sheet-president-donald-j-trump-establishes-new-department-of-justice-division-for-national-fraud-enforcement/
https://www.usaspending.gov/agency/agency-for-international-development	200|https://www.usaspending.gov/agency/agency-for-international-development
https://www.whitehouse.gov/wp-content/uploads/2019/09/Unclassified09.2019.pdf	404|https://www.whitehouse.gov/wp-content/uploads/2019/09/Unclassified09.2019.pdf
https://www.law.cornell.edu/uscode/text/8/1373	200|https://www.law.cornell.edu/uscode/text/8/1373
https://www.uscis.gov/humanitarian/consideration-of-deferred-action-for-childhood-arrivals-daca	200|https://www.uscis.gov/DACA
https://www.youtube.com/watch?v=tnNBvN4ZXms	200|https://www.youtube.com/watch?v=tnNBvN4ZXms
https://www.youtube.com/watch?v=-1Fu3g1MGHY	200|https://www.youtube.com/watch?v=-1Fu3g1MGHY
https://www.law.cornell.edu/uscode/text/8/1611	200|https://www.law.cornell.edu/uscode/text/8/1611
https://www.youtube.com/watch?v=yu-7L5W6Rew	200|https://www.youtube.com/watch?v=yu-7L5W6Rew
https://www.law.cornell.edu/uscode/text/8/1641	200|https://www.law.cornell.edu/uscode/text/8/1641
https://www.youtube.com/watch?v=Hy4uBHoav3Y	200|https://www.youtube.com/watch?v=Hy4uBHoav3Y
https://www.law.cornell.edu/uscode/text/52/20507	200|https://www.law.cornell.edu/uscode/text/52/20507
https://www.govinfo.gov/content/pkg/GOVPUB-S-PURL-gpo248012/pdf/GOVPUB-S-PURL-gpo248012.pdf	200|https://www.govinfo.gov/content/pkg/GOVPUB-S-PURL-gpo248012/pdf/GOVPUB-S-PURL-gpo248012.pdf
https://www.stophate.com	200|https://stophate.com/
https://x.com/KamalaHarris/status/1267555018128965643	200|https://x.com/KamalaHarris/status/1267555018128965643
https://www.eia.gov/outlooks/steo/	200|https://www.eia.gov/outlooks/steo/
https://www.uscourts.gov/sites/default/files/2025-01/bf_f2_1231.2024.pdf	200|https://www.uscourts.gov/sites/default/files/2025-01/bf_f2_1231.2024.pdf
https://www.kansascityfed.org/agriculture/agfinance-updates/larger-operating-loans-boost-farm-lending-activity-in-2025/	000|https://www.kansascityfed.org/agriculture/agfinance-updates/larger-operating-loans-boost-farm-lending-activity-in-2025/
