company,period,net_income_bil,form,accession,filing_index_url
Valero Energy,CY2008,-1.131,10-K,0001035002-11-000013,https://www.sec.gov/Archives/edgar/data/1035002/000103500211000013/
Valero Energy,CY2019,2.422,10-K,0001035002-22-000007,https://www.sec.gov/Archives/edgar/data/1035002/000103500222000007/
Valero Energy,CY2020,-1.421,10-K,0001035002-23-000027,https://www.sec.gov/Archives/edgar/data/1035002/000103500223000027/
Valero Energy,CY2021,0.93,10-K,0001035002-24-000007,https://www.sec.gov/Archives/edgar/data/1035002/000103500224000007/
Valero Energy,CY2022,11.528,10-K,0001035002-25-000005,https://www.sec.gov/Archives/edgar/data/1035002/000103500225000005/
Valero Energy,CY2023,8.835,10-K,0001628280-26-011499,https://www.sec.gov/Archives/edgar/data/1035002/000162828026011499/
Valero Energy,CY2024,2.77,10-K,0001628280-26-011499,https://www.sec.gov/Archives/edgar/data/1035002/000162828026011499/
Valero Energy,CY2025,2.348,10-K,0001628280-26-011499,https://www.sec.gov/Archives/edgar/data/1035002/000162828026011499/
Valero Energy,CY2025Q2,0.714,10-Q,0001628280-26-050937,https://www.sec.gov/Archives/edgar/data/1035002/000162828026050937/
Valero Energy,CY2026Q1,1.263,10-Q,0001628280-26-028690,https://www.sec.gov/Archives/edgar/data/1035002/000162828026028690/
Valero Energy,CY2026Q2,3.72,10-Q,0001628280-26-050937,https://www.sec.gov/Archives/edgar/data/1035002/000162828026050937/
Marathon Petroleum,CY2019,2.637,10-K,0001510295-22-000011,https://www.sec.gov/Archives/edgar/data/1510295/000151029522000011/
Marathon Petroleum,CY2020,-9.826,10-K,0001510295-23-000012,https://www.sec.gov/Archives/edgar/data/1510295/000151029523000012/
Marathon Petroleum,CY2021,9.738,10-K,0001510295-24-000015,https://www.sec.gov/Archives/edgar/data/1510295/000151029524000015/
Marathon Petroleum,CY2022,14.516,10-K,0001510295-25-000012,https://www.sec.gov/Archives/edgar/data/1510295/000151029525000012/
Marathon Petroleum,CY2023,9.681,10-K,0001510295-26-000009,https://www.sec.gov/Archives/edgar/data/1510295/000151029526000009/
Marathon Petroleum,CY2024,3.445,10-K,0001510295-26-000009,https://www.sec.gov/Archives/edgar/data/1510295/000151029526000009/
Marathon Petroleum,CY2025,4.047,10-K,0001510295-26-000009,https://www.sec.gov/Archives/edgar/data/1510295/000151029526000009/
Marathon Petroleum,CY2025Q2,1.216,10-Q,0001510295-26-000061,https://www.sec.gov/Archives/edgar/data/1510295/000151029526000061/
Marathon Petroleum,CY2026Q1,0.511,10-Q,0001510295-26-000042,https://www.sec.gov/Archives/edgar/data/1510295/000151029526000042/
Marathon Petroleum,CY2026Q2,5.138,10-Q,0001510295-26-000061,https://www.sec.gov/Archives/edgar/data/1510295/000151029526000061/
Phillips 66,CY2019,3.076,10-K,0001534701-22-000078,https://www.sec.gov/Archives/edgar/data/1534701/000153470122000078/
Phillips 66,CY2020,-3.975,10-K,0001534701-23-000053,https://www.sec.gov/Archives/edgar/data/1534701/000153470123000053/
Phillips 66,CY2021,1.317,10-K,0001534701-24-000078,https://www.sec.gov/Archives/edgar/data/1534701/000153470124000078/
Phillips 66,CY2022,11.024,10-K,0001534701-25-000074,https://www.sec.gov/Archives/edgar/data/1534701/000153470125000074/
Phillips 66,CY2023,7.015,10-K,0001534701-26-000006,https://www.sec.gov/Archives/edgar/data/1534701/000153470126000006/
Phillips 66,CY2024,2.117,10-K,0001534701-26-000006,https://www.sec.gov/Archives/edgar/data/1534701/000153470126000006/
Phillips 66,CY2025,4.403,10-K,0001534701-26-000006,https://www.sec.gov/Archives/edgar/data/1534701/000153470126000006/
Phillips 66,CY2025Q2,0.877,10-Q,0001534701-26-000032,https://www.sec.gov/Archives/edgar/data/1534701/000153470126000032/
Phillips 66,CY2026Q1,0.207,10-Q,0001534701-26-000022,https://www.sec.gov/Archives/edgar/data/1534701/000153470126000022/
Phillips 66,CY2026Q2,3.847,10-Q,0001534701-26-000032,https://www.sec.gov/Archives/edgar/data/1534701/000153470126000032/
