year,retail_usd_gal,refining_c,dist_marketing_c,taxes_c,crude_c,refining_pct
2000,1.49,21.24,17.73,41.85,67.67,14.18
2001,1.43,25.02,20.32,42.24,55.04,17.07
2002,1.34,17.92,16.87,42.0,57.22,13.4
2003,1.56,22.78,22.16,42.0,68.93,14.56
2004,1.85,32.41,21.57,42.17,88.71,17.51
2005,2.27,41.55,20.72,44.0,120.15,18.07
2006,2.57,44.17,23.17,46.04,143.41,16.73
2007,2.8,47.83,28.86,40.78,162.32,16.98
2008,3.25,23.19,35.26,39.89,226.78,6.5
2009,2.34,24.67,24.47,40.34,144.74,10.87
2010,2.78,20.83,27.62,40.21,188.8,7.47
2011,3.52,39.63,31.8,40.22,239.8,11.07
2012,3.62,46.56,33.25,41.33,240.6,12.7
2013,3.51,37.53,31.98,41.87,239.16,10.59
2014,3.36,36.28,38.71,42.46,218.76,10.44
2015,2.42,47.81,34.32,44.89,115.19,19.37
2016,2.15,38.54,34.21,44.98,96.92,17.93
2017,2.42,41.47,33.57,46.05,120.57,17.14
2018,2.72,36.78,36.4,46.91,152.21,13.32
2019,2.6,33.34,38.39,47.53,140.46,12.64
2020,2.17,21.44,53.84,48.23,93.4,9.86
2021,3.0,46.94,43.49,48.7,160.89,15.58
2022,3.96,72.11,48.09,49.72,225.78,17.73
2023,3.52,66.49,50.02,50.5,184.85,18.72
2024,3.31,43.29,53.84,50.91,182.51,12.92
2025,3.1,44.38,55.02,51.28,159.15,14.28
2026,3.59,69.51,44.17,51.66,193.42,19.26
