mon_yr,retail_usd_gal,refining_pct,dist_marketing_pct,taxes_pct,crude_pct,month,refining_c,dist_marketing_c,taxes_c,crude_c
Jan-00,1.289,7.8,13.0,32.1,47.1,2000-01-01,10.0542,16.756999999999998,41.3769,60.7119
Feb-00,1.377,17.9,7.5,30.1,44.6,2000-02-01,24.6483,10.3275,41.447700000000005,61.4142
Mar-00,1.517,15.4,12.8,27.3,44.6,2000-03-01,23.3618,19.4176,41.4141,67.6582
Apr-00,1.465,10.1,20.2,28.3,41.4,2000-04-01,14.7965,29.593,41.459500000000006,60.651
May-00,1.485,20.2,9.2,27.9,42.7,2000-05-01,29.997,13.661999999999999,41.4315,63.40950000000001
Jun-00,1.633,22.2,8.8,25.8,43.1,2000-06-01,36.2526,14.370400000000002,42.1314,70.3823
Jul-00,1.551,13.2,15.8,27.2,43.8,2000-07-01,20.4732,24.5058,42.1872,67.93379999999999
Aug-00,1.465,15.8,7.5,28.8,47.8,2000-08-01,23.147000000000002,10.9875,42.192,70.027
Sept-00,1.55,15.4,9.0,27.2,48.3,2000-09-01,23.87,13.950000000000001,42.16,74.865
Oct-00,1.532,13.7,10.1,27.5,48.6,2000-10-01,20.9884,15.4732,42.13,74.4552
Nov-00,1.517,10.4,11.8,27.8,50.0,2000-11-01,15.7768,17.9006,42.172599999999996,75.85
Dec-00,1.443,8.0,17.9,29.2,44.8,2000-12-01,11.544,25.8297,42.135600000000004,64.6464
Jan-01,1.447,17.8,10.4,29.2,42.7,2001-01-01,25.756600000000002,15.048800000000002,42.2524,61.78690000000001
Feb-01,1.45,17.3,11.0,29.1,42.6,2001-02-01,25.085,15.95,42.195,61.77
Mar-01,1.409,18.8,9.7,30.0,41.5,2001-03-01,26.4892,13.6673,42.27,58.4735
Apr-01,1.552,31.6,4.6,27.1,36.7,2001-04-01,49.043200000000006,7.1392,42.059200000000004,56.958400000000005
May-01,1.702,26.4,14.0,24.7,35.0,2001-05-01,44.93279999999999,23.828,42.0394,59.57
Jun-01,1.616,13.2,24.1,26.0,36.7,2001-06-01,21.3312,38.945600000000006,42.016000000000005,59.30720000000001
Jul-01,1.421,10.0,20.0,30.0,40.0,2001-07-01,14.21,28.42,42.63,56.84
Aug-01,1.421,20.0,9.0,30.0,41.0,2001-08-01,28.42,12.789,42.63,58.261
Sept-01,1.522,18.0,17.0,28.0,37.0,2001-09-01,27.396,25.874,42.616,56.314
Oct-01,1.315,10.0,20.8,31.9,37.2,2001-10-01,13.149999999999999,27.352,41.948499999999996,48.918
Nov-01,1.171,10.0,18.0,36.0,36.0,2001-11-01,11.71,21.078,42.156,42.156
Dec-01,1.086,11.7,12.7,38.7,36.9,2001-12-01,12.7062,13.7922,42.028200000000005,40.0734
Jan-02,1.107,13.0,11.8,37.9,37.2,2002-01-01,14.391,13.0626,41.9553,41.180400000000006
Feb-02,1.114,12.1,11.2,37.7,39.1,2002-02-01,13.4794,12.4768,41.997800000000005,43.55740000000001
Mar-02,1.249,19.4,6.1,33.6,40.9,2002-03-01,24.2306,7.6189,41.96640000000001,51.0841
Apr-02,1.397,15.5,13.0,30.1,41.4,2002-04-01,21.6535,18.161,42.0497,57.8358
May-02,1.392,11.9,14.2,30.2,43.7,2002-05-01,16.564799999999998,19.766399999999997,42.038399999999996,60.8304
Jun-02,1.382,15.0,13.0,30.4,41.6,2002-06-01,20.729999999999997,17.965999999999998,42.01279999999999,57.4912
Jul-02,1.397,15.0,12.6,30.1,42.3,2002-07-01,20.955000000000002,17.6022,42.0497,59.0931
Aug-02,1.396,11.4,13.4,30.0,45.0,2002-08-01,15.914399999999999,18.7064,41.879999999999995,62.81999999999999
Sept-02,1.4,10.8,12.6,30.0,46.7,2002-09-01,15.12,17.639999999999997,42.0,65.38
Oct-02,1.445,13.9,11.7,29.1,45.3,2002-10-01,20.0855,16.9065,42.0495,65.4585
Nov-02,1.419,11.1,18.0,29.6,41.3,2002-11-01,15.7509,25.542,42.0024,58.6047
Dec-02,1.386,11.7,12.3,30.3,45.7,2002-12-01,16.216199999999997,17.0478,41.995799999999996,63.340199999999996
Jan-03,1.458,11.5,10.3,28.8,49.4,2003-01-01,16.767,15.0174,41.9904,72.0252
Feb-03,1.613,15.0,9.5,26.0,49.5,2003-02-01,24.195,15.3235,41.938,79.8435
Mar-03,1.693,14.8,14.8,24.8,45.5,2003-03-01,25.056400000000004,25.056400000000004,41.9864,77.03150000000001
Apr-03,1.589,13.2,19.8,26.4,40.5,2003-04-01,20.9748,31.4622,41.9496,64.3545
May-03,1.497,15.3,16.3,28.1,40.4,2003-05-01,22.904100000000003,24.401100000000003,42.06570000000001,60.4788
Jun-03,1.493,15.1,12.3,28.1,44.5,2003-06-01,22.5443,18.3639,41.953300000000006,66.4385
Jul-03,1.513,15.3,11.9,27.8,44.9,2003-07-01,23.1489,18.0047,42.0614,67.93369999999999
Aug-03,1.62,22.5,8.2,25.9,43.3,2003-08-01,36.45,13.283999999999999,41.958,70.146
Sept-03,1.679,13.9,22.7,25.0,38.3,2003-09-01,23.3381,38.1133,41.975,64.3057
Oct-03,1.564,14.9,16.1,26.9,42.2,2003-10-01,23.303600000000003,25.180400000000002,42.0716,66.00080000000001
Nov-03,1.512,11.7,15.3,27.8,45.2,2003-11-01,17.6904,23.1336,42.0336,68.3424
Dec-03,1.479,11.5,12.6,28.4,47.5,2003-12-01,17.0085,18.6354,42.0036,70.2525
Jan-04,1.572,15.9,9.9,26.7,47.5,2004-01-01,24.9948,15.562800000000001,41.9724,74.67
Feb-04,1.648,19.1,9.2,25.5,46.2,2004-02-01,31.4768,15.161599999999998,42.024,76.1376
Mar-04,1.736,19.0,11.3,24.2,45.5,2004-03-01,32.984,19.6168,42.011199999999995,78.988
Apr-04,1.798,22.0,9.9,23.4,44.6,2004-04-01,39.556,17.8002,42.0732,80.19080000000001
May-04,1.983,30.6,7.8,21.2,40.4,2004-05-01,60.67980000000001,15.4674,42.0396,80.1132
Jun-04,1.969,21.3,16.7,21.3,40.7,2004-06-01,41.9397,32.8823,41.9397,80.13830000000002
Jul-04,1.911,20.9,11.3,21.9,45.8,2004-07-01,39.939899999999994,21.5943,41.850899999999996,87.5238
Aug-04,1.878,13.9,12.2,22.4,51.5,2004-08-01,26.1042,22.911599999999996,42.06719999999999,96.717
Sept-04,1.87,14.8,9.1,22.5,53.6,2004-09-01,27.676000000000002,17.017,42.075,100.23200000000001
Oct-04,2.0,13.0,9.3,21.0,56.7,2004-10-01,26.0,18.6,42.0,113.4
Nov-04,1.979,10.7,14.6,21.2,53.6,2004-11-01,21.1753,28.8934,41.9548,106.07440000000001
Dec-04,1.841,8.9,18.1,23.9,49.1,2004-12-01,16.384900000000002,33.3221,43.9999,90.3931
Jan-05,1.831,17.7,7.3,24.0,50.9,2005-01-01,32.408699999999996,13.366299999999999,43.944,93.19789999999999
Feb-05,1.91,16.1,9.3,23.0,51.6,2005-02-01,30.751,17.763,43.93,98.556
Mar-05,2.079,19.3,6.2,21.2,53.4,2005-03-01,40.124700000000004,12.889800000000001,44.0748,111.0186
Apr-05,2.243,20.9,9.6,19.6,49.8,2005-04-01,46.878699999999995,21.532799999999998,43.9628,111.70139999999999
May-05,2.161,17.9,12.8,20.4,49.0,2005-05-01,38.6819,27.660800000000002,44.084399999999995,105.889
Jun-05,2.156,18.5,6.9,20.4,54.2,2005-06-01,39.886,14.876400000000002,43.9824,116.85520000000001
Jul-05,2.29,17.9,8.0,19.2,54.9,2005-07-01,40.991,18.32,43.967999999999996,125.721
Aug-05,2.486,24.3,2.1,17.7,55.9,2005-08-01,60.409800000000004,5.220600000000001,44.0022,138.9674
Sept-05,2.903,27.3,7.5,15.2,50.0,2005-09-01,79.2519,21.7725,44.1256,145.15
Oct-05,2.717,15.1,17.8,16.2,50.9,2005-10-01,41.0267,48.3626,44.0154,138.2953
Nov-05,2.257,8.3,13.1,19.5,57.1,2005-11-01,18.733100000000004,29.5667,44.011500000000005,128.87470000000002
Dec-05,2.185,13.5,7.9,20.1,58.4,2005-12-01,29.497500000000002,17.2615,43.9185,127.604
Jan-06,2.316,13.4,6.6,19.8,60.1,2006-01-01,31.034399999999998,15.285599999999999,45.8568,139.1916
Feb-06,2.28,9.8,11.4,20.1,58.6,2006-02-01,22.344,25.991999999999997,45.827999999999996,133.608
Mar-06,2.425,21.7,4.5,18.9,54.8,2006-03-01,52.622499999999995,10.9125,45.832499999999996,132.89
Apr-06,2.742,25.8,3.1,16.7,54.2,2006-04-01,70.7436,8.5002,45.791399999999996,148.6164
May-06,2.907,21.9,8.8,15.8,53.4,2006-05-01,63.6633,25.5816,45.930600000000005,155.2338
Jun-06,2.885,22.0,7.9,15.9,54.1,2006-06-01,63.47,22.7915,45.8715,156.0785
Jul-06,2.981,26.3,6.3,15.4,52.0,2006-07-01,78.4003,18.7803,45.907399999999996,155.012
Aug-06,2.952,15.2,13.5,15.9,55.4,2006-08-01,44.8704,39.852,46.9368,163.5408
Sept-06,2.555,6.3,18.8,18.3,56.7,2006-09-01,16.0965,48.034000000000006,46.7565,144.8685
Oct-06,2.245,10.9,10.6,20.8,57.7,2006-10-01,24.4705,23.797,46.696000000000005,129.53650000000002
Nov-06,2.229,14.6,7.5,20.4,57.5,2006-11-01,32.5434,16.7175,45.4716,128.16750000000002
Dec-06,2.313,12.9,9.4,19.7,58.0,2006-12-01,29.8377,21.742200000000004,45.5661,134.154
Jan-07,2.24,10.6,15.2,20.3,53.9,2007-01-01,23.744,34.048,45.47200000000001,120.736
Feb-07,2.278,18.0,5.8,20.0,56.3,2007-02-01,41.004,13.2124,45.56,128.2514
Mar-07,2.563,23.6,8.5,15.5,52.3,2007-03-01,60.48680000000001,21.785500000000003,39.7265,134.0449
Apr-07,2.845,28.1,7.6,14.0,50.3,2007-04-01,79.9445,21.622,39.830000000000005,143.1035
May-07,3.146,27.9,13.3,12.7,46.1,2007-05-01,87.7734,41.8418,39.95419999999999,145.0306
Jun-07,3.056,22.7,13.7,13.0,50.5,2007-06-01,69.3712,41.8672,39.728,154.328
Jul-07,2.965,18.4,11.4,13.4,56.8,2007-07-01,54.55599999999999,33.801,39.731,168.41199999999998
Aug-07,2.786,13.5,11.8,14.3,60.4,2007-08-01,37.611,32.8748,39.839800000000004,168.27439999999999
Sept-07,2.803,12.8,8.6,14.2,64.3,2007-09-01,35.8784,24.1058,39.8026,180.2329
Oct-07,2.803,10.1,8.1,14.2,67.6,2007-10-01,28.310299999999998,22.7043,39.8026,189.48279999999997
Nov-07,3.08,10.0,8.7,13.0,68.3,2007-11-01,30.8,26.796,40.04,210.364
Dec-07,3.018,8.1,10.5,13.2,68.1,2007-12-01,24.4458,31.688999999999997,39.837599999999995,205.52579999999998
Jan-08,3.043,7.8,11.1,13.1,67.9,2008-01-01,23.735400000000002,33.777300000000004,39.8633,206.61970000000002
Feb-08,3.028,9.9,7.2,13.2,69.7,2008-02-01,29.9772,21.8016,39.9696,211.0516
Mar-08,3.244,8.0,7.9,12.3,71.8,2008-03-01,25.952,25.627600000000005,39.9012,232.91920000000002
Apr-08,3.458,10.0,5.8,11.5,72.7,2008-04-01,34.58,20.0564,39.767,251.39660000000003
May-08,3.766,10.0,4.7,10.6,74.7,2008-05-01,37.66,17.700200000000002,39.919599999999996,281.3202
Jun-08,4.054,8.5,6.8,9.8,74.8,2008-06-01,34.459,27.5672,39.729200000000006,303.2392
Jul-08,4.062,3.2,11.2,9.8,75.8,2008-07-01,12.998400000000002,45.4944,39.80760000000001,307.8996
Aug-08,3.779,6.1,10.2,10.6,73.1,2008-08-01,23.0519,38.5458,40.0574,276.2449
Sept-08,3.703,14.2,8.2,10.8,66.8,2008-09-01,52.58259999999999,30.364599999999996,39.9924,247.36039999999997
Oct-08,3.051,3.3,25.0,13.1,58.6,2008-10-01,10.0683,76.275,39.9681,178.7886
Nov-08,2.147,-3.7,24.7,18.6,60.4,2008-11-01,-7.943899999999999,53.030899999999995,39.9342,129.6788
Dec-08,1.687,0.7,19.5,23.6,56.2,2008-12-01,1.1809,32.8965,39.8132,94.80940000000001
Jan-09,1.788,13.4,10.7,22.3,53.6,2009-01-01,23.959200000000003,19.1316,39.8724,95.83680000000001
Feb-09,1.923,16.8,14.9,20.7,47.6,2009-02-01,32.306400000000004,28.652700000000003,39.8061,91.5348
Mar-09,1.959,12.0,12.3,20.4,55.3,2009-03-01,23.508000000000003,24.0957,39.9636,108.3327
Apr-09,2.049,12.0,12.1,19.5,56.4,2009-04-01,24.588,24.7929,39.9555,115.5636
May-09,2.266,17.6,-3.9,19.5,66.8,2009-05-01,39.881600000000006,-8.8374,44.187,151.3688
Jun-09,2.631,13.7,10.3,15.1,60.9,2009-06-01,36.04469999999999,27.0993,39.7281,160.22789999999998
Jul-09,2.527,10.1,14.0,15.8,60.1,2009-07-01,25.5227,35.378,39.9266,151.8727
Aug-09,2.616,11.0,9.7,15.4,63.9,2009-08-01,28.776,25.3752,40.2864,167.1624
Sept-09,2.554,6.7,13.5,15.7,64.0,2009-09-01,17.1118,34.479,40.09779999999999,163.456
Oct-09,2.551,6.5,9.1,15.7,68.6,2009-10-01,16.581500000000002,23.214100000000002,40.0507,174.9986
Nov-09,2.651,4.0,11.7,15.1,69.0,2009-11-01,10.604,31.016699999999997,40.0301,182.91899999999998
Dec-09,2.607,6.6,11.2,15.4,66.6,2009-12-01,17.2062,29.1984,40.147800000000004,173.6262
Jan-10,2.715,5.0,10.9,14.7,69.1,2010-01-01,13.575,29.5935,39.9105,187.60649999999998
Feb-10,2.644,5.9,9.8,15.1,69.0,2010-02-01,15.599600000000002,25.911200000000004,39.9244,182.436
Mar-10,2.772,9.3,7.5,14.4,68.5,2010-03-01,25.7796,20.79,39.916799999999995,189.88199999999998
Apr-10,2.848,10.4,6.9,14.1,68.4,2010-04-01,29.6192,19.6512,40.1568,194.8032
May-10,2.836,8.4,13.3,14.2,63.9,2010-05-01,23.8224,37.7188,40.27119999999999,181.22039999999998
Jun-10,2.732,9.4,10.0,14.7,65.6,2010-06-01,25.6808,27.32,40.1604,179.2192
Jul-10,2.729,9.4,9.5,14.8,66.1,2010-07-01,25.652600000000003,25.9255,40.3892,180.3869
Aug-10,2.73,5.7,11.9,14.8,67.4,2010-08-01,15.561,32.487,40.404,184.002
Sept-10,2.705,6.5,11.3,14.9,67.1,2010-09-01,17.5825,30.5665,40.304500000000004,181.50549999999998
Oct-10,2.801,5.3,9.7,14.4,70.5,2010-10-01,14.8453,27.1697,40.3344,197.47050000000002
Nov-10,2.859,4.4,10.2,14.1,71.1,2010-11-01,12.579600000000001,29.1618,40.3119,203.27489999999997
Dec-10,2.993,9.9,8.4,13.5,68.1,2010-12-01,29.6307,25.1412,40.405499999999996,203.8233
Jan-11,3.095,10.6,9.1,13.0,67.0,2011-01-01,32.807,28.1645,40.235,207.365
Feb-11,3.211,14.2,7.9,12.5,65.2,2011-02-01,45.596199999999996,25.3669,40.137499999999996,209.3572
Mar-11,3.561,13.1,7.2,11.3,68.3,2011-03-01,46.6491,25.6392,40.2393,243.2163
Apr-11,3.8,15.7,4.8,10.6,68.7,2011-04-01,59.66,18.24,40.279999999999994,261.06
May-11,3.906,14.1,10.2,10.3,65.2,2011-05-01,55.074600000000004,39.8412,40.23180000000001,254.67120000000003
Jun-11,3.68,11.5,10.9,10.9,66.5,2011-06-01,42.32,40.112,40.112,244.72
Jul-11,3.65,14.8,6.3,11.0,67.7,2011-07-01,54.02,22.994999999999997,40.15,247.10500000000002
Aug-11,3.639,15.9,10.4,11.1,62.5,2011-08-01,57.860099999999996,37.8456,40.3929,227.4375
Sept-11,3.611,14.0,12.2,11.1,62.5,2011-09-01,50.554,44.0542,40.082100000000004,225.6875
Oct-11,3.448,10.9,8.7,11.7,68.5,2011-10-01,37.5832,29.9976,40.3416,236.188
Nov-11,3.384,-0.5,11.8,11.9,76.7,2011-11-01,-1.692,39.931200000000004,40.2696,259.5528
Dec-11,3.266,-1.5,9.0,12.3,80.0,2011-12-01,-4.899,29.394,40.171800000000005,261.28
Jan-12,3.38,6.0,6.4,11.9,75.5,2012-01-01,20.28,21.632,40.222,255.19
Feb-12,3.579,11.8,5.2,11.2,71.5,2012-02-01,42.232200000000006,18.6108,40.0848,255.8985
Mar-12,3.852,15.7,5.9,10.8,67.4,2012-03-01,60.4764,22.7268,41.601600000000005,259.6248
Apr-12,3.9,14.6,8.4,10.6,66.1,2012-04-01,56.94,32.76,41.339999999999996,257.78999999999996
May-12,3.732,13.0,10.3,11.1,65.4,2012-05-01,48.516000000000005,38.439600000000006,41.425200000000004,244.07280000000003
Jun-12,3.539,11.8,14.4,11.7,61.9,2012-06-01,41.760200000000005,50.961600000000004,41.4063,219.0641
Jul-12,3.439,14.9,7.9,12.1,64.9,2012-07-01,51.2411,27.168100000000003,41.6119,223.19110000000003
Aug-12,3.722,17.5,7.1,11.2,64.0,2012-08-01,65.135,26.426199999999998,41.6864,238.208
Sept-12,3.849,17.9,8.8,10.8,62.2,2012-09-01,68.8971,33.8712,41.5692,239.40780000000004
Oct-12,3.746,12.0,12.8,11.1,64.0,2012-10-01,44.952,47.948800000000006,41.5806,239.744
Nov-12,3.452,9.2,11.9,12.1,66.6,2012-11-01,31.758399999999998,41.0788,41.7692,229.90319999999997
Dec-12,3.31,8.0,11.3,12.6,68.0,2012-12-01,26.48,37.403000000000006,41.705999999999996,225.08
Jan-13,3.319,8.5,6.9,12.6,71.8,2013-01-01,28.2115,22.9011,41.8194,238.30419999999998
Feb-13,3.67,15.0,6.8,11.4,66.7,2013-02-01,55.05,24.956,41.838,244.78900000000002
Mar-13,3.711,15.9,9.5,11.3,63.3,2013-03-01,59.0049,35.2545,41.9343,234.9063
Apr-13,3.57,12.5,10.4,11.7,65.4,2013-04-01,44.625,37.128,41.769,233.478
May-13,3.615,13.6,8.3,11.6,66.5,2013-05-01,49.164,30.004500000000004,41.934000000000005,240.3975
Jun-13,3.626,11.9,11.0,11.5,65.6,2013-06-01,43.1494,39.885999999999996,41.699,237.86559999999997
Jul-13,3.591,11.7,6.6,11.7,70.0,2013-07-01,42.0147,23.7006,42.0147,251.37
Aug-13,3.574,9.8,7.6,11.7,70.9,2013-08-01,35.0252,27.162399999999998,41.815799999999996,253.3966
Sept-13,3.532,6.2,11.1,11.9,70.8,2013-09-01,21.898400000000002,39.2052,42.0308,250.0656
Oct-13,3.344,5.1,11.0,12.5,71.4,2013-10-01,17.054399999999998,36.784,41.8,238.76160000000002
Nov-13,3.243,7.6,10.6,12.9,68.9,2013-11-01,24.6468,34.3758,41.8347,223.4427
Dec-13,3.276,9.3,9.9,12.8,68.1,2013-12-01,30.4668,32.4324,41.9328,223.09559999999996
Jan-14,3.313,10.0,10.3,12.7,67.0,2014-01-01,33.13,34.123900000000006,42.0751,221.971
Feb-14,3.356,11.5,6.4,12.6,69.5,2014-02-01,38.594,21.4784,42.285599999999995,233.242
Mar-14,3.533,11.7,9.3,12.0,66.9,2014-03-01,41.336099999999995,32.8569,42.396,236.35770000000002
Apr-14,3.661,13.6,9.5,11.6,65.2,2014-04-01,49.7896,34.7795,42.4676,238.6972
May-14,3.673,12.7,10.5,11.6,65.3,2014-05-01,46.647099999999995,38.5665,42.6068,239.8469
Jun-14,3.692,13.6,8.2,11.5,66.6,2014-06-01,50.2112,30.2744,42.458,245.88719999999998
Jul-14,3.611,11.4,11.2,11.8,65.6,2014-07-01,41.165400000000005,40.4432,42.60980000000001,236.8816
Aug-14,3.487,12.6,10.2,12.2,65.0,2014-08-01,43.9362,35.5674,42.541399999999996,226.655
Sept-14,3.406,13.6,9.7,12.5,64.2,2014-09-01,46.321600000000004,33.038199999999996,42.575,218.66520000000003
Oct-14,3.171,8.1,15.1,13.4,63.4,2014-10-01,25.6851,47.882099999999994,42.4914,201.04139999999998
Nov-14,2.912,5.5,17.4,14.6,62.4,2014-11-01,16.016,50.6688,42.5152,181.7088
Dec-14,2.543,1.0,25.5,16.7,56.7,2014-12-01,2.543,64.8465,42.4681,144.18810000000002
Jan-15,2.116,6.3,19.9,20.1,53.7,2015-01-01,13.3308,42.108399999999996,42.531600000000005,113.62920000000001
Feb-15,2.216,22.5,5.7,20.4,51.3,2015-02-01,49.86000000000001,12.631200000000002,45.2064,113.6808
Mar-15,2.464,24.0,11.6,18.4,46.0,2015-03-01,59.135999999999996,28.5824,45.337599999999995,113.344
Apr-15,2.469,22.6,8.2,18.3,50.9,2015-04-01,55.7994,20.245799999999996,45.1827,125.67209999999999
May-15,2.718,22.3,9.6,16.7,51.4,2015-05-01,60.6114,26.0928,45.3906,139.7052
Jun-15,2.802,21.5,11.4,16.2,51.0,2015-06-01,60.243,31.942800000000002,45.3924,142.90200000000002
Jul-15,2.794,24.8,13.4,16.2,45.6,2015-07-01,69.2912,37.4396,45.2628,127.4064
Aug-15,2.636,24.7,18.5,17.0,39.8,2015-08-01,65.1092,48.766000000000005,44.812000000000005,104.9128
Sept-15,2.365,15.5,19.7,19.0,45.7,2015-09-01,36.657500000000006,46.590500000000006,44.935,108.08050000000001
Oct-15,2.29,14.9,18.6,19.6,46.9,2015-10-01,34.121,42.594,44.88400000000001,107.401
Nov-15,2.158,14.1,19.0,20.8,46.1,2015-11-01,30.427799999999998,41.001999999999995,44.8864,99.4838
Dec-15,2.038,19.2,16.6,22.0,42.2,2015-12-01,39.129599999999996,33.830799999999996,44.836,86.00359999999999
Jan-16,1.949,15.5,23.8,23.0,37.7,2016-01-01,30.209500000000002,46.3862,44.827,73.47730000000001
Feb-16,1.764,13.9,22.2,25.5,38.4,2016-02-01,24.5196,39.1608,44.982,67.7376
Mar-16,1.969,24.4,13.2,22.8,39.7,2016-03-01,48.0436,25.9908,44.8932,78.1693
Apr-16,2.113,23.9,12.7,21.3,42.2,2016-04-01,50.500699999999995,26.835099999999997,45.0069,89.16860000000001
May-16,2.268,20.3,14.1,19.8,45.8,2016-05-01,46.0404,31.978799999999996,44.9064,103.87439999999998
Jun-16,2.366,19.4,15.6,19.0,46.0,2016-06-01,45.9004,36.9096,44.954,108.836
Jul-16,2.239,15.5,18.8,20.1,45.6,2016-07-01,34.704499999999996,42.093199999999996,45.0039,102.0984
Aug-16,2.178,18.6,13.6,20.7,47.2,2016-08-01,40.5108,29.6208,45.084599999999995,102.80160000000001
Sept-16,2.219,17.9,15.0,20.3,46.8,2016-09-01,39.720099999999995,33.285,45.0457,103.84919999999998
Oct-16,2.249,17.5,13.6,20.0,48.9,2016-10-01,39.3575,30.5864,44.980000000000004,109.9761
Nov-16,2.182,11.9,18.8,20.6,48.7,2016-11-01,25.9658,41.0216,44.949200000000005,106.2634
Dec-16,2.254,16.4,11.8,20.0,51.8,2016-12-01,36.965599999999995,26.5972,45.08,116.7572
Jan-17,2.349,15.5,13.7,19.5,51.4,2017-01-01,36.4095,32.1813,45.8055,120.7386
Feb-17,2.304,14.7,12.7,19.8,52.7,2017-02-01,33.86879999999999,29.260799999999996,45.6192,121.4208
Mar-17,2.325,16.8,13.8,19.7,49.7,2017-03-01,39.06,32.085,45.8025,115.55250000000001
Apr-17,2.417,19.2,13.2,18.9,48.7,2017-04-01,46.4064,31.904399999999995,45.68129999999999,117.7079
May-17,2.391,15.8,16.8,19.1,48.3,2017-05-01,37.7778,40.168800000000005,45.6681,115.4853
Jun-17,2.347,16.5,18.2,19.5,45.8,2017-06-01,38.7255,42.715399999999995,45.7665,107.4926
Jul-17,2.3,19.0,12.3,20.2,48.5,2017-07-01,43.699999999999996,28.29,46.459999999999994,111.55
Aug-17,2.38,22.1,10.2,19.5,48.2,2017-08-01,52.598,24.275999999999996,46.41,114.71600000000001
Sept-17,2.645,20.8,16.4,17.5,45.2,2017-09-01,55.016000000000005,43.37799999999999,46.2875,119.554
Oct-17,2.505,17.4,14.0,18.5,50.0,2017-10-01,43.586999999999996,35.07,46.3425,125.25
Nov-17,2.564,16.5,12.3,18.1,53.1,2017-11-01,42.306,31.537200000000002,46.40840000000001,136.1484
Dec-17,2.477,11.4,12.9,18.7,57.0,2017-12-01,28.2378,31.9533,46.3199,141.189
Jan-18,2.555,13.3,9.0,18.3,59.4,2018-01-01,33.981500000000004,22.995,46.7565,151.767
Feb-18,2.587,11.3,13.7,18.1,56.9,2018-02-01,29.233100000000004,35.441900000000004,46.82470000000001,147.2003
Mar-18,2.591,14.2,10.6,18.0,57.1,2018-03-01,36.7922,27.4646,46.638000000000005,147.9461
Apr-18,2.757,17.0,10.3,16.9,55.7,2018-04-01,46.869,28.397100000000002,46.5933,153.56490000000002
May-18,2.901,17.9,9.8,16.1,56.2,2018-05-01,51.927899999999994,28.4298,46.7061,163.0362
Jun-18,2.891,15.2,13.0,16.2,55.7,2018-06-01,43.9432,37.583,46.834199999999996,161.02870000000001
Jul-18,2.849,15.3,10.7,16.5,57.5,2018-07-01,43.58970000000001,30.4843,47.008500000000005,163.81750000000002
Aug-18,2.836,15.1,11.5,16.6,56.9,2018-08-01,42.8236,32.614,47.077600000000004,161.36839999999998
Sept-18,2.836,16.7,16.1,16.7,50.5,2018-09-01,47.3612,45.659600000000005,47.3612,143.218
Oct-18,2.86,13.5,13.3,16.4,56.7,2018-10-01,38.61,38.038000000000004,46.903999999999996,162.162
Nov-18,2.647,5.6,22.4,17.8,54.2,2018-11-01,14.823199999999998,59.29279999999999,47.1166,143.4674
Dec-18,2.366,4.8,21.3,19.9,54.1,2018-12-01,11.3568,50.3958,47.0834,128.00060000000002
Jan-19,2.248,8.2,18.3,20.9,52.5,2019-01-01,18.433600000000002,41.138400000000004,46.983200000000004,118.02000000000001
Feb-19,2.309,6.6,13.8,20.4,59.2,2019-02-01,15.2394,31.864200000000004,47.1036,136.6928
Mar-19,2.516,15.6,8.4,18.7,57.3,2019-03-01,39.2496,21.1344,47.0492,144.1668
Apr-19,2.798,18.9,8.0,16.8,56.3,2019-04-01,52.8822,22.384,47.0064,157.5274
May-19,2.859,16.1,13.7,16.5,53.8,2019-05-01,46.029900000000005,39.168299999999995,47.1735,153.8142
Jun-19,2.716,12.2,18.0,17.3,52.5,2019-06-01,33.1352,48.888000000000005,46.9868,142.59
Jul-19,2.74,16.2,14.1,17.5,52.1,2019-07-01,44.388,38.634,47.95,142.75400000000002
Aug-19,2.621,11.8,16.9,18.3,52.9,2019-08-01,30.9278,44.2949,47.9643,138.6509
Sept-19,2.592,12.9,14.9,18.5,53.6,2019-09-01,33.436800000000005,38.6208,47.952,138.93120000000002
Oct-19,2.627,14.9,16.0,18.3,50.8,2019-10-01,39.1423,42.032,48.0741,133.45159999999998
Nov-19,2.598,11.3,17.9,18.5,52.2,2019-11-01,29.357400000000002,46.5042,48.062999999999995,135.6156
Dec-19,2.555,7.0,18.0,18.8,56.1,2019-12-01,17.885,45.99,48.034000000000006,143.33550000000002
Jan-20,2.548,9.0,17.9,18.9,54.1,2020-01-01,22.932000000000002,45.609199999999994,48.157199999999996,137.8468
Feb-20,2.442,11.8,17.8,19.7,50.7,2020-02-01,28.815600000000003,43.467600000000004,48.1074,123.80940000000001
Mar-20,2.234,2.1,41.5,21.6,34.9,2020-03-01,4.6914,92.711,48.254400000000004,77.9666
Apr-20,1.841,2.1,46.4,26.2,25.4,2020-04-01,3.8661000000000003,85.4224,48.2342,46.761399999999995
May-20,1.87,13.7,26.4,25.8,34.1,2020-05-01,25.619,49.368,48.246,63.767
Jun-20,2.082,16.8,21.4,23.1,38.6,2020-06-01,34.9776,44.55479999999999,48.0942,80.3652
Jul-20,2.183,11.1,22.4,22.1,44.4,2020-07-01,24.231299999999997,48.89919999999999,48.2443,96.92519999999999
Aug-20,2.182,12.5,20.0,22.1,45.5,2020-08-01,27.275,43.64,48.2222,99.28099999999999
Sept-20,2.183,10.5,23.5,22.1,43.9,2020-09-01,22.921499999999998,51.3005,48.2443,95.8337
Oct-20,2.158,9.9,24.4,22.4,43.3,2020-10-01,21.3642,52.655199999999994,48.3392,93.44139999999999
Nov-20,2.108,8.5,22.6,22.9,46.0,2020-11-01,17.918,47.640800000000006,48.273199999999996,96.968
Dec-20,2.195,10.3,18.6,22.0,49.1,2020-12-01,22.6085,40.827,48.29,107.77449999999999
Jan-21,2.334,12.2,14.7,20.8,52.3,2021-01-01,28.4748,34.3098,48.547200000000004,122.06819999999999
Feb-21,2.501,13.0,12.2,19.4,55.5,2021-02-01,32.513,30.512199999999996,48.5194,138.8055
Mar-21,2.81,14.6,15.5,17.2,52.7,2021-03-01,41.025999999999996,43.555,48.332,148.08700000000002
Apr-21,2.858,18.1,13.5,17.0,51.5,2021-04-01,51.729800000000004,38.583,48.586,147.187
May-21,2.985,18.5,13.5,16.2,51.7,2021-05-01,55.2225,40.2975,48.357,154.3245
Jun-21,3.064,16.4,13.1,15.8,54.7,2021-06-01,50.249599999999994,40.1384,48.4112,167.60080000000002
Jul-21,3.136,17.0,12.5,15.6,54.9,2021-07-01,53.312000000000005,39.2,48.9216,172.1664
Aug-21,3.158,19.3,13.4,15.5,51.8,2021-08-01,60.9494,42.3172,48.949,163.5844
Sept-21,3.175,16.5,15.1,15.4,52.9,2021-09-01,52.387499999999996,47.942499999999995,48.894999999999996,167.95749999999998
Oct-21,3.291,16.8,11.2,14.9,57.0,2021-10-01,55.2888,36.859199999999994,49.0359,187.587
Nov-21,3.395,13.0,17.8,14.4,54.7,2021-11-01,44.135,60.431000000000004,48.888,185.7065
Dec-21,3.307,11.5,20.5,14.8,53.1,2021-12-01,38.030499999999996,67.7935,48.9436,175.6017
Jan-22,3.315,14.6,13.0,14.9,57.5,2022-01-01,48.399,43.095,49.3935,190.61249999999998
Feb-22,3.517,14.2,11.2,14.1,60.5,2022-02-01,49.941399999999994,39.3904,49.5897,212.7785
Mar-22,4.222,17.5,12.1,11.7,58.7,2022-03-01,73.885,51.086200000000005,49.397400000000005,247.83140000000003
Apr-22,4.109,17.1,10.5,12.0,60.4,2022-04-01,70.2639,43.1445,49.308,248.18359999999998
May-22,4.444,25.5,4.5,11.1,58.9,2022-05-01,113.322,19.998,49.328399999999995,261.7516
Jun-22,4.929,27.3,7.6,10.0,55.1,2022-06-01,134.5617,37.4604,49.290000000000006,271.58790000000005
Jul-22,4.559,17.9,16.9,11.0,54.2,2022-07-01,81.6061,77.0471,50.149,247.09780000000003
Aug-22,3.975,15.3,15.1,12.6,57.0,2022-08-01,60.8175,60.0225,50.085,226.57500000000002
Sep-22,3.7,19.5,10.7,13.5,56.3,2022-09-01,72.15,39.589999999999996,49.95,208.31
Oct-22,3.815,21.7,11.3,13.1,53.9,2022-10-01,82.7855,43.109500000000004,49.9765,205.6285
Nov-22,3.685,13.3,17.9,13.6,55.2,2022-11-01,49.0105,65.9615,50.116,203.412
Dec-22,3.21,8.9,17.8,15.6,57.8,2022-12-01,28.569,57.138,50.076,185.53799999999998
Jan-23,3.339,20.2,10.4,15.0,54.5,2023-01-01,67.4478,34.7256,50.085,181.9755
Feb-23,3.389,19.7,12.7,14.8,52.8,2023-02-01,66.76329999999999,43.040299999999995,50.157199999999996,178.93919999999997
Mar-23,3.422,23.5,11.4,14.7,50.4,2023-03-01,80.417,39.0108,50.303399999999996,172.46880000000002
Apr-23,3.603,22.6,12.4,14.0,51.1,2023-04-01,81.4278,44.677200000000006,50.442,184.1133
May-23,3.555,21.1,15.3,14.2,49.4,2023-05-01,75.01050000000001,54.39150000000001,50.481,175.617
Jun-23,3.571,24.2,14.4,14.1,47.3,2023-06-01,86.4182,51.4224,50.3511,168.9083
Jul-23,3.597,24.9,10.8,14.1,50.2,2023-07-01,89.5653,38.8476,50.7177,180.5694
Aug-23,3.84,25.3,11.3,13.2,50.2,2023-08-01,97.152,43.392,50.687999999999995,192.768
Sep-23,3.836,19.4,12.3,13.2,55.0,2023-09-01,74.41839999999999,47.1828,50.6352,210.98
Oct-23,3.613,7.3,21.5,14.0,57.2,2023-10-01,26.3749,77.6795,50.582,206.6636
Nov-23,3.318,8.1,19.6,15.3,57.0,2023-11-01,26.875799999999998,65.03280000000001,50.76540000000001,189.126
Dec-23,3.134,8.3,19.4,16.2,56.2,2023-12-01,26.0122,60.79959999999999,50.770799999999994,176.1308
Jan-24,3.075,10.7,16.1,16.5,56.7,2024-01-01,32.902499999999996,49.50750000000001,50.737500000000004,174.35250000000002
Feb-24,3.212,14.3,13.3,15.8,56.6,2024-02-01,45.9316,42.71960000000001,50.74960000000001,181.7992
Mar-24,3.426,19.1,10.4,14.8,55.6,2024-03-01,65.43660000000001,35.6304,50.704800000000006,190.4856
Apr-24,3.611,19.0,11.6,14.1,55.3,2024-04-01,68.60900000000001,41.8876,50.9151,199.6883
May-24,3.603,14.8,17.5,14.1,53.5,2024-05-01,53.324400000000004,63.0525,50.8023,192.7605
Jun-24,3.455,12.4,17.8,14.7,55.0,2024-06-01,42.842,61.499,50.7885,190.025
July-24,3.484,13.4,16.3,14.6,55.6,2024-07-01,46.6856,56.7892,50.8664,193.7104
Aug-24,3.389,13.2,17.1,15.1,54.7,2024-08-01,44.73479999999999,57.9519,51.173899999999996,185.3783
Sep-24,3.214,10.9,20.0,15.9,53.2,2024-09-01,35.0326,64.28,51.1026,170.9848
Oct-24,3.137,10.9,18.0,16.3,54.9,2024-10-01,34.1933,56.466,51.1331,172.22129999999999
Nov-24,3.053,8.7,18.7,16.7,55.8,2024-11-01,26.561099999999996,57.0911,50.985099999999996,170.35739999999998
Dec-24,3.018,7.7,19.6,16.9,55.8,2024-12-01,23.238599999999998,59.1528,51.00419999999999,168.40439999999998
Jan-25,3.076,9.2,16.3,16.6,58.0,2025-01-01,28.2992,50.1388,51.061600000000006,178.40800000000002
Feb-25,3.121,10.0,16.2,16.4,57.5,2025-02-01,31.21,50.560199999999995,51.1844,179.4575
Mar-25,3.096,13.7,16.2,16.5,53.6,2025-03-01,42.4152,50.1552,51.084,165.9456
Apr-25,3.171,16.3,18.5,16.1,49.1,2025-04-01,51.6873,58.6635,51.0531,155.6961
May-25,3.15,16.6,17.2,16.2,50.0,2025-05-01,52.290000000000006,54.18,51.029999999999994,157.5
Jun-25,3.125,15.7,16.1,16.3,51.9,2025-06-01,49.0625,50.31250000000001,50.9375,162.1875
Jul-25,3.125,16.1,15.4,16.5,52.1,2025-07-01,50.31250000000001,48.125,51.5625,162.8125
Aug-25,3.133,17.6,15.5,16.4,50.5,2025-08-01,55.140800000000006,48.5615,51.38119999999999,158.2165
Sep-25,3.166,17.7,17.8,16.3,48.3,2025-09-01,56.038199999999996,56.354800000000004,51.6058,152.9178
Oct-25,3.06,13.5,20.6,16.8,49.1,2025-10-01,41.31,63.03600000000001,51.408,150.246
Nov-25,3.05,15.8,20.0,16.9,47.3,2025-11-01,48.19,61.0,51.544999999999995,144.265
Dec-25,2.894,9.2,23.9,17.8,49.1,2025-12-01,26.6248,69.1666,51.513200000000005,142.0954
Jan-26,2.809,19.7,11.4,18.4,50.6,2026-01-01,55.3373,32.022600000000004,51.6856,142.1354
Feb-26,2.908,17.0,13.3,17.8,52.0,2026-02-01,49.436,38.6764,51.7624,151.216
Mar-26,3.638,21.3,7.6,14.2,56.9,2026-03-01,77.4894,27.648799999999998,51.6596,207.0022
Apr-26,4.103,16.6,13.7,12.6,57.1,2026-04-01,68.1098,56.211099999999995,51.697799999999994,234.2813
May-26,4.479,21.7,14.8,11.5,51.9,2026-05-01,97.1943,66.28920000000001,51.5085,232.4601
