date,gulf_coast_conv_gasoline_spot,brent_spot,wti_spot,nyh_conv_gasoline_spot,la_rbob_spot,gc_minus_brent,gc_minus_wti,ny_minus_brent,la_minus_brent
1987-05-15,0.528,18.58,19.44,0.542,,0.0856190476190477,0.06514285714285711,0.09961904761904772,
1987-06-15,0.535,18.86,20.07,0.557,,0.085952380952381,0.05714285714285716,0.10795238095238102,
1987-07-15,0.552,19.86,21.34,0.556,,0.07914285714285718,0.043904761904762,0.08314285714285718,
1987-08-15,0.53,18.98,20.31,0.523,,0.0780952380952381,0.046428571428571486,0.0710952380952381,
1987-09-15,0.496,18.31,19.53,0.518,,0.06004761904761907,0.030999999999999972,0.08204761904761909,
1987-10-15,0.51,18.76,19.86,0.541,,0.0633333333333333,0.037142857142857144,0.09433333333333332,
1987-11-15,0.497,17.78,18.85,0.516,,0.07366666666666666,0.04819047619047617,0.09266666666666667,
1987-12-15,0.432,17.05,17.28,0.454,,0.02604761904761904,0.02057142857142852,0.04804761904761906,
1988-01-15,0.433,16.75,17.13,0.449,,0.03419047619047616,0.02514285714285719,0.050190476190476174,
1988-02-15,0.452,15.73,16.8,0.461,,0.07747619047619048,0.05199999999999999,0.08647619047619048,
1988-03-15,0.456,14.73,16.2,,,0.10528571428571432,0.07028571428571434,,
1988-04-15,0.511,16.6,17.86,0.507,,0.11576190476190473,0.08576190476190476,0.11176190476190473,
1988-05-15,0.51,16.31,17.42,0.522,,0.1216666666666667,0.09523809523809523,0.1336666666666667,
1988-06-15,0.498,15.54,16.53,0.518,,0.128,0.10442857142857143,0.14800000000000002,
1988-07-15,0.557,14.91,15.5,0.554,,0.20200000000000007,0.18795238095238098,0.19900000000000007,
1988-08-15,0.482,14.89,15.52,0.483,,0.12747619047619047,0.11247619047619045,0.12847619047619047,
1988-09-15,0.47,13.18,14.54,0.466,,0.15619047619047616,0.12380952380952381,0.1521904761904762,
1988-10-15,0.498,12.41,13.77,0.511,,0.2025238095238095,0.17014285714285715,0.2155238095238095,
1988-11-15,0.475,13.02,14.14,0.521,,0.16499999999999998,0.1383333333333333,0.21100000000000002,
1988-12-15,0.438,15.31,16.38,0.472,,0.07347619047619047,0.04800000000000004,0.10747619047619045,
1989-01-15,0.492,17.17,18.02,0.501,,0.08319047619047615,0.06295238095238098,0.09219047619047616,
1989-02-15,0.488,16.89,17.94,0.483,,0.08585714285714285,0.06085714285714283,0.08085714285714285,
1989-04-15,0.687,20.32,21.07,0.7,,0.20319047619047625,0.18533333333333335,0.21619047619047616,
1989-05-15,0.674,18.63,20.12,0.679,,0.23042857142857148,0.194952380952381,0.2354285714285715,
1989-06-15,0.611,17.67,20.05,0.637,,0.19028571428571422,0.13361904761904758,0.21628571428571425,
1989-07-15,0.531,17.62,19.78,0.563,,0.1114761904761905,0.06004761904761907,0.14347619047619042,
1989-08-15,0.508,16.77,18.58,,,0.10871428571428571,0.06561904761904769,,
1989-09-15,0.578,17.77,19.59,0.593,,0.15490476190476188,0.11157142857142854,0.1699047619047619,
1989-10-15,0.535,18.91,20.1,0.556,,0.08476190476190482,0.05642857142857144,0.10576190476190483,
1989-11-15,0.504,18.73,19.86,0.509,,0.058047619047619015,0.03114285714285714,0.06304761904761902,
1989-12-15,0.534,19.84,21.1,0.541,,0.06161904761904763,0.03161904761904766,0.06861904761904764,
1990-01-15,0.638,21.25,22.86,0.639,,0.13204761904761908,0.09371428571428575,0.13304761904761908,
1990-02-15,0.583,19.81,22.11,0.593,,0.11133333333333334,0.056571428571428495,0.12133333333333335,
1990-03-15,0.578,18.39,20.39,,,0.14014285714285707,0.09252380952380945,,
1990-04-15,0.617,16.61,18.43,0.6,,0.2215238095238095,0.17819047619047618,0.2045238095238095,
1990-05-15,0.667,16.35,18.2,0.643,,0.2777142857142857,0.23366666666666674,0.25371428571428567,
1990-06-15,0.613,15.1,16.7,0.646,,0.25347619047619047,0.2153809523809524,0.2864761904761905,
1990-07-15,0.602,17.17,18.45,0.653,,0.19319047619047613,0.1627142857142857,0.24419047619047618,
1990-08-15,0.866,27.17,27.31,0.897,,0.219095238095238,0.21576190476190482,0.25009523809523804,
1990-09-15,0.95,34.9,33.51,0.997,,0.11904761904761907,0.15214285714285714,0.1660476190476191,
1990-10-15,0.898,36.02,36.04,0.957,,0.040380952380952295,0.039904761904762,0.09938095238095224,
1990-11-15,0.829,33.07,32.33,0.879,,0.041619047619047556,0.0592380952380952,0.0916190476190476,
1990-12-15,0.649,28.27,27.28,0.679,,-0.02409523809523806,-0.000523809523809482,0.005904761904761968,
1991-01-15,0.668,23.57,25.23,0.688,,0.1068095238095238,0.06728571428571428,0.1268095238095237,
1991-02-15,0.606,19.54,20.48,0.659,,0.14076190476190475,0.11838095238095236,0.1937619047619048,
1991-03-15,0.674,19.08,19.9,0.723,,0.2197142857142858,0.20019047619047625,0.26871428571428574,
1991-04-15,0.706,19.18,20.83,0.72,,0.2493333333333333,0.21004761904761904,0.2633333333333333,
1991-05-15,0.693,19.19,21.23,0.701,,0.23609523809523802,0.18752380952380943,0.24409523809523803,
1991-06-15,0.615,18.17,20.19,0.635,,0.1823809523809523,0.13428571428571423,0.20238095238095233,
1991-07-15,0.634,19.4,21.4,0.652,,0.17209523809523813,0.12447619047619052,0.19009523809523815,
1991-08-15,0.671,19.77,21.69,0.697,,0.20028571428571434,0.15457142857142858,0.22628571428571426,
1991-09-15,0.6,20.5,21.89,0.621,,0.1119047619047619,0.07880952380952377,0.13290476190476191,
1991-10-15,0.618,22.21,23.23,0.645,,0.08919047619047615,0.06490476190476191,0.11619047619047618,
1991-11-15,0.617,21.11,22.46,0.649,,0.11438095238095236,0.08223809523809522,0.1463809523809524,
1991-12-15,0.517,18.41,19.5,0.555,,0.07866666666666666,0.052714285714285714,0.1166666666666667,
1992-01-15,0.508,18.16,18.79,,,0.07561904761904764,0.06061904761904763,,
1992-03-15,0.553,17.63,18.92,0.571,,0.13323809523809532,0.10252380952380952,0.15123809523809523,
1992-04-15,0.605,18.92,20.23,0.598,,0.15452380952380945,0.1233333333333333,0.14752380952380945,
1992-05-15,0.633,19.89,20.98,0.634,,0.15942857142857142,0.13347619047619047,0.16042857142857142,
1992-07-15,0.587,20.24,21.78,0.6,,0.10509523809523807,0.0684285714285714,0.11809523809523809,
1992-08-15,0.6,19.74,21.34,0.621,,0.13,0.09190476190476193,0.15100000000000002,
1992-09-15,0.59,20.27,21.88,0.618,,0.10738095238095235,0.06904761904761902,0.13538095238095238,
1992-10-15,0.596,20.26,21.69,0.605,,0.11361904761904756,0.07957142857142852,0.12261904761904757,
1992-11-15,0.54,19.21,20.34,0.582,,0.08261904761904765,0.05571428571428577,0.12461904761904757,
1992-12-15,0.508,18.14,19.41,0.533,,0.0760952380952381,0.045857142857142874,0.10109523809523813,
1993-01-15,0.514,17.39,19.03,0.527,,0.09995238095238096,0.060904761904761906,0.11295238095238097,
1993-02-15,0.508,18.47,20.09,0.523,,0.06823809523809526,0.029666666666666675,0.08323809523809528,
1993-03-15,0.559,18.79,20.32,0.54,,0.11161904761904767,0.07519047619047625,0.09261904761904766,
1993-04-15,0.598,18.67,20.25,0.594,,0.15347619047619043,0.11585714285714283,0.14947619047619043,
1993-05-15,0.601,18.51,19.95,0.594,,0.16028571428571425,0.126,0.15328571428571425,
1993-08-15,0.519,16.7,18.01,0.532,,0.12138095238095242,0.09019047619047615,0.13438095238095243,
1993-09-15,0.481,16.01,17.5,0.486,,0.09980952380952374,0.0643333333333333,0.10480952380952374,
1993-10-15,0.483,16.61,18.15,0.503,,0.0875238095238095,0.05085714285714288,0.10752380952380952,
1993-11-15,0.426,15.2,16.61,0.444,,0.0640952380952381,0.03052380952380951,0.08209523809523811,
1993-12-15,0.362,13.73,14.52,0.376,,0.03509523809523807,0.016285714285714292,0.04909523809523808,
1994-01-15,0.419,14.29,15.03,0.422,,0.07876190476190476,0.061142857142857165,0.08176190476190476,
1994-02-15,0.44,13.8,14.78,0.436,,0.11142857142857143,0.08809523809523812,0.10742857142857143,
1994-03-15,0.456,13.82,14.68,0.441,,0.12695238095238098,0.1064761904761905,0.11195238095238097,
1994-04-15,0.494,15.23,16.42,0.49,,0.13138095238095238,0.103047619047619,0.12738095238095237,
1994-05-15,0.494,16.19,17.89,,,0.10852380952380947,0.06804761904761902,,
1994-07-15,0.544,17.6,19.66,0.545,,0.12495238095238098,0.07590476190476192,0.12595238095238098,
1994-08-15,0.544,16.89,18.38,0.555,,0.1418571428571429,0.10638095238095246,0.1528571428571429,
1994-09-15,0.445,15.9,17.45,0.464,,0.06642857142857145,0.029523809523809563,0.08542857142857146,
1994-10-15,0.492,16.49,17.72,0.51,,0.0993809523809524,0.0700952380952381,0.11738095238095242,
1994-11-15,0.465,17.19,18.07,0.52,,0.055714285714285716,0.03476190476190477,0.11071428571428571,
1994-12-15,0.432,15.93,17.16,0.468,,0.052714285714285714,0.02342857142857141,0.08871428571428575,
1995-01-15,0.477,16.55,18.04,0.511,,0.08295238095238089,0.04747619047619045,0.11695238095238092,
1995-02-15,0.489,17.11,18.57,0.511,,0.08161904761904765,0.04685714285714282,0.10361904761904767,
1995-03-15,0.49,17.01,18.54,0.504,,0.08499999999999996,0.0485714285714286,0.09899999999999998,
1995-05-15,0.636,18.35,19.74,0.648,,0.19909523809523805,0.16600000000000004,0.21109523809523806,
1995-06-15,0.551,17.31,18.45,0.596,,0.13885714285714296,0.11171428571428577,0.18385714285714289,
1995-07-15,0.48,15.85,17.33,0.511,,0.10261904761904761,0.06738095238095243,0.13361904761904764,
1995-09-15,0.505,16.7,18.23,0.561,,0.10738095238095241,0.07095238095238093,0.16338095238095246,
1995-10-15,0.45,16.11,17.43,0.487,,0.06642857142857145,0.03500000000000003,0.10342857142857143,
1995-11-15,0.457,16.86,17.99,0.505,,0.055571428571428605,0.02866666666666673,0.10357142857142859,
1995-12-15,0.479,17.93,19.03,0.534,,0.05209523809523808,0.025904761904761875,0.10709523809523813,
1996-01-15,0.494,17.85,18.86,0.506,,0.06899999999999995,0.044952380952380966,0.08099999999999996,
1996-02-15,0.514,18.0,19.09,0.533,,0.08542857142857146,0.059476190476190516,0.10442857142857148,
1996-03-15,0.581,19.85,21.33,0.585,,0.1083809523809523,0.07314285714285718,0.1123809523809523,
1996-04-15,0.66,20.9,23.5,0.691,,0.16238095238095246,0.1004761904761905,0.19338095238095238,
1996-05-15,0.627,19.15,21.17,0.649,,0.17104761904761906,0.12295238095238092,0.19304761904761908,
1996-06-15,0.566,18.46,20.42,0.58,,0.1264761904761904,0.07980952380952372,0.14047619047619042,
1996-07-15,0.59,19.57,21.3,0.616,,0.12404761904761902,0.08285714285714285,0.15004761904761904,
1996-08-15,0.579,20.51,21.9,,,0.09066666666666656,0.05757142857142861,,
1996-09-15,0.59,22.63,23.97,0.624,,0.05119047619047623,0.01928571428571424,0.08519047619047626,
1996-10-15,0.647,24.16,24.88,,,0.0717619047619048,0.05461904761904768,,
1996-11-15,0.661,22.76,23.71,0.691,,0.11909523809523814,0.0964761904761905,0.14909523809523806,
1996-12-15,0.648,23.78,25.23,0.687,,0.08180952380952378,0.047285714285714264,0.12080952380952381,
1997-01-15,0.67,23.54,25.13,0.674,,0.10952380952380958,0.07166666666666677,0.11352380952380958,
1997-02-15,0.62,20.85,22.18,0.624,,0.12357142857142855,0.09190476190476193,0.12757142857142856,
1997-03-15,0.614,19.13,20.97,0.613,,0.1585238095238095,0.11471428571428571,0.1575238095238095,
1997-04-15,0.585,17.56,19.7,0.587,,0.1669047619047619,0.11595238095238092,0.1689047619047619,
1997-05-15,0.608,19.02,20.82,0.621,,0.15514285714285714,0.11228571428571427,0.16814285714285715,
1997-06-15,0.552,17.58,19.26,0.551,,0.1334285714285715,0.09342857142857142,0.1324285714285715,
1997-07-15,0.591,18.46,19.66,0.587,,0.15147619047619043,0.12290476190476185,0.14747619047619043,
1997-08-15,0.646,18.6,19.95,0.705,,0.20314285714285713,0.17100000000000004,0.26214285714285707,
1997-09-15,0.562,18.46,19.8,0.623,,0.12247619047619052,0.09057142857142864,0.18347619047619046,
1997-10-15,0.549,19.87,21.33,0.584,,0.07590476190476192,0.04114285714285726,0.11090476190476184,
1997-11-15,0.528,19.17,20.19,0.557,,0.07157142857142856,0.047285714285714264,0.10057142857142859,
1997-12-15,0.498,17.18,18.33,0.518,,0.08895238095238095,0.06157142857142861,0.10895238095238097,
1998-01-15,0.46,15.19,16.72,0.478,,0.09833333333333338,0.06190476190476196,0.11633333333333334,
1998-02-15,0.449,14.07,16.06,,,0.11399999999999999,0.06661904761904763,,
1998-03-15,0.428,13.1,15.12,0.447,,0.11609523809523808,0.068,0.1350952380952381,
1998-04-15,0.465,13.53,15.35,0.47,,0.1428571428571429,0.09952380952380957,0.14785714285714285,
1998-05-15,0.48,14.36,14.91,0.482,,0.1380952380952381,0.125,0.1400952380952381,
1998-06-15,0.437,12.21,13.72,0.439,,0.14628571428571424,0.11033333333333334,0.14828571428571424,
1998-07-15,0.417,12.08,14.17,0.423,,0.12938095238095237,0.07961904761904759,0.13538095238095238,
1998-08-15,0.375,11.91,13.47,0.403,,0.09142857142857141,0.05428571428571427,0.11942857142857144,
1998-09-15,0.403,13.34,15.03,0.429,,0.08538095238095239,0.04514285714285721,0.11138095238095236,
1998-11-15,0.337,11.04,13.0,0.372,,0.07414285714285718,0.027476190476190487,0.10914285714285715,
1998-12-15,0.294,9.82,11.35,0.307,,0.060190476190476155,0.023761904761904762,0.07319047619047617,
1999-01-15,0.324,11.11,12.52,0.343,,0.059476190476190516,0.02590476190476193,0.07847619047619053,
1999-02-15,0.302,10.27,12.01,,,0.057476190476190486,0.016047619047619033,,
1999-03-15,0.418,12.51,14.68,0.423,,0.1201428571428571,0.06847619047619047,0.1251428571428571,
1999-04-15,0.498,15.29,17.31,0.501,,0.133952380952381,0.08585714285714291,0.136952380952381,
1999-05-15,0.483,15.23,17.72,,,0.12038095238095237,0.06109523809523809,,
1999-06-15,0.486,15.86,17.92,0.489,,0.10838095238095236,0.059333333333333294,0.11138095238095236,
1999-07-15,0.569,19.08,20.1,0.583,,0.11471428571428571,0.09042857142857136,0.12871428571428573,
1999-08-15,0.607,20.22,21.28,0.639,,0.12557142857142856,0.10033333333333327,0.15757142857142858,
1999-09-15,0.643,22.54,23.8,0.688,,0.10633333333333339,0.07633333333333336,0.15133333333333332,
1999-10-15,0.592,22.0,22.69,0.627,,0.06819047619047613,0.051761904761904676,0.10319047619047617,
1999-11-15,0.659,24.58,25.0,,,0.0737619047619048,0.0637619047619048,,
1999-12-15,0.653,25.47,26.1,,,0.0465714285714286,0.031571428571428584,,
2000-01-15,0.695,25.51,27.26,0.705,,0.08761904761904749,0.045952380952380856,0.0976190476190475,
2000-02-15,0.819,27.78,29.37,0.816,,0.15757142857142847,0.11971428571428566,0.15457142857142847,
2000-03-15,0.857,27.49,29.84,0.889,,0.20247619047619048,0.1465238095238095,0.2344761904761905,
2000-04-15,0.732,22.76,25.72,0.729,,0.1900952380952381,0.11961904761904762,0.1870952380952381,
2000-05-15,0.896,27.74,28.79,0.888,,0.23552380952380958,0.21052380952380956,0.22752380952380957,
2000-06-15,0.959,29.8,31.82,0.963,,0.2494761904761904,0.20138095238095233,0.2534761904761904,
2000-07-15,0.829,28.68,29.7,0.859,,0.14614285714285713,0.12185714285714289,0.17614285714285716,
2000-08-15,0.85,30.2,31.26,0.872,,0.13095238095238093,0.10571428571428565,0.15295238095238095,
2000-09-15,0.914,33.14,33.88,0.961,,0.12495238095238093,0.10733333333333328,0.17195238095238086,
2000-10-15,0.879,30.96,33.11,0.948,,0.1418571428571428,0.09066666666666667,0.21085714285714274,
2000-11-15,0.862,32.55,34.42,0.944,,0.08700000000000008,0.042476190476190445,0.16900000000000004,
2000-12-15,0.72,25.66,28.44,0.737,,0.10904761904761906,0.042857142857142816,0.12604761904761907,
2001-01-15,0.865,25.62,29.59,0.829,,0.255,0.16047619047619044,0.21899999999999997,
2001-02-15,0.816,27.5,29.61,0.826,,0.16123809523809518,0.11099999999999999,0.1712380952380952,
2001-03-15,0.771,24.5,27.25,0.785,,0.18766666666666665,0.12219047619047618,0.20166666666666666,
2001-04-15,1.001,25.66,27.49,0.947,,0.390047619047619,0.3464761904761904,0.33604761904761904,
2001-05-15,0.922,28.31,28.63,0.927,,0.24795238095238104,0.2403333333333334,0.25295238095238104,
2001-07-15,0.674,24.61,26.43,0.683,,0.08804761904761915,0.04471428571428582,0.09704761904761916,
2001-08-15,0.78,25.68,27.37,0.776,,0.1685714285714286,0.1283333333333333,0.1645714285714286,
2001-09-15,0.745,25.62,26.2,0.761,,0.135,0.12119047619047618,0.15100000000000002,
2001-10-15,0.562,20.54,22.17,0.598,,0.07295238095238105,0.03414285714285714,0.10895238095238097,
2001-11-15,0.501,18.8,19.64,0.517,,0.05338095238095236,0.033380952380952345,0.06938095238095238,
2001-12-15,0.508,18.71,19.39,0.517,,0.06252380952380954,0.04633333333333334,0.07152380952380955,
2002-02-15,0.539,20.28,20.72,0.553,,0.05614285714285716,0.045666666666666744,0.07014285714285717,
2002-03-15,0.714,23.7,24.53,0.698,,0.1497142857142857,0.12995238095238093,0.13371428571428567,
2002-04-15,0.777,25.73,26.18,0.744,,0.1643809523809524,0.15366666666666673,0.13138095238095238,
2002-05-15,0.74,25.35,27.04,0.703,,0.13642857142857134,0.09619047619047616,0.09942857142857131,
2002-06-15,0.736,24.08,25.52,0.717,,0.16266666666666674,0.12838095238095237,0.14366666666666672,
2002-07-15,0.756,25.74,26.97,0.766,,0.14314285714285724,0.11385714285714288,0.15314285714285725,
2002-08-15,0.75,26.65,28.39,0.769,,0.11547619047619051,0.07404761904761903,0.13447619047619053,
2002-09-15,0.776,28.4,29.66,0.778,,0.0998095238095239,0.06980952380952388,0.1018095238095239,
2002-10-15,0.826,27.54,28.84,,,0.17028571428571426,0.1393333333333333,,
2002-12-15,0.78,28.33,29.46,,,0.1054761904761905,0.07857142857142863,,
2003-02-15,1.006,32.77,35.83,0.996,,0.22576190476190472,0.152904761904762,0.2157619047619047,
2003-03-15,0.963,30.61,33.51,0.955,,0.23419047619047617,0.16514285714285715,0.22619047619047616,
2003-04-15,0.81,25.0,28.17,0.799,,0.21476190476190482,0.13928571428571435,0.2037619047619048,
2003-05-15,0.783,25.86,28.11,0.76,,0.16728571428571437,0.11371428571428577,0.14428571428571435,
2003-06-15,0.826,27.65,30.66,0.808,1.072,0.16766666666666663,0.09599999999999997,0.14966666666666673,0.41366666666666674
2003-07-15,0.885,28.35,30.76,0.873,0.965,0.20999999999999996,0.15261904761904754,0.19799999999999995,0.2899999999999999
2003-08-15,0.982,29.89,31.57,1.007,,0.2703333333333333,0.23033333333333328,0.2953333333333332,
2003-09-15,0.81,27.11,28.31,0.903,0.949,0.16452380952380963,0.13595238095238105,0.2575238095238096,0.30352380952380953
2003-10-15,0.844,29.61,30.34,0.875,0.996,0.139,0.12161904761904763,0.17000000000000004,0.29100000000000004
2003-11-15,0.82,28.75,31.11,0.882,1.02,0.13547619047619042,0.07928571428571429,0.19747619047619047,0.3354761904761905
2003-12-15,0.853,29.81,32.13,0.885,0.959,0.14323809523809528,0.08799999999999997,0.1752380952380953,0.24923809523809526
2004-02-15,1.027,30.86,34.69,1.047,1.344,0.2922380952380952,0.20104761904761903,0.3122380952380952,0.6092380952380954
2004-03-15,1.09,33.63,36.74,1.091,1.323,0.28928571428571426,0.21523809523809523,0.29028571428571415,0.5222857142857141
2004-04-15,1.149,33.59,36.75,1.119,1.426,0.3492380952380951,0.274,0.3192380952380951,0.626238095238095
2004-05-15,1.335,37.57,40.28,1.344,1.649,0.44047619047619047,0.3759523809523809,0.4494761904761906,0.7544761904761905
2004-06-15,1.171,35.18,38.03,1.153,1.457,0.33338095238095244,0.2655238095238095,0.31538095238095243,0.6193809523809525
2004-07-15,1.233,38.22,40.78,1.225,1.467,0.3230000000000002,0.2620476190476191,0.31500000000000017,0.5570000000000002
2004-08-15,1.177,42.74,44.9,1.206,1.388,0.1593809523809524,0.10795238095238102,0.18838095238095232,0.37038095238095226
2004-09-15,1.239,43.2,45.94,1.261,1.481,0.2104285714285714,0.14519047619047631,0.2324285714285712,0.4524285714285714
2004-10-15,1.348,49.78,53.28,1.377,1.642,0.16276190476190489,0.0794285714285714,0.1917619047619048,0.4567619047619047
2004-11-15,1.237,43.11,48.47,1.267,1.404,0.21057142857142863,0.08295238095238111,0.24057142857142844,0.37757142857142845
2004-12-15,1.034,39.6,43.15,1.068,1.185,0.09114285714285719,0.0066190476190477465,0.12514285714285722,0.24214285714285722
2005-02-15,1.233,45.48,48.15,1.224,1.545,0.15014285714285736,0.08657142857142874,0.14114285714285724,0.4621428571428572
2005-03-15,1.472,53.1,54.19,1.439,1.718,0.20771428571428574,0.1817619047619048,0.17471428571428582,0.45371428571428574
2005-04-15,1.541,51.88,52.98,1.48,1.829,0.3057619047619047,0.2795714285714286,0.24476190476190474,0.5937619047619047
2005-05-15,1.41,48.65,49.83,1.371,1.6,0.2516666666666667,0.22357142857142853,0.21266666666666678,0.4416666666666669
2005-06-15,1.521,54.35,56.35,1.509,1.745,0.2269523809523808,0.17933333333333312,0.21495238095238078,0.450952380952381
2005-07-15,1.603,57.52,59.0,1.591,1.882,0.2334761904761904,0.19823809523809532,0.22147619047619038,0.5124761904761903
2005-08-15,1.935,63.98,64.99,1.937,2.142,0.41166666666666685,0.38761904761904775,0.41366666666666685,0.6186666666666667
2005-09-15,2.305,62.91,65.59,2.133,2.278,0.8071428571428574,0.7433333333333334,0.6351428571428572,0.7801428571428572
2005-10-15,1.801,58.54,62.26,1.709,1.902,0.4071904761904761,0.3186190476190476,0.31519047619047624,0.5081904761904761
2005-11-15,1.444,55.24,58.32,1.47,1.577,0.12876190476190463,0.05542857142857138,0.15476190476190466,0.26176190476190464
2005-12-15,1.565,56.86,59.41,1.6,1.606,0.21119047619047615,0.15047619047619043,0.2461904761904763,0.2521904761904763
2006-01-15,1.693,62.99,65.49,1.735,1.873,0.1932380952380952,0.1337142857142859,0.23523809523809525,0.37323809523809515
2006-02-15,1.537,60.21,61.63,1.499,1.73,0.10342857142857143,0.06961904761904747,0.06542857142857161,0.2964285714285715
2006-03-15,1.832,62.06,62.69,1.765,2.0,0.35438095238095246,0.33938095238095256,0.2873809523809523,0.5223809523809524
2006-04-15,2.16,70.26,69.44,2.135,2.448,0.4871428571428571,0.5066666666666668,0.46214285714285674,0.7751428571428569
2006-06-15,2.123,68.56,70.95,2.065,2.401,0.49061904761904773,0.43371428571428594,0.43261904761904746,0.7686190476190473
2006-07-15,2.27,73.67,74.41,2.237,2.488,0.5159523809523809,0.4983333333333335,0.482952380952381,0.7339523809523809
2006-08-15,2.001,73.23,73.04,2.038,2.19,0.2574285714285711,0.2619523809523807,0.29442857142857104,0.4464285714285712
2006-09-15,1.56,61.96,63.8,1.583,1.782,0.08476190476190482,0.04095238095238107,0.10776190476190473,0.3067619047619048
2006-10-15,1.51,57.81,58.89,1.506,1.686,0.13357142857142845,0.10785714285714287,0.12957142857142845,0.3095714285714284
2006-11-15,1.563,58.76,59.08,1.588,1.797,0.16395238095238085,0.1563333333333332,0.18895238095238098,0.39795238095238084
2006-12-15,1.597,62.47,61.96,1.67,1.805,0.10961904761904773,0.12176190476190474,0.18261904761904768,0.3176190476190477
2007-01-15,1.41,53.68,54.51,1.432,1.682,0.13190476190476175,0.1121428571428571,0.15390476190476177,0.40390476190476177
2007-02-15,1.612,57.56,59.28,1.64,2.019,0.24152380952380947,0.20057142857142862,0.2695238095238093,0.6485238095238095
2007-03-15,1.85,62.05,60.44,1.938,2.373,0.37261904761904785,0.4109523809523812,0.4606190476190477,0.895619047619048
2007-04-15,2.162,67.49,63.98,2.105,2.531,0.5550952380952381,0.6386666666666667,0.49809523809523815,0.9240952380952383
2007-05-15,2.305,67.21,63.46,2.245,2.572,0.7047619047619051,0.7940476190476191,0.6447619047619051,0.971761904761905
2007-06-15,2.155,71.05,67.49,2.186,2.354,0.46333333333333315,0.548095238095238,0.4943333333333333,0.6623333333333334
2007-07-15,2.128,76.93,74.12,2.137,2.311,0.29633333333333334,0.36323809523809514,0.30533333333333323,0.47933333333333317
2007-08-15,1.966,70.76,72.36,2.004,2.049,0.28123809523809506,0.2431428571428571,0.3192380952380951,0.364238095238095
2007-09-15,2.111,77.17,79.92,2.102,2.208,0.2736190476190479,0.2081428571428574,0.26461904761904753,0.37061904761904785
2007-10-15,2.121,82.34,85.8,2.169,2.394,0.1605238095238095,0.07814285714285729,0.20852380952380956,0.43352380952380964
2007-11-15,2.359,92.41,94.77,2.424,2.559,0.15876190476190466,0.10257142857142876,0.2237619047619046,0.35876190476190484
2007-12-15,2.275,90.93,91.69,2.33,2.45,0.10999999999999988,0.09190476190476193,0.16500000000000004,0.28500000000000014
2008-01-15,2.315,92.18,92.97,2.334,2.323,0.12023809523809481,0.10142857142857142,0.13923809523809494,0.12823809523809482
2008-02-15,2.408,94.99,95.39,2.381,2.609,0.1463333333333332,0.13680952380952371,0.11933333333333307,0.34733333333333327
2008-03-15,2.562,103.64,105.45,2.504,2.783,0.09438095238095201,0.05128571428571416,0.03638095238095218,0.3153809523809521
2008-04-15,2.796,109.07,112.58,2.762,3.068,0.199095238095238,0.11552380952380936,0.16509523809523818,0.47109523809523823
2008-05-15,3.107,122.8,125.4,3.098,3.311,0.18319047619047657,0.12128571428571444,0.17419047619047623,0.3871904761904763
2008-06-15,3.284,132.32,133.88,3.292,3.694,0.1335238095238096,0.09638095238095223,0.1415238095238096,0.5435238095238097
2008-07-15,3.158,132.72,133.37,3.148,3.286,-0.002000000000000224,-0.017476190476190645,-0.01200000000000001,0.1259999999999999
2008-08-15,2.937,113.24,116.67,2.897,3.072,0.2408095238095238,0.1591428571428568,0.20080952380952377,0.37580952380952404
2008-09-15,3.138,97.23,104.11,2.805,2.87,0.823,0.6591904761904761,0.4900000000000002,0.5550000000000002
2008-10-15,1.786,71.58,76.61,1.92,2.125,0.08171428571428585,-0.03804761904761911,0.21571428571428575,0.4207142857142858
2008-11-15,1.204,52.45,57.31,1.283,1.268,-0.044809523809523855,-0.1605238095238095,0.034190476190476105,0.019190476190476202
2008-12-15,0.93,39.95,41.12,0.956,1.11,-0.021190476190476204,-0.049047619047618896,0.004809523809523708,0.15880952380952384
2009-01-15,1.148,43.44,41.71,1.146,1.457,0.11371428571428566,0.15490476190476177,0.11171428571428565,0.4227142857142858
2009-02-15,1.195,43.32,39.09,1.216,1.547,0.1635714285714287,0.26428571428571423,0.1845714285714286,0.5155714285714286
2009-03-15,1.288,46.54,47.94,1.288,1.473,0.179904761904762,0.14657142857142857,0.179904761904762,0.36490476190476206
2009-04-15,1.349,50.18,49.65,1.379,1.575,0.15423809523809529,0.16685714285714282,0.1842380952380953,0.38023809523809526
2009-05-15,1.657,57.3,59.03,1.689,1.847,0.2927142857142857,0.2515238095238095,0.32471428571428573,0.48271428571428565
2009-06-15,1.889,68.61,69.64,1.906,2.085,0.25542857142857156,0.23090476190476195,0.27242857142857146,0.4514285714285715
2009-07-15,1.705,64.44,64.15,1.75,1.913,0.17071428571428582,0.17761904761904757,0.21571428571428575,0.3787142857142858
2009-08-15,1.888,72.51,71.05,1.93,2.113,0.16157142857142825,0.19633333333333325,0.2035714285714283,0.38657142857142834
2009-09-15,1.735,67.65,69.41,1.779,2.056,0.12428571428571433,0.08238095238095267,0.16828571428571415,0.4452857142857143
2009-10-15,1.885,72.77,75.72,1.924,2.032,0.1523809523809525,0.08214285714285707,0.19138095238095243,0.2993809523809525
2009-11-15,1.926,76.66,77.99,1.983,1.979,0.10076190476190483,0.0690952380952381,0.157761904761905,0.153761904761905
2009-12-15,1.887,74.46,74.47,1.919,2.014,0.11414285714285732,0.11390476190476195,0.14614285714285735,0.2411428571428571
2010-01-15,2.014,76.17,78.33,2.04,2.057,0.20042857142857118,0.1489999999999998,0.22642857142857142,0.24342857142857133
2010-02-15,1.966,73.75,76.39,1.963,2.073,0.21004761904761904,0.1471904761904761,0.20704761904761915,0.317047619047619
2010-03-15,2.137,78.83,81.2,,2.257,0.26009523809523816,0.20366666666666666,,0.38009523809523826
2010-04-15,2.191,84.82,84.29,2.227,2.307,0.17147619047619056,0.18409523809523787,0.2074761904761906,0.28747619047619066
2010-05-15,1.989,75.95,73.74,2.019,2.115,0.18066666666666675,0.23328571428571454,0.21066666666666678,0.30666666666666687
2010-06-15,1.969,74.76,75.34,2.014,2.255,0.18900000000000006,0.17519047619047612,0.23399999999999976,0.47499999999999987
2010-07-15,1.973,75.58,76.32,1.995,2.281,0.17347619047619056,0.15585714285714314,0.19547619047619058,0.4814761904761906
2010-08-15,1.928,77.04,76.6,1.943,2.178,0.09371428571428542,0.10419047619047617,0.10871428571428554,0.3437142857142854
2010-09-15,1.95,77.84,75.24,1.969,2.069,0.09666666666666646,0.15857142857142859,0.11566666666666658,0.21566666666666645
2010-10-15,2.071,82.67,81.89,2.164,2.259,0.1026666666666669,0.12123809523809537,0.19566666666666688,0.29066666666666663
2010-11-15,2.115,85.28,84.25,2.244,2.245,0.08452380952380967,0.10904761904761928,0.21352380952380967,0.21452380952380956
2010-12-15,2.31,91.45,89.15,2.389,2.42,0.13261904761904741,0.18738095238095243,0.21161904761904715,0.2426190476190473
2011-01-15,2.39,96.52,89.17,2.448,2.447,0.09190476190476193,0.2669047619047622,0.14990476190476176,0.14890476190476187
2011-02-15,2.511,103.72,88.58,2.558,2.758,0.041476190476190666,0.4019523809523813,0.08847619047619038,0.28847619047619055
2011-03-15,2.859,114.64,102.86,2.838,3.153,0.1294761904761903,0.40995238095238085,0.10847619047619039,0.42347619047619034
2011-04-15,3.136,123.26,109.53,3.178,3.373,0.20123809523809522,0.528142857142857,0.24323809523809503,0.4382380952380953
2011-06-15,2.789,113.83,96.26,2.835,2.861,0.07876190476190503,0.49709523809523803,0.12476190476190485,0.1507619047619051
2011-07-15,2.975,116.97,97.3,3.021,2.948,0.18999999999999995,0.6583333333333337,0.23599999999999977,0.1629999999999998
2011-08-15,2.801,110.22,86.33,2.835,2.839,0.17671428571428605,0.7455238095238097,0.21071428571428585,0.21471428571428586
2011-09-15,2.692,112.83,85.52,2.768,2.917,0.0055714285714287826,0.6558095238095243,0.0815714285714284,0.23057142857142843
2011-10-15,2.689,109.55,86.32,2.772,2.949,0.08066666666666666,0.6337619047619052,0.1636666666666664,0.34066666666666645
2011-11-15,2.539,110.77,97.16,2.629,2.737,-0.09838095238095201,0.22566666666666668,-0.008380952380952156,0.09961904761904794
2011-12-15,2.544,107.87,98.56,2.634,2.702,-0.024333333333333318,0.19733333333333336,0.06566666666666654,0.1336666666666666
2012-01-15,2.777,110.69,100.27,2.822,2.92,0.1415238095238096,0.389619047619048,0.18652380952380954,0.2845238095238094
2012-02-15,2.999,119.33,102.2,3.044,3.302,0.15780952380952407,0.5656666666666665,0.202809523809524,0.460809523809524
2012-03-15,3.169,125.45,106.16,3.167,3.383,0.1820952380952381,0.6413809523809526,0.18009523809523786,0.39609523809523806
2012-04-15,3.101,119.75,103.32,3.206,3.25,0.2498095238095237,0.641,0.3548095238095237,0.3988095238095237
2012-05-15,2.78,110.34,94.66,2.877,3.234,0.15285714285714258,0.5261904761904761,0.24985714285714256,0.6068571428571428
2012-06-15,2.516,95.16,82.3,2.602,2.626,0.25028571428571444,0.5564761904761906,0.3362857142857143,0.3602857142857143
2012-07-15,2.645,102.62,87.9,2.747,,0.20166666666666666,0.552142857142857,0.30366666666666653,
2012-08-15,2.968,113.36,94.13,3.022,3.129,0.26895238095238083,0.726809523809524,0.32295238095238066,0.42995238095238086
2012-09-15,3.034,112.86,94.51,3.27,3.162,0.34685714285714253,0.7837619047619047,0.5828571428571427,0.47485714285714264
2012-10-15,2.778,111.71,89.49,2.975,3.135,0.11823809523809548,0.6472857142857142,0.31523809523809554,0.47523809523809524
2012-11-15,2.522,109.06,86.53,2.817,2.792,-0.07466666666666688,0.4617619047619046,0.2203333333333335,0.19533333333333314
2012-12-15,2.475,109.49,87.86,2.727,2.615,-0.13190476190476152,0.38309523809523816,0.12009523809523825,0.0080952380952386
2013-01-15,2.669,112.96,94.76,2.852,2.9,-0.020523809523809167,0.4128095238095235,0.16247619047619066,0.2104761904761907
2013-02-15,2.922,116.05,95.31,3.053,3.332,0.1589047619047621,0.652714285714286,0.2899047619047619,0.5689047619047618
2013-03-15,2.901,108.47,92.94,2.914,3.029,0.3183809523809522,0.6881428571428572,0.33138095238095255,0.4463809523809523
2013-04-15,2.685,102.25,92.02,2.706,2.906,0.25047619047619074,0.49404761904761907,0.27147619047619065,0.4714761904761908
2013-05-15,2.708,102.56,94.51,2.742,2.999,0.26609523809523816,0.45776190476190504,0.30009523809523797,0.5570952380952381
2013-06-15,2.688,102.92,95.77,2.74,3.021,0.2375238095238097,0.4077619047619052,0.28952380952380974,0.5705238095238094
2013-07-15,2.853,107.93,104.67,2.924,3.047,0.28323809523809507,0.3608571428571432,0.3542380952380948,0.477238095238095
2013-08-15,2.861,111.28,106.57,2.933,2.825,0.2114761904761906,0.32361904761904814,0.2834761904761902,0.17547619047619056
2013-09-15,2.604,111.6,106.29,2.797,2.907,-0.053142857142856936,0.0732857142857144,0.13985714285714312,0.249857142857143
2013-10-15,2.49,109.08,100.54,2.685,2.761,-0.10714285714285676,0.09619047619047638,0.08785714285714308,0.16385714285714315
2013-11-15,2.451,107.79,93.86,2.673,2.651,-0.11542857142857166,0.21623809523809534,0.10657142857142832,0.08457142857142808
2013-12-15,2.52,110.76,97.63,2.736,2.685,-0.11714285714285744,0.19547619047619058,0.09885714285714275,0.0478571428571426
2014-01-15,2.548,108.12,94.62,2.672,2.628,-0.026285714285714246,0.29514285714285693,0.09771428571428586,0.053714285714285825
2014-02-15,2.695,108.9,100.82,2.795,2.869,0.10214285714285687,0.29452380952380963,0.20214285714285696,0.27614285714285725
2014-03-15,2.714,107.48,100.8,2.753,2.894,0.15495238095238095,0.31400000000000006,0.1939523809523811,0.3349523809523811
2014-04-15,2.801,107.76,102.07,2.896,3.169,0.23528571428571432,0.3707619047619053,0.33028571428571407,0.6032857142857142
2014-05-15,2.762,109.54,102.18,2.862,3.036,0.15390476190476177,0.3291428571428572,0.25390476190476186,0.4279047619047618
2014-06-15,2.849,111.8,105.79,2.896,3.116,0.18709523809523843,0.33019047619047637,0.23409523809523813,0.45409523809523833
2014-07-15,2.713,106.77,103.59,2.802,2.908,0.17085714285714282,0.24657142857142844,0.2598571428571428,0.36585714285714266
2014-08-15,2.631,101.61,96.54,2.705,2.808,0.2117142857142853,0.33242857142857085,0.2857142857142856,0.38871428571428535
2014-09-15,2.605,97.09,93.21,2.721,2.719,0.29333333333333345,0.3857142857142857,0.40933333333333355,0.4073333333333333
2014-10-15,2.179,87.43,84.4,2.398,2.338,0.09733333333333283,0.16947619047619034,0.31633333333333313,0.2563333333333331
2014-11-15,1.937,79.44,75.79,2.165,2.024,0.045571428571428596,0.13247619047619041,0.2735714285714286,0.13257142857142856
2014-12-15,1.423,62.34,59.29,1.683,1.508,-0.06128571428571439,0.011333333333333417,0.19871428571428562,0.023714285714285577
2015-01-15,1.271,47.76,47.22,1.364,1.301,0.1338571428571429,0.14671428571428557,0.2268571428571431,0.16385714285714292
2015-02-15,1.603,58.1,50.58,1.607,1.942,0.21966666666666668,0.3987142857142858,0.22366666666666668,0.5586666666666666
2015-03-15,1.678,55.89,47.82,1.644,2.017,0.3472857142857142,0.5394285714285714,0.31328571428571417,0.6862857142857142
2015-04-15,1.734,59.52,54.45,1.793,2.154,0.3168571428571427,0.4375714285714285,0.37585714285714267,0.7368571428571427
2015-05-15,1.884,64.08,59.27,1.938,2.472,0.3582857142857143,0.47280952380952357,0.41228571428571437,0.9462857142857144
2015-06-15,1.945,61.48,59.82,2.005,2.187,0.4811904761904764,0.5207142857142857,0.5411904761904762,0.7231904761904762
2015-07-15,1.86,56.56,50.9,1.86,2.663,0.5133333333333334,0.6480952380952383,0.5133333333333334,1.3163333333333331
2015-08-15,1.574,46.52,42.87,1.62,2.075,0.46638095238095234,0.5532857142857144,0.5123809523809524,0.9673809523809525
2015-09-15,1.353,47.62,45.48,1.46,1.715,0.21919047619047616,0.27014285714285724,0.32619047619047614,0.5811904761904763
2015-10-15,1.307,48.43,46.22,1.397,1.669,0.15390476190476177,0.20652380952380955,0.24390476190476185,0.5159047619047619
2015-11-15,1.246,44.27,42.44,1.377,1.507,0.19195238095238087,0.23552380952380947,0.3229523809523809,0.4529523809523808
2015-12-15,1.181,38.01,37.19,1.276,1.647,0.27600000000000013,0.29552380952380963,0.3710000000000001,0.7420000000000001
2016-01-15,1.021,30.7,31.68,1.121,1.32,0.290047619047619,0.2667142857142857,0.3900476190476191,0.5890476190476192
2016-02-15,0.936,32.18,30.32,1.058,0.97,0.16980952380952385,0.21409523809523812,0.29180952380952385,0.20380952380952377
2016-03-15,1.214,38.21,37.55,1.201,1.528,0.3042380952380952,0.319952380952381,0.2912380952380953,0.6182380952380953
2016-04-15,1.337,41.58,40.75,1.448,1.551,0.347,0.36676190476190473,0.45799999999999996,0.5609999999999999
2016-05-15,1.434,46.74,46.71,1.566,1.53,0.32114285714285695,0.32185714285714284,0.45314285714285707,0.41714285714285704
2016-06-15,1.487,48.25,48.76,1.506,1.642,0.3381904761904764,0.32604761904761914,0.3571904761904763,0.4931904761904762
2016-07-15,1.358,44.95,44.65,1.354,1.412,0.2877619047619049,0.294904761904762,0.2837619047619049,0.3417619047619047
2016-08-15,1.429,45.84,44.72,1.379,1.388,0.33757142857142863,0.36423809523809525,0.2875714285714286,0.2965714285714285
2016-09-15,1.393,46.57,45.18,1.438,1.552,0.2841904761904761,0.3172857142857144,0.32919047619047603,0.44319047619047613
2016-10-15,1.489,49.52,49.78,1.522,1.619,0.309952380952381,0.3037619047619049,0.3429523809523809,0.4399523809523809
2016-11-15,1.317,44.73,45.66,1.462,1.434,0.252,0.22985714285714298,0.397,0.369
2016-12-15,1.566,53.31,51.97,1.634,1.5,0.2967142857142857,0.3286190476190478,0.36471428571428555,0.23071428571428565
2017-01-15,1.593,54.58,52.5,1.62,1.612,0.29347619047619045,0.34299999999999997,0.3204761904761906,0.3124761904761906
2017-02-15,1.543,54.87,53.47,1.547,1.756,0.23657142857142865,0.26990476190476187,0.24057142857142866,0.44957142857142873
2017-03-15,1.523,51.59,49.33,1.492,1.72,0.2946666666666664,0.3484761904761904,0.2636666666666665,0.4916666666666665
2017-04-15,1.621,52.31,51.06,1.611,1.777,0.37552380952380937,0.40528571428571425,0.36552380952380936,0.5315238095238093
2017-05-15,1.519,50.33,48.48,1.54,1.746,0.32066666666666666,0.36471428571428577,0.3416666666666668,0.5476666666666667
2017-06-15,1.432,46.37,45.18,1.445,1.619,0.327952380952381,0.3562857142857143,0.3409523809523811,0.514952380952381
2017-07-15,1.518,48.48,46.63,1.562,1.669,0.3637142857142859,0.40776190476190477,0.4077142857142859,0.5147142857142859
2017-08-15,1.638,51.7,48.04,1.688,1.807,0.4070476190476189,0.49419047619047607,0.4570476190476189,0.5760476190476189
2017-09-15,1.753,56.15,49.82,1.867,1.823,0.4160952380952381,0.5668095238095237,0.5300952380952382,0.48609523809523814
2017-10-15,1.652,57.51,51.58,1.715,1.761,0.2827142857142857,0.4239047619047618,0.34571428571428586,0.3917142857142857
2017-11-15,1.757,62.71,56.64,1.83,1.836,0.26390476190476186,0.40842857142857136,0.33690476190476204,0.34290476190476205
2017-12-15,1.702,64.37,57.88,1.757,1.646,0.1693809523809522,0.3239047619047617,0.22438095238095213,0.11338095238095214
2018-01-15,1.857,69.08,63.7,1.899,1.944,0.21223809523809534,0.34033333333333315,0.2542380952380954,0.2992380952380953
2018-02-15,1.765,65.32,62.23,1.817,1.877,0.20976190476190482,0.2833333333333332,0.26176190476190486,0.3217619047619049
2018-03-15,1.82,66.02,62.73,1.834,2.08,0.24809523809523815,0.3264285714285715,0.26209523809523816,0.5080952380952382
2018-04-15,1.965,72.11,66.25,1.995,2.213,0.24809523809523815,0.38761904761904775,0.2780952380952382,0.49609523809523814
2018-05-15,2.091,76.98,69.98,2.129,2.295,0.25814285714285723,0.42480952380952397,0.29614285714285704,0.46214285714285697
2018-06-15,2.002,74.41,67.87,2.03,2.136,0.23033333333333328,0.38604761904761875,0.2583333333333333,0.3643333333333336
2018-07-15,2.043,74.25,70.98,2.074,2.14,0.27514285714285736,0.353,0.30614285714285705,0.37214285714285733
2018-08-15,2.053,72.53,68.06,2.077,2.078,0.326095238095238,0.4325238095238093,0.350095238095238,0.3510952380952379
2018-09-15,2.045,78.89,70.23,2.093,2.224,0.16666666666666652,0.3728571428571428,0.21466666666666656,0.3456666666666668
2018-10-15,1.969,81.03,70.75,2.028,2.254,0.03971428571428581,0.28447619047619055,0.09871428571428575,0.32471428571428573
2018-11-15,1.546,64.75,56.96,1.625,1.739,0.0043333333333333,0.18980952380952387,0.08333333333333326,0.19733333333333336
2018-12-15,1.357,57.36,49.52,1.449,1.597,-0.008714285714285674,0.17795238095238086,0.08328571428571441,0.23128571428571432
2019-01-15,1.353,59.41,51.38,1.425,1.607,-0.061523809523809536,0.1296666666666666,0.010476190476190528,0.19247619047619047
2019-02-15,1.47,63.96,54.95,1.568,1.817,-0.052857142857142936,0.16166666666666663,0.04514285714285715,0.29414285714285704
2019-03-15,1.817,66.14,58.15,1.812,2.004,0.24223809523809514,0.43247619047619046,0.23723809523809525,0.4292380952380952
2019-04-15,2.006,71.23,63.86,2.042,2.512,0.3100476190476187,0.48552380952380925,0.3460476190476187,0.8160476190476189
2019-05-15,1.881,71.32,60.83,1.916,2.239,0.18290476190476213,0.43266666666666675,0.21790476190476205,0.540904761904762
2019-06-15,1.722,64.22,54.66,1.74,1.851,0.192952380952381,0.4205714285714286,0.210952380952381,0.321952380952381
2019-07-15,1.854,63.92,57.35,1.89,1.919,0.3320952380952382,0.4885238095238096,0.36809523809523803,0.39709523809523817
2019-08-15,1.69,59.04,54.81,1.694,1.809,0.28428571428571425,0.3849999999999998,0.28828571428571426,0.40328571428571425
2019-09-15,1.681,62.83,56.95,1.726,2.059,0.18504761904761913,0.32504761904761903,0.23004761904761906,0.5630476190476192
2019-10-15,1.646,59.71,53.96,1.728,2.219,0.22433333333333327,0.36123809523809514,0.30633333333333335,0.7973333333333332
2019-11-15,1.636,63.21,57.03,1.724,1.919,0.13099999999999978,0.278142857142857,0.21899999999999986,0.4139999999999999
2019-12-15,1.63,67.31,59.88,1.713,1.659,0.027380952380952284,0.20428571428571418,0.11038095238095247,0.05638095238095242
2020-01-15,1.587,63.65,57.52,1.658,1.849,0.07152380952380955,0.21747619047619038,0.1425238095238095,0.33352380952380956
2020-02-15,1.453,55.66,50.54,1.58,1.851,0.12776190476190497,0.2496666666666667,0.25476190476190497,0.5257619047619049
2020-03-15,0.838,32.01,29.21,0.891,0.93,0.07585714285714285,0.1425238095238095,0.1288571428571429,0.16785714285714293
2020-04-15,0.546,18.38,16.55,0.593,0.469,0.10838095238095247,0.15195238095238095,0.1553809523809524,0.0313809523809524
2020-05-15,0.83,29.38,28.56,0.876,1.032,0.1304761904761904,0.15000000000000002,0.17647619047619045,0.3324761904761905
2020-06-15,1.095,40.27,38.31,1.121,1.301,0.13619047619047608,0.18285714285714283,0.1621904761904761,0.34219047619047605
2020-07-15,1.166,43.24,40.71,1.22,1.328,0.13647619047619042,0.19671428571428562,0.19047619047619047,0.29847619047619056
2020-08-15,1.244,44.74,42.34,1.248,1.417,0.17876190476190468,0.23590476190476184,0.18276190476190468,0.3517619047619047
2020-09-15,1.176,40.91,39.63,1.227,1.299,0.201952380952381,0.23242857142857132,0.25295238095238115,0.324952380952381
2020-10-15,1.143,40.19,39.4,1.201,1.247,0.1860952380952382,0.20490476190476192,0.24409523809523825,0.2900952380952383
2020-11-15,1.128,42.69,40.94,1.19,1.312,0.11157142857142843,0.15323809523809517,0.1735714285714285,0.2955714285714286
2020-12-15,1.298,49.99,47.02,1.359,1.432,0.10776190476190473,0.17847619047619045,0.16876190476190467,0.24176190476190462
2021-01-15,1.5,54.77,52.0,1.563,1.654,0.19595238095238088,0.26190476190476186,0.2589523809523808,0.3499523809523808
2021-02-15,1.686,62.28,59.04,1.761,1.822,0.20314285714285707,0.28028571428571425,0.278142857142857,0.3391428571428572
2021-03-15,1.945,65.41,62.33,1.986,2.066,0.38761904761904775,0.460952380952381,0.4286190476190477,0.5086190476190475
2021-04-15,1.958,64.81,61.72,1.988,2.099,0.4149047619047619,0.4884761904761905,0.4449047619047619,0.5559047619047621
2021-05-15,2.038,68.53,65.17,2.116,2.239,0.4063333333333332,0.48633333333333306,0.4843333333333335,0.6073333333333333
2021-06-15,2.118,73.16,71.38,2.167,2.311,0.37609523809523804,0.41847619047619045,0.42509523809523797,0.5690952380952381
2021-07-15,2.205,75.17,72.49,2.257,2.361,0.4152380952380952,0.47904761904761917,0.46723809523809523,0.5712380952380953
2021-08-15,2.215,70.75,67.73,2.235,2.336,0.5304761904761903,0.6023809523809522,0.5504761904761903,0.6514761904761903
2021-09-15,2.199,74.49,71.65,2.284,2.25,0.4254285714285715,0.49304761904761873,0.5104285714285715,0.47642857142857165
2021-10-15,2.425,83.54,81.48,2.5,2.535,0.43595238095238065,0.48499999999999965,0.5109523809523808,0.545952380952381
2021-11-15,2.28,81.05,79.15,2.39,2.53,0.350238095238095,0.3954761904761901,0.46023809523809533,0.600238095238095
2021-12-15,2.129,74.17,71.71,2.203,2.315,0.36304761904761906,0.4216190476190478,0.4370476190476189,0.549047619047619
2022-01-15,2.4,86.51,83.22,2.449,2.548,0.340238095238095,0.4185714285714286,0.38923809523809494,0.48823809523809514
2022-02-15,2.648,97.13,91.64,2.739,2.818,0.33538095238095256,0.46609523809523834,0.4263809523809523,0.5053809523809525
2022-03-15,3.197,117.25,108.5,3.184,3.784,0.40533333333333355,0.6136666666666666,0.39233333333333364,0.9923333333333333
2022-04-15,3.18,104.58,101.78,3.193,3.408,0.6900000000000004,0.7566666666666668,0.7030000000000003,0.9180000000000001
2022-05-15,3.75,113.34,109.55,3.828,4.034,1.0514285714285712,1.1416666666666666,1.129428571428571,1.335428571428571
2022-06-15,4.049,122.71,114.84,4.082,4.27,1.127333333333334,1.314714285714286,1.1603333333333334,1.3483333333333332
2022-07-15,3.283,111.93,101.62,3.484,3.33,0.6179999999999999,0.8634761904761903,0.819,0.665
2022-08-15,2.793,100.45,93.67,3.027,3.123,0.40133333333333354,0.562761904761905,0.6353333333333335,0.7313333333333336
2022-09-15,2.578,89.76,84.26,2.642,3.884,0.4408571428571424,0.5718095238095233,0.5048571428571424,1.7468571428571424
2022-10-15,2.837,93.33,87.55,3.013,3.227,0.6148571428571432,0.7524761904761905,0.7908571428571429,1.004857142857143
2022-11-15,2.456,91.42,84.37,2.852,2.854,0.2793333333333332,0.4471904761904759,0.6753333333333331,0.6773333333333333
2022-12-15,2.157,80.92,76.44,2.366,2.249,0.23033333333333328,0.3370000000000002,0.43933333333333335,0.32233333333333336
2023-01-15,2.534,82.5,78.12,2.593,2.571,0.5697142857142856,0.6739999999999997,0.6287142857142858,0.606714285714286
2023-02-15,2.416,82.59,76.83,2.532,2.907,0.4495714285714285,0.5867142857142857,0.5655714285714286,0.9405714285714286
2023-03-15,2.536,78.43,73.28,2.515,2.756,0.6686190476190474,0.7912380952380953,0.6476190476190475,0.8886190476190472
2023-04-15,2.616,84.64,79.45,2.765,2.799,0.6007619047619048,0.7243333333333333,0.7497619047619049,0.7837619047619047
2023-05-15,2.447,75.47,71.58,2.57,2.672,0.6500952380952383,0.7427142857142859,0.7730952380952381,0.8750952380952384
2023-06-15,2.427,74.84,70.25,2.659,2.802,0.6450952380952382,0.7543809523809524,0.8770952380952379,1.0200952380952382
2023-07-15,2.674,80.11,76.07,2.7,2.97,0.7666190476190475,0.8628095238095239,0.7926190476190478,1.0626190476190478
2023-08-15,2.902,86.15,81.39,2.874,3.276,0.8508095238095237,0.9641428571428572,0.8228095238095237,1.2248095238095233
2023-09-15,2.824,93.72,89.43,2.894,3.78,0.5925714285714285,0.6947142857142854,0.6625714285714288,1.5485714285714285
2023-10-15,2.305,90.6,85.64,2.524,2.635,0.14785714285714313,0.26595238095238116,0.366857142857143,0.47785714285714276
2023-11-15,2.094,82.94,77.69,2.306,2.524,0.11923809523809514,0.24423809523809514,0.33123809523809533,0.5492380952380953
2023-12-15,2.019,77.63,71.9,2.226,2.32,0.17066666666666697,0.3070952380952381,0.3776666666666668,0.4716666666666667
2024-01-15,2.146,80.12,74.15,2.244,2.274,0.23838095238095214,0.38052380952380926,0.33638095238095245,0.36638095238095225
2024-02-15,2.325,83.48,77.25,2.326,2.555,0.33738095238095256,0.485714285714286,0.33838095238095245,0.5673809523809525
2024-03-15,2.545,85.41,81.28,2.48,2.911,0.5114285714285716,0.6097619047619047,0.4464285714285716,0.8774285714285717
2024-04-15,2.595,89.94,85.35,2.749,3.194,0.45357142857142874,0.5628571428571432,0.6075714285714287,1.0525714285714285
2024-05-15,2.385,81.75,80.02,2.531,2.702,0.4385714285714284,0.4797619047619046,0.5845714285714287,0.7555714285714286
2024-06-15,2.275,82.25,79.77,2.444,2.43,0.31666666666666665,0.37571428571428567,0.4856666666666667,0.4716666666666669
2024-07-15,2.373,85.15,81.8,2.49,2.373,0.3456190476190475,0.42538095238095264,0.4626190476190475,0.3456190476190475
2024-08-15,2.301,80.36,76.68,2.329,2.393,0.3876666666666668,0.4752857142857143,0.41566666666666685,0.47966666666666646
2024-09-15,1.981,74.02,70.24,2.057,2.359,0.2186190476190477,0.3086190476190478,0.29461904761904756,0.5966190476190476
2024-10-15,2.023,75.63,71.99,2.152,2.283,0.22228571428571442,0.3089523809523813,0.3512857142857144,0.4822857142857142
2024-11-15,1.95,74.35,69.95,2.112,2.165,0.1797619047619048,0.2845238095238094,0.34176190476190493,0.39476190476190487
2024-12-15,1.936,73.86,70.12,2.041,2.035,0.1774285714285715,0.2664761904761903,0.2824285714285715,0.2764285714285717
2025-01-15,2.083,79.27,75.74,2.152,2.206,0.1956190476190478,0.27966666666666695,0.26461904761904775,0.3186190476190476
2025-02-15,2.074,75.44,71.53,2.112,2.456,0.27780952380952373,0.3709047619047616,0.315809523809524,0.6598095238095238
2025-03-15,2.052,72.73,68.24,1.987,2.344,0.32033333333333336,0.4272380952380954,0.2553333333333334,0.6123333333333332
2025-04-15,1.996,68.13,63.54,1.907,2.428,0.3738571428571429,0.4831428571428571,0.2848571428571429,0.8058571428571428
2025-05-15,2.03,64.45,62.17,1.965,2.45,0.4954761904761902,0.5497619047619045,0.43047619047619046,0.9154761904761906
2025-06-15,2.074,71.44,68.17,2.099,2.288,0.37304761904761885,0.4509047619047617,0.3980476190476192,0.5870476190476188
2025-07-15,2.103,71.04,68.39,2.17,2.237,0.4115714285714287,0.4746666666666668,0.4785714285714284,0.5455714285714286
2025-08-15,2.09,67.87,64.86,2.126,2.378,0.47404761904761883,0.5457142857142856,0.5100476190476189,0.7620476190476191
2025-09-15,2.091,67.99,63.96,2.008,2.519,0.4721904761904765,0.5681428571428573,0.3891904761904763,0.9001904761904764
2025-10-15,1.926,64.54,60.89,1.891,2.346,0.3893333333333331,0.4762380952380951,0.35433333333333317,0.8093333333333332
2025-11-15,1.941,63.8,60.06,1.939,2.336,0.4219523809523811,0.5109999999999999,0.4199523809523811,0.8169523809523809
2025-12-15,1.759,62.54,57.97,1.774,1.793,0.26995238095238094,0.37876190476190463,0.28495238095238107,0.303952380952381
2026-01-15,2.05,66.6,60.04,2.063,2.269,0.4642857142857142,0.6204761904761904,0.47728571428571454,0.6832857142857145
2026-02-15,1.974,70.89,64.51,2.081,2.446,0.28614285714285703,0.4380476190476188,0.393142857142857,0.7581428571428572
2026-03-15,2.869,103.13,91.38,2.952,3.339,0.41352380952380985,0.6932857142857145,0.4965238095238096,0.8835238095238096
2026-04-15,3.24,117.29,100.32,3.283,3.772,0.44738095238095266,0.8514285714285719,0.49038095238095236,0.9793809523809522
2026-05-15,3.491,107.14,102.13,3.564,3.909,0.9400476190476192,1.0593333333333335,1.0130476190476192,1.358047619047619
2026-06-15,3.012,85.4,84.81,3.037,3.328,0.9786666666666664,0.9927142857142859,1.0036666666666663,1.2946666666666662
2026-07-15,3.277,83.76,80.46,3.222,3.485,1.2827142857142857,1.3612857142857147,1.2277142857142855,1.4907142857142854
2026-08-15,3.323,91.08,83.9,3.213,3.517,1.1544285714285714,1.325380952380952,1.0444285714285715,1.3484285714285713
