section,metric,period,value,unit,source,source_url,notes
Q1 inflation,"CPI-U, U.S. city average, all items, NSA (1982-84=100)",2008-07,219.964,index,BLS CPI-U CUUR0000SA0 (via FRED CPIAUCNS; values match BLS API for 2026),https://data.bls.gov/timeseries/CUUR0000SA0 ; https://fred.stlouisfed.org/series/CPIAUCNS,
Q1 inflation,"CPI-U, U.S. city average, all items, NSA (1982-84=100)",2026-05,335.123,index,BLS CPI-U CUUR0000SA0 (via FRED CPIAUCNS; values match BLS API for 2026),https://data.bls.gov/timeseries/CUUR0000SA0 ; https://fred.stlouisfed.org/series/CPIAUCNS,
Q1 inflation,"CPI-U, U.S. city average, all items, NSA (1982-84=100)",2026-08,334.98,index,BLS CPI-U CUUR0000SA0 (via FRED CPIAUCNS; values match BLS API for 2026),https://data.bls.gov/timeseries/CUUR0000SA0 ; https://fred.stlouisfed.org/series/CPIAUCNS,
Q1 inflation,Inflation factor Jul 2008 -> Aug 2026,2008-07->2026-08,1.5229,ratio,Computed from BLS CPI-U,https://data.bls.gov/timeseries/CUUR0000SA0,
Q1 inflation,Inflation factor Jul 2008 -> May 2026,2008-07->2026-05,1.5235,ratio,Computed from BLS CPI-U,https://data.bls.gov/timeseries/CUUR0000SA0,
Q1 prices,"US regular gasoline retail, weekly (peak week 2008)",2008-07-07,4.114,$/gal,EIA EMM_EPMR_PTE_NUS_DPG,https://www.eia.gov/dnav/pet/hist/LeafHandler.ashx?n=PET&s=EMM_EPMR_PTE_NUS_DPG&f=W,All-time 2008 weekly high
Q1 prices,"US regular gasoline retail, weekly (latest)",2026-09-21,4.478,$/gal,EIA EMM_EPMR_PTE_NUS_DPG,https://www.eia.gov/dnav/pet/hist/LeafHandler.ashx?n=PET&s=EMM_EPMR_PTE_NUS_DPG&f=W,
Q1 prices,"US regular gasoline retail, monthly avg",2008-07,4.062,$/gal,EIA,https://www.eia.gov/dnav/pet/hist/LeafHandler.ashx?n=PET&s=EMM_EPMR_PTE_NUS_DPG&f=M,
Q1 prices,"US regular gasoline retail, monthly avg",2026-05,4.479,$/gal,EIA,https://www.eia.gov/dnav/pet/hist/LeafHandler.ashx?n=PET&s=EMM_EPMR_PTE_NUS_DPG&f=M,Month of latest EIA pump-components breakdown
Q1 prices,"US regular gasoline retail, monthly avg",2026-08,4.058,$/gal,EIA,https://www.eia.gov/dnav/pet/hist/LeafHandler.ashx?n=PET&s=EMM_EPMR_PTE_NUS_DPG&f=M,Latest full month
Q1 prices,US regular gasoline all-time weekly high,2022-06-13,5.006,$/gal,EIA,https://www.eia.gov/dnav/pet/hist/LeafHandler.ashx?n=PET&s=EMM_EPMR_PTE_NUS_DPG&f=W,
Q1 prices,"WTI Cushing spot, daily (record)",2008-07-03,145.31,$/bbl,EIA RWTC,https://www.eia.gov/dnav/pet/hist/LeafHandler.ashx?n=PET&s=RWTC&f=D,
Q1 prices,"Brent spot, daily (record)",2008-07-03,143.95,$/bbl,EIA RBRTE,https://www.eia.gov/dnav/pet/hist/LeafHandler.ashx?n=PET&s=RBRTE&f=D,
Q1 prices,"WTI Cushing spot, daily (latest)",2026-09-22,96.41,$/bbl,EIA,https://www.eia.gov/dnav/pet/hist/LeafHandler.ashx?n=PET&s=RWTC&f=D,
Q1 prices,"Brent spot, daily (latest)",2026-09-22,114.89,$/bbl,EIA,https://www.eia.gov/dnav/pet/hist/LeafHandler.ashx?n=PET&s=RBRTE&f=D,
Q1 prices,"WTI spot, monthly avg",2008-07,133.37,$/bbl,EIA,https://www.eia.gov/dnav/pet/hist/LeafHandler.ashx?n=PET&s=RWTC&f=M,
Q1 prices,"Brent spot, monthly avg",2008-07,132.72,$/bbl,EIA,https://www.eia.gov/dnav/pet/hist/LeafHandler.ashx?n=PET&s=RBRTE&f=M,
Q1 prices,"WTI spot, monthly avg",2026-08,83.9,$/bbl,EIA,https://www.eia.gov/dnav/pet/hist/LeafHandler.ashx?n=PET&s=RWTC&f=M,
Q1 prices,"Brent spot, monthly avg",2026-08,91.08,$/bbl,EIA,https://www.eia.gov/dnav/pet/hist/LeafHandler.ashx?n=PET&s=RBRTE&f=M,
Q1 inflation,US gasoline weekly peak Jul 7 2008 in 2026 dollars,2008-07,6.265,$ (Aug-2026 $),Computed: EIA price x BLS CPI-U ratio,https://www.eia.gov/dnav/pet/hist/LeafHandler.ashx?n=PET&s=EMM_EPMR_PTE_NUS_DPG&f=W,
Q1 inflation,US gasoline Jul 2008 monthly avg in 2026 dollars,2008-07,6.186,$ (Aug-2026 $),Computed: EIA price x BLS CPI-U ratio,https://www.eia.gov/dnav/pet/hist/LeafHandler.ashx?n=PET&s=EMM_EPMR_PTE_NUS_DPG&f=W,
Q1 inflation,WTI Jul 3 2008 record in 2026 dollars,2008-07,221.291,$ (Aug-2026 $),Computed: EIA price x BLS CPI-U ratio,https://www.eia.gov/dnav/pet/hist/LeafHandler.ashx?n=PET&s=RWTC&f=D,
Q1 inflation,Brent Jul 3 2008 record in 2026 dollars,2008-07,219.219,$ (Aug-2026 $),Computed: EIA price x BLS CPI-U ratio,https://www.eia.gov/dnav/pet/hist/LeafHandler.ashx?n=PET&s=RWTC&f=D,
Q1 inflation,WTI Jul 2008 monthly avg in 2026 dollars,2008-07,203.107,$ (Aug-2026 $),Computed: EIA price x BLS CPI-U ratio,https://www.eia.gov/dnav/pet/hist/LeafHandler.ashx?n=PET&s=RWTC&f=D,
Q1 prices,"California regular retail, weekly peak Jun-Jul 2008",2008-06-16,4.588,$/gal,EIA,https://www.eia.gov/dnav/pet/hist/LeafHandler.ashx?n=PET&s=EMM_EPMR_PTE_SCA_DPG&f=W,
Q1 prices,"California regular retail, weekly latest",2026-09-21,6.003,$/gal,EIA,https://www.eia.gov/dnav/pet/hist/LeafHandler.ashx?n=PET&s=EMM_EPMR_PTE_SCA_DPG&f=W,
Q1 prices,"Texas regular retail, weekly peak Jun-Jul 2008",2008-07-14,3.966,$/gal,EIA,https://www.eia.gov/dnav/pet/hist/LeafHandler.ashx?n=PET&s=EMM_EPMR_PTE_STX_DPG&f=W,
Q1 prices,"Texas regular retail, weekly latest",2026-09-21,3.929,$/gal,EIA,https://www.eia.gov/dnav/pet/hist/LeafHandler.ashx?n=PET&s=EMM_EPMR_PTE_STX_DPG&f=W,
Q1 prices,"Florida regular retail, weekly peak Jun-Jul 2008",2008-07-07,4.057,$/gal,EIA,https://www.eia.gov/dnav/pet/hist/LeafHandler.ashx?n=PET&s=EMM_EPMR_PTE_SFL_DPG&f=W,
Q1 prices,"Florida regular retail, weekly latest",2026-09-21,4.217,$/gal,EIA,https://www.eia.gov/dnav/pet/hist/LeafHandler.ashx?n=PET&s=EMM_EPMR_PTE_SFL_DPG&f=W,
Q1 prices,"New York regular retail, weekly peak Jun-Jul 2008",2008-07-07,4.281,$/gal,EIA,https://www.eia.gov/dnav/pet/hist/LeafHandler.ashx?n=PET&s=EMM_EPMR_PTE_SNY_DPG&f=W,
Q1 prices,"New York regular retail, weekly latest",2026-09-21,4.421,$/gal,EIA,https://www.eia.gov/dnav/pet/hist/LeafHandler.ashx?n=PET&s=EMM_EPMR_PTE_SNY_DPG&f=W,
Q1 prices,"Washington regular retail, weekly peak Jun-Jul 2008",2008-07-07,4.37,$/gal,EIA,https://www.eia.gov/dnav/pet/hist/LeafHandler.ashx?n=PET&s=EMM_EPMR_PTE_SWA_DPG&f=W,
Q1 prices,"Washington regular retail, weekly latest",2026-09-21,5.516,$/gal,EIA,https://www.eia.gov/dnav/pet/hist/LeafHandler.ashx?n=PET&s=EMM_EPMR_PTE_SWA_DPG&f=W,
Q1 prices,"East Coast (PADD 1) regular retail, weekly peak Jun-Jul 2008",2008-07-07,4.079,$/gal,EIA,https://www.eia.gov/dnav/pet/hist/LeafHandler.ashx?n=PET&s=EMM_EPMR_PTE_R10_DPG&f=W,
Q1 prices,"East Coast (PADD 1) regular retail, weekly latest",2026-09-21,4.285,$/gal,EIA,https://www.eia.gov/dnav/pet/hist/LeafHandler.ashx?n=PET&s=EMM_EPMR_PTE_R10_DPG&f=W,
Q1 prices,"Midwest (PADD 2) regular retail, weekly peak Jun-Jul 2008",2008-07-14,4.066,$/gal,EIA,https://www.eia.gov/dnav/pet/hist/LeafHandler.ashx?n=PET&s=EMM_EPMR_PTE_R20_DPG&f=W,
Q1 prices,"Midwest (PADD 2) regular retail, weekly latest",2026-09-21,4.386,$/gal,EIA,https://www.eia.gov/dnav/pet/hist/LeafHandler.ashx?n=PET&s=EMM_EPMR_PTE_R20_DPG&f=W,
Q1 prices,"Gulf Coast (PADD 3) regular retail, weekly peak Jun-Jul 2008",2008-07-14,3.971,$/gal,EIA,https://www.eia.gov/dnav/pet/hist/LeafHandler.ashx?n=PET&s=EMM_EPMR_PTE_R30_DPG&f=W,
Q1 prices,"Gulf Coast (PADD 3) regular retail, weekly latest",2026-09-21,3.972,$/gal,EIA,https://www.eia.gov/dnav/pet/hist/LeafHandler.ashx?n=PET&s=EMM_EPMR_PTE_R30_DPG&f=W,
Q1 prices,"Rocky Mountain (PADD 4) regular retail, weekly peak Jun-Jul 2008",2008-07-21,4.105,$/gal,EIA,https://www.eia.gov/dnav/pet/hist/LeafHandler.ashx?n=PET&s=EMM_EPMR_PTE_R40_DPG&f=W,
Q1 prices,"Rocky Mountain (PADD 4) regular retail, weekly latest",2026-09-21,4.51,$/gal,EIA,https://www.eia.gov/dnav/pet/hist/LeafHandler.ashx?n=PET&s=EMM_EPMR_PTE_R40_DPG&f=W,
Q1 prices,"West Coast (PADD 5) regular retail, weekly peak Jun-Jul 2008",2008-06-23,4.46,$/gal,EIA,https://www.eia.gov/dnav/pet/hist/LeafHandler.ashx?n=PET&s=EMM_EPMR_PTE_R50_DPG&f=W,
Q1 prices,"West Coast (PADD 5) regular retail, weekly latest",2026-09-21,5.6,$/gal,EIA,https://www.eia.gov/dnav/pet/hist/LeafHandler.ashx?n=PET&s=EMM_EPMR_PTE_R50_DPG&f=W,
Q1 pump components,Crude oil share,2008-07,75.8,% of retail,EIA Gasoline Pump Components History,https://www.eia.gov/petroleum/gasdiesel/gaspump_hist.php,
Q1 pump components,Crude oil share,2026-05,51.9,% of retail,EIA Gasoline Pump Components History,https://www.eia.gov/petroleum/gasdiesel/gaspump_hist.php,
Q1 pump components,Crude oil,2008-07,307.9,cents/gal,Computed: EIA share x EIA retail price,https://www.eia.gov/petroleum/gasdiesel/gaspump_hist.php,
Q1 pump components,Crude oil (in May-2026 $),2008-07,469.1,cents/gal (May-2026 $),Computed with BLS CPI-U,https://www.eia.gov/petroleum/gasdiesel/gaspump_hist.php,
Q1 pump components,Crude oil,2026-05,232.5,cents/gal,Computed: EIA share x EIA retail price,https://www.eia.gov/petroleum/gasdiesel/gaspump_hist.php,
Q1 pump components,Crude oil change,2008-07->2026-05,-75.4,cents/gal nominal,Computed,https://www.eia.gov/petroleum/gasdiesel/gaspump_hist.php,
Q1 pump components,Refining costs & profits share,2008-07,3.2,% of retail,EIA Gasoline Pump Components History,https://www.eia.gov/petroleum/gasdiesel/gaspump_hist.php,
Q1 pump components,Refining costs & profits share,2026-05,21.7,% of retail,EIA Gasoline Pump Components History,https://www.eia.gov/petroleum/gasdiesel/gaspump_hist.php,
Q1 pump components,Refining costs & profits,2008-07,13.0,cents/gal,Computed: EIA share x EIA retail price,https://www.eia.gov/petroleum/gasdiesel/gaspump_hist.php,
Q1 pump components,Refining costs & profits (in May-2026 $),2008-07,19.8,cents/gal (May-2026 $),Computed with BLS CPI-U,https://www.eia.gov/petroleum/gasdiesel/gaspump_hist.php,
Q1 pump components,Refining costs & profits,2026-05,97.2,cents/gal,Computed: EIA share x EIA retail price,https://www.eia.gov/petroleum/gasdiesel/gaspump_hist.php,
Q1 pump components,Refining costs & profits change,2008-07->2026-05,84.2,cents/gal nominal,Computed,https://www.eia.gov/petroleum/gasdiesel/gaspump_hist.php,
Q1 pump components,Distribution & marketing costs & profits share,2008-07,11.2,% of retail,EIA Gasoline Pump Components History,https://www.eia.gov/petroleum/gasdiesel/gaspump_hist.php,
Q1 pump components,Distribution & marketing costs & profits share,2026-05,14.8,% of retail,EIA Gasoline Pump Components History,https://www.eia.gov/petroleum/gasdiesel/gaspump_hist.php,
Q1 pump components,Distribution & marketing costs & profits,2008-07,45.5,cents/gal,Computed: EIA share x EIA retail price,https://www.eia.gov/petroleum/gasdiesel/gaspump_hist.php,
Q1 pump components,Distribution & marketing costs & profits (in May-2026 $),2008-07,69.3,cents/gal (May-2026 $),Computed with BLS CPI-U,https://www.eia.gov/petroleum/gasdiesel/gaspump_hist.php,
Q1 pump components,Distribution & marketing costs & profits,2026-05,66.3,cents/gal,Computed: EIA share x EIA retail price,https://www.eia.gov/petroleum/gasdiesel/gaspump_hist.php,
Q1 pump components,Distribution & marketing costs & profits change,2008-07->2026-05,20.8,cents/gal nominal,Computed,https://www.eia.gov/petroleum/gasdiesel/gaspump_hist.php,
Q1 pump components,Taxes share,2008-07,9.8,% of retail,EIA Gasoline Pump Components History,https://www.eia.gov/petroleum/gasdiesel/gaspump_hist.php,
Q1 pump components,Taxes share,2026-05,11.5,% of retail,EIA Gasoline Pump Components History,https://www.eia.gov/petroleum/gasdiesel/gaspump_hist.php,
Q1 pump components,Taxes,2008-07,39.8,cents/gal,Computed: EIA share x EIA retail price,https://www.eia.gov/petroleum/gasdiesel/gaspump_hist.php,
Q1 pump components,Taxes (in May-2026 $),2008-07,60.6,cents/gal (May-2026 $),Computed with BLS CPI-U,https://www.eia.gov/petroleum/gasdiesel/gaspump_hist.php,
Q1 pump components,Taxes,2026-05,51.5,cents/gal,Computed: EIA share x EIA retail price,https://www.eia.gov/petroleum/gasdiesel/gaspump_hist.php,
Q1 pump components,Taxes change,2008-07->2026-05,11.7,cents/gal nominal,Computed,https://www.eia.gov/petroleum/gasdiesel/gaspump_hist.php,
Q1 pump components,"Refining component, average 2000-2019 (nominal)",2000-2019,34.0,cents/gal,Computed from EIA pump components history,https://www.eia.gov/petroleum/gasdiesel/gaspump_hist.php,
Q1 crack spreads,Gulf Coast conventional gasoline spot minus Brent (annual avg),2005,0.304,$/gal,"Computed from EIA spot prices (EER_EPMRU_PF4_RGC_DPG, RBRTE)",https://www.eia.gov/dnav/pet/hist/LeafHandler.ashx?n=PET&s=EER_EPMRU_PF4_RGC_DPG&f=M,
Q1 crack spreads,Gulf Coast conventional gasoline spot minus Brent (annual avg),2006,0.263,$/gal,"Computed from EIA spot prices (EER_EPMRU_PF4_RGC_DPG, RBRTE)",https://www.eia.gov/dnav/pet/hist/LeafHandler.ashx?n=PET&s=EER_EPMRU_PF4_RGC_DPG&f=M,
Q1 crack spreads,Gulf Coast conventional gasoline spot minus Brent (annual avg),2007,0.312,$/gal,"Computed from EIA spot prices (EER_EPMRU_PF4_RGC_DPG, RBRTE)",https://www.eia.gov/dnav/pet/hist/LeafHandler.ashx?n=PET&s=EER_EPMRU_PF4_RGC_DPG&f=M,
Q1 crack spreads,Gulf Coast conventional gasoline spot minus Brent (annual avg),2008,0.163,$/gal,"Computed from EIA spot prices (EER_EPMRU_PF4_RGC_DPG, RBRTE)",https://www.eia.gov/dnav/pet/hist/LeafHandler.ashx?n=PET&s=EER_EPMRU_PF4_RGC_DPG&f=M,
Q1 crack spreads,Gulf Coast conventional gasoline spot minus Brent (annual avg),2009,0.165,$/gal,"Computed from EIA spot prices (EER_EPMRU_PF4_RGC_DPG, RBRTE)",https://www.eia.gov/dnav/pet/hist/LeafHandler.ashx?n=PET&s=EER_EPMRU_PF4_RGC_DPG&f=M,
Q1 crack spreads,Gulf Coast conventional gasoline spot minus Brent (annual avg),2010,0.158,$/gal,"Computed from EIA spot prices (EER_EPMRU_PF4_RGC_DPG, RBRTE)",https://www.eia.gov/dnav/pet/hist/LeafHandler.ashx?n=PET&s=EER_EPMRU_PF4_RGC_DPG&f=M,
Q1 crack spreads,Gulf Coast conventional gasoline spot minus Brent (annual avg),2011,0.079,$/gal,"Computed from EIA spot prices (EER_EPMRU_PF4_RGC_DPG, RBRTE)",https://www.eia.gov/dnav/pet/hist/LeafHandler.ashx?n=PET&s=EER_EPMRU_PF4_RGC_DPG&f=M,
Q1 crack spreads,Gulf Coast conventional gasoline spot minus Brent (annual avg),2012,0.155,$/gal,"Computed from EIA spot prices (EER_EPMRU_PF4_RGC_DPG, RBRTE)",https://www.eia.gov/dnav/pet/hist/LeafHandler.ashx?n=PET&s=EER_EPMRU_PF4_RGC_DPG&f=M,
Q1 crack spreads,Gulf Coast conventional gasoline spot minus Brent (annual avg),2013,0.109,$/gal,"Computed from EIA spot prices (EER_EPMRU_PF4_RGC_DPG, RBRTE)",https://www.eia.gov/dnav/pet/hist/LeafHandler.ashx?n=PET&s=EER_EPMRU_PF4_RGC_DPG&f=M,
Q1 crack spreads,Gulf Coast conventional gasoline spot minus Brent (annual avg),2014,0.13,$/gal,"Computed from EIA spot prices (EER_EPMRU_PF4_RGC_DPG, RBRTE)",https://www.eia.gov/dnav/pet/hist/LeafHandler.ashx?n=PET&s=EER_EPMRU_PF4_RGC_DPG&f=M,
Q1 crack spreads,Gulf Coast conventional gasoline spot minus Brent (annual avg),2015,0.306,$/gal,"Computed from EIA spot prices (EER_EPMRU_PF4_RGC_DPG, RBRTE)",https://www.eia.gov/dnav/pet/hist/LeafHandler.ashx?n=PET&s=EER_EPMRU_PF4_RGC_DPG&f=M,
Q1 crack spreads,Gulf Coast conventional gasoline spot minus Brent (annual avg),2016,0.295,$/gal,"Computed from EIA spot prices (EER_EPMRU_PF4_RGC_DPG, RBRTE)",https://www.eia.gov/dnav/pet/hist/LeafHandler.ashx?n=PET&s=EER_EPMRU_PF4_RGC_DPG&f=M,
Q1 crack spreads,Gulf Coast conventional gasoline spot minus Brent (annual avg),2017,0.313,$/gal,"Computed from EIA spot prices (EER_EPMRU_PF4_RGC_DPG, RBRTE)",https://www.eia.gov/dnav/pet/hist/LeafHandler.ashx?n=PET&s=EER_EPMRU_PF4_RGC_DPG&f=M,
Q1 crack spreads,Gulf Coast conventional gasoline spot minus Brent (annual avg),2018,0.184,$/gal,"Computed from EIA spot prices (EER_EPMRU_PF4_RGC_DPG, RBRTE)",https://www.eia.gov/dnav/pet/hist/LeafHandler.ashx?n=PET&s=EER_EPMRU_PF4_RGC_DPG&f=M,
Q1 crack spreads,Gulf Coast conventional gasoline spot minus Brent (annual avg),2019,0.166,$/gal,"Computed from EIA spot prices (EER_EPMRU_PF4_RGC_DPG, RBRTE)",https://www.eia.gov/dnav/pet/hist/LeafHandler.ashx?n=PET&s=EER_EPMRU_PF4_RGC_DPG&f=M,
Q1 crack spreads,Gulf Coast conventional gasoline spot minus Brent (annual avg),2020,0.131,$/gal,"Computed from EIA spot prices (EER_EPMRU_PF4_RGC_DPG, RBRTE)",https://www.eia.gov/dnav/pet/hist/LeafHandler.ashx?n=PET&s=EER_EPMRU_PF4_RGC_DPG&f=M,
Q1 crack spreads,Gulf Coast conventional gasoline spot minus Brent (annual avg),2021,0.375,$/gal,"Computed from EIA spot prices (EER_EPMRU_PF4_RGC_DPG, RBRTE)",https://www.eia.gov/dnav/pet/hist/LeafHandler.ashx?n=PET&s=EER_EPMRU_PF4_RGC_DPG&f=M,
Q1 crack spreads,Gulf Coast conventional gasoline spot minus Brent (annual avg),2022,0.545,$/gal,"Computed from EIA spot prices (EER_EPMRU_PF4_RGC_DPG, RBRTE)",https://www.eia.gov/dnav/pet/hist/LeafHandler.ashx?n=PET&s=EER_EPMRU_PF4_RGC_DPG&f=M,
Q1 crack spreads,Gulf Coast conventional gasoline spot minus Brent (annual avg),2023,0.519,$/gal,"Computed from EIA spot prices (EER_EPMRU_PF4_RGC_DPG, RBRTE)",https://www.eia.gov/dnav/pet/hist/LeafHandler.ashx?n=PET&s=EER_EPMRU_PF4_RGC_DPG&f=M,
Q1 crack spreads,Gulf Coast conventional gasoline spot minus Brent (annual avg),2024,0.319,$/gal,"Computed from EIA spot prices (EER_EPMRU_PF4_RGC_DPG, RBRTE)",https://www.eia.gov/dnav/pet/hist/LeafHandler.ashx?n=PET&s=EER_EPMRU_PF4_RGC_DPG&f=M,
Q1 crack spreads,Gulf Coast conventional gasoline spot minus Brent (annual avg),2025,0.373,$/gal,"Computed from EIA spot prices (EER_EPMRU_PF4_RGC_DPG, RBRTE)",https://www.eia.gov/dnav/pet/hist/LeafHandler.ashx?n=PET&s=EER_EPMRU_PF4_RGC_DPG&f=M,
Q1 crack spreads,Gulf Coast conventional gasoline spot minus Brent (annual avg),2026 (Jan-Aug),0.746,$/gal,"Computed from EIA spot prices (EER_EPMRU_PF4_RGC_DPG, RBRTE)",https://www.eia.gov/dnav/pet/hist/LeafHandler.ashx?n=PET&s=EER_EPMRU_PF4_RGC_DPG&f=M,
Q1 crack spreads,Gulf Coast gasoline minus Brent (monthly),2008-07,-0.002,$/gal,Computed from EIA spot prices,https://www.eia.gov/dnav/pet/hist/LeafHandler.ashx?n=PET&s=EER_EPMRU_PF4_RGC_DPG&f=M,
Q1 crack spreads,LA RBOB minus Brent (monthly),2008-07,0.126,$/gal,Computed from EIA spot prices (EER_EPMRR_PF4_Y05LA_DPG),https://www.eia.gov/dnav/pet/hist/LeafHandler.ashx?n=PET&s=EER_EPMRR_PF4_Y05LA_DPG&f=M,
Q1 crack spreads,Gulf Coast gasoline minus Brent (monthly),2026-05,0.94,$/gal,Computed from EIA spot prices,https://www.eia.gov/dnav/pet/hist/LeafHandler.ashx?n=PET&s=EER_EPMRU_PF4_RGC_DPG&f=M,
Q1 crack spreads,LA RBOB minus Brent (monthly),2026-05,1.358,$/gal,Computed from EIA spot prices (EER_EPMRR_PF4_Y05LA_DPG),https://www.eia.gov/dnav/pet/hist/LeafHandler.ashx?n=PET&s=EER_EPMRR_PF4_Y05LA_DPG&f=M,
Q1 crack spreads,Gulf Coast gasoline minus Brent (monthly),2026-08,1.154,$/gal,Computed from EIA spot prices,https://www.eia.gov/dnav/pet/hist/LeafHandler.ashx?n=PET&s=EER_EPMRU_PF4_RGC_DPG&f=M,
Q1 crack spreads,LA RBOB minus Brent (monthly),2026-08,1.348,$/gal,Computed from EIA spot prices (EER_EPMRR_PF4_Y05LA_DPG),https://www.eia.gov/dnav/pet/hist/LeafHandler.ashx?n=PET&s=EER_EPMRR_PF4_Y05LA_DPG&f=M,
Q1 crack spreads,Gulf Coast gasoline spot minus Brent (daily latest),2026-09-22,1.156,$/gal,Computed from EIA daily spot prices,https://www.eia.gov/dnav/pet/hist/LeafHandler.ashx?n=PET&s=EER_EPMRU_PF4_RGC_DPG&f=D,
Q1 refining capacity,US operable crude distillation capacity,2008-01,17594.0,thousand b/cd,EIA MOCLEUS2,https://www.eia.gov/dnav/pet/hist/LeafHandler.ashx?n=PET&s=MOCLEUS2&f=M,
Q1 refining capacity,US operable crude distillation capacity,2008-07,17610.0,thousand b/cd,EIA MOCLEUS2,https://www.eia.gov/dnav/pet/hist/LeafHandler.ashx?n=PET&s=MOCLEUS2&f=M,
Q1 refining capacity,US operable crude distillation capacity,2019-12,18808.0,thousand b/cd,EIA MOCLEUS2,https://www.eia.gov/dnav/pet/hist/LeafHandler.ashx?n=PET&s=MOCLEUS2&f=M,
Q1 refining capacity,US operable crude distillation capacity,2020-01,18976.0,thousand b/cd,EIA MOCLEUS2,https://www.eia.gov/dnav/pet/hist/LeafHandler.ashx?n=PET&s=MOCLEUS2&f=M,
Q1 refining capacity,US operable crude distillation capacity,2021-01,18128.0,thousand b/cd,EIA MOCLEUS2,https://www.eia.gov/dnav/pet/hist/LeafHandler.ashx?n=PET&s=MOCLEUS2&f=M,
Q1 refining capacity,US operable crude distillation capacity,2022-01,17934.0,thousand b/cd,EIA MOCLEUS2,https://www.eia.gov/dnav/pet/hist/LeafHandler.ashx?n=PET&s=MOCLEUS2&f=M,
Q1 refining capacity,US operable crude distillation capacity,2023-01,18060.0,thousand b/cd,EIA MOCLEUS2,https://www.eia.gov/dnav/pet/hist/LeafHandler.ashx?n=PET&s=MOCLEUS2&f=M,
Q1 refining capacity,US operable crude distillation capacity,2024-01,18384.0,thousand b/cd,EIA MOCLEUS2,https://www.eia.gov/dnav/pet/hist/LeafHandler.ashx?n=PET&s=MOCLEUS2&f=M,
Q1 refining capacity,US operable crude distillation capacity,2025-01,18423.0,thousand b/cd,EIA MOCLEUS2,https://www.eia.gov/dnav/pet/hist/LeafHandler.ashx?n=PET&s=MOCLEUS2&f=M,
Q1 refining capacity,US operable crude distillation capacity,2026-01,18162.0,thousand b/cd,EIA MOCLEUS2,https://www.eia.gov/dnav/pet/hist/LeafHandler.ashx?n=PET&s=MOCLEUS2&f=M,
Q1 refining capacity,US operable crude distillation capacity,2026-06,18027.0,thousand b/cd,EIA MOCLEUS2,https://www.eia.gov/dnav/pet/hist/LeafHandler.ashx?n=PET&s=MOCLEUS2&f=M,
Q1 refining capacity,US operable atmospheric distillation capacity as of Jan 1 (stream day),2008,18558022.0,b/sd,EIA Refinery Capacity Report series 8_NA_8D0_NUS_5,https://www.eia.gov/dnav/pet/hist/LeafHandler.ashx?n=PET&s=8_NA_8D0_NUS_5&f=A,
Q1 refining capacity,US operable atmospheric distillation capacity as of Jan 1 (stream day),2020,20092219.0,b/sd,EIA Refinery Capacity Report series 8_NA_8D0_NUS_5,https://www.eia.gov/dnav/pet/hist/LeafHandler.ashx?n=PET&s=8_NA_8D0_NUS_5&f=A,
Q1 refining capacity,US operable atmospheric distillation capacity as of Jan 1 (stream day),2026,19157174.0,b/sd,EIA Refinery Capacity Report series 8_NA_8D0_NUS_5,https://www.eia.gov/dnav/pet/hist/LeafHandler.ashx?n=PET&s=8_NA_8D0_NUS_5&f=A,
Q1 refining capacity,US refinery utilization of operable capacity,2008-07,88.8,%,EIA MOPUEUS2,https://www.eia.gov/dnav/pet/hist/LeafHandler.ashx?n=PET&s=MOPUEUS2&f=M,
Q1 refining capacity,US refinery utilization of operable capacity,2026-05,94.0,%,EIA MOPUEUS2,https://www.eia.gov/dnav/pet/hist/LeafHandler.ashx?n=PET&s=MOPUEUS2&f=M,
Q1 refining capacity,US refinery utilization of operable capacity,2026-06,96.5,%,EIA MOPUEUS2,https://www.eia.gov/dnav/pet/hist/LeafHandler.ashx?n=PET&s=MOPUEUS2&f=M,
Q1 exports,US exports of finished motor gasoline (annual),2008,172.0,thousand b/d,EIA MGFEXUS2,https://www.eia.gov/dnav/pet/hist/LeafHandler.ashx?n=PET&s=MGFEXUS2&f=A,
Q1 exports,US exports of finished petroleum products (annual),2008,1608.0,thousand b/d,EIA MTPEXUS2,https://www.eia.gov/dnav/pet/hist/LeafHandler.ashx?n=PET&s=MTPEXUS2&f=A,
Q1 exports,US exports of finished motor gasoline (annual),2019,815.0,thousand b/d,EIA MGFEXUS2,https://www.eia.gov/dnav/pet/hist/LeafHandler.ashx?n=PET&s=MGFEXUS2&f=A,
Q1 exports,US exports of finished petroleum products (annual),2019,3252.0,thousand b/d,EIA MTPEXUS2,https://www.eia.gov/dnav/pet/hist/LeafHandler.ashx?n=PET&s=MTPEXUS2&f=A,
Q1 exports,US exports of finished motor gasoline (annual),2020,722.0,thousand b/d,EIA MGFEXUS2,https://www.eia.gov/dnav/pet/hist/LeafHandler.ashx?n=PET&s=MGFEXUS2&f=A,
Q1 exports,US exports of finished petroleum products (annual),2020,2802.0,thousand b/d,EIA MTPEXUS2,https://www.eia.gov/dnav/pet/hist/LeafHandler.ashx?n=PET&s=MTPEXUS2&f=A,
Q1 exports,US exports of finished motor gasoline (annual),2022,867.0,thousand b/d,EIA MGFEXUS2,https://www.eia.gov/dnav/pet/hist/LeafHandler.ashx?n=PET&s=MGFEXUS2&f=A,
Q1 exports,US exports of finished petroleum products (annual),2022,3087.0,thousand b/d,EIA MTPEXUS2,https://www.eia.gov/dnav/pet/hist/LeafHandler.ashx?n=PET&s=MTPEXUS2&f=A,
Q1 exports,US exports of finished motor gasoline (annual),2024,797.0,thousand b/d,EIA MGFEXUS2,https://www.eia.gov/dnav/pet/hist/LeafHandler.ashx?n=PET&s=MGFEXUS2&f=A,
Q1 exports,US exports of finished petroleum products (annual),2024,3180.0,thousand b/d,EIA MTPEXUS2,https://www.eia.gov/dnav/pet/hist/LeafHandler.ashx?n=PET&s=MTPEXUS2&f=A,
Q1 exports,US exports of finished motor gasoline (annual),2025,778.0,thousand b/d,EIA MGFEXUS2,https://www.eia.gov/dnav/pet/hist/LeafHandler.ashx?n=PET&s=MGFEXUS2&f=A,
Q1 exports,US exports of finished petroleum products (annual),2025,3050.0,thousand b/d,EIA MTPEXUS2,https://www.eia.gov/dnav/pet/hist/LeafHandler.ashx?n=PET&s=MTPEXUS2&f=A,
Q1 exports,US exports of finished motor gasoline (monthly),2008-07,236.0,thousand b/d,EIA,https://www.eia.gov/dnav/pet/hist/LeafHandler.ashx?n=PET&s=MGFEXUS2&f=M,
Q1 exports,US exports of finished motor gasoline (monthly),2026-05,806.0,thousand b/d,EIA,https://www.eia.gov/dnav/pet/hist/LeafHandler.ashx?n=PET&s=MGFEXUS2&f=M,
Q1 exports,US exports of finished motor gasoline (monthly),2026-06,883.0,thousand b/d,EIA,https://www.eia.gov/dnav/pet/hist/LeafHandler.ashx?n=PET&s=MGFEXUS2&f=M,
Q1 exports,US total gasoline stocks (weekly latest),2026-09-18,206046.0,thousand bbl,EIA WGTSTUS1,https://www.eia.gov/dnav/pet/hist/LeafHandler.ashx?n=PET&s=WGTSTUS1&f=W,Lowest for the comparable mid-September week in 2019-2026
Q1 refinery closures,"Philadelphia Energy Solutions (Philadelphia, PA) shutdown, crude distillation capacity",shut 05/2020 (last operated 08/2019),335000,b/cd,EIA RCR 2021 Table 11,https://www.eia.gov/petroleum/refinerycapacity/archive/2021/table11.pdf,
Q1 refinery closures,"Dakota Prairie Refining (Dickinson, ND) shutdown, crude distillation capacity",2020,19000,b/cd,EIA RCR 2021 Table 11,https://www.eia.gov/petroleum/refinerycapacity/archive/2021/table11.pdf,
Q1 refinery closures,"Shell Oil Products US (Convent, LA) shutdown, crude distillation capacity",shut 01/2021 (last operated 12/2020),211146,b/cd,EIA RCR 2021 Table 11,https://www.eia.gov/petroleum/refinerycapacity/archive/2021/table11.pdf,
Q1 refinery closures,"Western Refining Southwest (Marathon) (Gallup, NM) shutdown, crude distillation capacity",2020,27000,b/cd,EIA RCR 2021 Table 11,https://www.eia.gov/petroleum/refinerycapacity/archive/2021/table11.pdf,
Q1 refinery closures,"HollyFrontier Cheyenne Refining (Cheyenne, WY) shutdown, crude distillation capacity",2020,48000,b/cd,EIA RCR 2021 Table 11,https://www.eia.gov/petroleum/refinerycapacity/archive/2021/table11.pdf,
Q1 refinery closures,"Tesoro Refining & Marketing (Marathon) (Martinez, CA) shutdown, crude distillation capacity",2020,161000,b/cd,EIA RCR 2021 Table 11,https://www.eia.gov/petroleum/refinerycapacity/archive/2021/table11.pdf,
Q1 refinery closures,"Phillips 66 (Belle Chasse, LA) shutdown, crude distillation capacity",shut 12/2021,255600,b/cd,EIA RCR 2022 Table 11,https://www.eia.gov/petroleum/refinerycapacity/archive/2022/table11.pdf,
Q1 refinery closures,"Phillips 66 (Rodeo, CA) shutdown, crude distillation capacity",shut 03/2024,58200,b/cd,EIA RCR 2025 Table 11,https://www.eia.gov/petroleum/refinerycapacity/archive/2025/table11.pdf,
Q1 refinery closures,"Houston Refining LP (LyondellBasell) (Houston, TX) shutdown, crude distillation capacity",02/2025,263776,b/cd,EIA RCR 2026 Table 11,https://www.eia.gov/petroleum/refinerycapacity/table11.pdf,
Q1 refinery closures,"Phillips 66 (Los Angeles, CA) shutdown, crude distillation capacity",10/2025,138700,b/cd,EIA RCR 2026 Table 11,https://www.eia.gov/petroleum/refinerycapacity/table11.pdf,
Q1 refinery closures,Valero Benicia (CA) refinery - processing units fully idled,2026-04,n/a (EIA RCR 2026 lists it as operable as of Jan 1 2026),,Valero Form 10-Q for Q2 2026 (filed 2026-07-30),https://www.sec.gov/Archives/edgar/data/1035002/000162828026050937/,
Q1 refiner profits,Valero Energy net income attributable to shareholders,CY2008,-1.131,$ billion,SEC 10-K XBRL (accession 0001035002-11-000013),https://www.sec.gov/Archives/edgar/data/1035002/000103500211000013/,
Q1 refiner profits,Valero Energy net income attributable to shareholders,CY2019,2.422,$ billion,SEC 10-K XBRL (accession 0001035002-22-000007),https://www.sec.gov/Archives/edgar/data/1035002/000103500222000007/,
Q1 refiner profits,Valero Energy net income attributable to shareholders,CY2020,-1.421,$ billion,SEC 10-K XBRL (accession 0001035002-23-000027),https://www.sec.gov/Archives/edgar/data/1035002/000103500223000027/,
Q1 refiner profits,Valero Energy net income attributable to shareholders,CY2021,0.93,$ billion,SEC 10-K XBRL (accession 0001035002-24-000007),https://www.sec.gov/Archives/edgar/data/1035002/000103500224000007/,
Q1 refiner profits,Valero Energy net income attributable to shareholders,CY2022,11.528,$ billion,SEC 10-K XBRL (accession 0001035002-25-000005),https://www.sec.gov/Archives/edgar/data/1035002/000103500225000005/,
Q1 refiner profits,Valero Energy net income attributable to shareholders,CY2023,8.835,$ billion,SEC 10-K XBRL (accession 0001628280-26-011499),https://www.sec.gov/Archives/edgar/data/1035002/000162828026011499/,
Q1 refiner profits,Valero Energy net income attributable to shareholders,CY2024,2.77,$ billion,SEC 10-K XBRL (accession 0001628280-26-011499),https://www.sec.gov/Archives/edgar/data/1035002/000162828026011499/,
Q1 refiner profits,Valero Energy net income attributable to shareholders,CY2025,2.348,$ billion,SEC 10-K XBRL (accession 0001628280-26-011499),https://www.sec.gov/Archives/edgar/data/1035002/000162828026011499/,
Q1 refiner profits,Valero Energy net income attributable to shareholders,CY2025Q2,0.714,$ billion,SEC 10-Q XBRL (accession 0001628280-26-050937),https://www.sec.gov/Archives/edgar/data/1035002/000162828026050937/,
Q1 refiner profits,Valero Energy net income attributable to shareholders,CY2026Q1,1.263,$ billion,SEC 10-Q XBRL (accession 0001628280-26-028690),https://www.sec.gov/Archives/edgar/data/1035002/000162828026028690/,
Q1 refiner profits,Valero Energy net income attributable to shareholders,CY2026Q2,3.72,$ billion,SEC 10-Q XBRL (accession 0001628280-26-050937),https://www.sec.gov/Archives/edgar/data/1035002/000162828026050937/,
Q1 refiner profits,Marathon Petroleum net income attributable to shareholders,CY2019,2.637,$ billion,SEC 10-K XBRL (accession 0001510295-22-000011),https://www.sec.gov/Archives/edgar/data/1510295/000151029522000011/,
Q1 refiner profits,Marathon Petroleum net income attributable to shareholders,CY2020,-9.826,$ billion,SEC 10-K XBRL (accession 0001510295-23-000012),https://www.sec.gov/Archives/edgar/data/1510295/000151029523000012/,
Q1 refiner profits,Marathon Petroleum net income attributable to shareholders,CY2021,9.738,$ billion,SEC 10-K XBRL (accession 0001510295-24-000015),https://www.sec.gov/Archives/edgar/data/1510295/000151029524000015/,
Q1 refiner profits,Marathon Petroleum net income attributable to shareholders,CY2022,14.516,$ billion,SEC 10-K XBRL (accession 0001510295-25-000012),https://www.sec.gov/Archives/edgar/data/1510295/000151029525000012/,
Q1 refiner profits,Marathon Petroleum net income attributable to shareholders,CY2023,9.681,$ billion,SEC 10-K XBRL (accession 0001510295-26-000009),https://www.sec.gov/Archives/edgar/data/1510295/000151029526000009/,
Q1 refiner profits,Marathon Petroleum net income attributable to shareholders,CY2024,3.445,$ billion,SEC 10-K XBRL (accession 0001510295-26-000009),https://www.sec.gov/Archives/edgar/data/1510295/000151029526000009/,
Q1 refiner profits,Marathon Petroleum net income attributable to shareholders,CY2025,4.047,$ billion,SEC 10-K XBRL (accession 0001510295-26-000009),https://www.sec.gov/Archives/edgar/data/1510295/000151029526000009/,
Q1 refiner profits,Marathon Petroleum net income attributable to shareholders,CY2025Q2,1.216,$ billion,SEC 10-Q XBRL (accession 0001510295-26-000061),https://www.sec.gov/Archives/edgar/data/1510295/000151029526000061/,
Q1 refiner profits,Marathon Petroleum net income attributable to shareholders,CY2026Q1,0.511,$ billion,SEC 10-Q XBRL (accession 0001510295-26-000042),https://www.sec.gov/Archives/edgar/data/1510295/000151029526000042/,
Q1 refiner profits,Marathon Petroleum net income attributable to shareholders,CY2026Q2,5.138,$ billion,SEC 10-Q XBRL (accession 0001510295-26-000061),https://www.sec.gov/Archives/edgar/data/1510295/000151029526000061/,
Q1 refiner profits,Phillips 66 net income attributable to shareholders,CY2019,3.076,$ billion,SEC 10-K XBRL (accession 0001534701-22-000078),https://www.sec.gov/Archives/edgar/data/1534701/000153470122000078/,
Q1 refiner profits,Phillips 66 net income attributable to shareholders,CY2020,-3.975,$ billion,SEC 10-K XBRL (accession 0001534701-23-000053),https://www.sec.gov/Archives/edgar/data/1534701/000153470123000053/,
Q1 refiner profits,Phillips 66 net income attributable to shareholders,CY2021,1.317,$ billion,SEC 10-K XBRL (accession 0001534701-24-000078),https://www.sec.gov/Archives/edgar/data/1534701/000153470124000078/,
Q1 refiner profits,Phillips 66 net income attributable to shareholders,CY2022,11.024,$ billion,SEC 10-K XBRL (accession 0001534701-25-000074),https://www.sec.gov/Archives/edgar/data/1534701/000153470125000074/,
Q1 refiner profits,Phillips 66 net income attributable to shareholders,CY2023,7.015,$ billion,SEC 10-K XBRL (accession 0001534701-26-000006),https://www.sec.gov/Archives/edgar/data/1534701/000153470126000006/,
Q1 refiner profits,Phillips 66 net income attributable to shareholders,CY2024,2.117,$ billion,SEC 10-K XBRL (accession 0001534701-26-000006),https://www.sec.gov/Archives/edgar/data/1534701/000153470126000006/,
Q1 refiner profits,Phillips 66 net income attributable to shareholders,CY2025,4.403,$ billion,SEC 10-K XBRL (accession 0001534701-26-000006),https://www.sec.gov/Archives/edgar/data/1534701/000153470126000006/,
Q1 refiner profits,Phillips 66 net income attributable to shareholders,CY2025Q2,0.877,$ billion,SEC 10-Q XBRL (accession 0001534701-26-000032),https://www.sec.gov/Archives/edgar/data/1534701/000153470126000032/,
Q1 refiner profits,Phillips 66 net income attributable to shareholders,CY2026Q1,0.207,$ billion,SEC 10-Q XBRL (accession 0001534701-26-000022),https://www.sec.gov/Archives/edgar/data/1534701/000153470126000022/,
Q1 refiner profits,Phillips 66 net income attributable to shareholders,CY2026Q2,3.847,$ billion,SEC 10-Q XBRL (accession 0001534701-26-000032),https://www.sec.gov/Archives/edgar/data/1534701/000153470126000032/,
Q1 taxes,Federal gasoline excise tax + LUST fee,2008 and 2026,18.4,cents/gal,FHWA Highway Statistics 2008 Table MF-121T; EIA Federal and State Motor Fuels Taxes (July 2026),https://www.fhwa.dot.gov/policyinformation/statistics/2008/mf121t.cfm,Unchanged since 1993
Q1 taxes,Weighted average state gasoline excise tax,2008,20.481,cents/gal,FHWA Highway Statistics 2008 Table MF-121T,https://www.fhwa.dot.gov/policyinformation/statistics/2008/mf121t.cfm,Excise only; excludes sales taxes
Q1 taxes,Average state gasoline tax incl. other taxes & fees,2026-07,33.76,cents/gal,"EIA Federal and State Motor Fuels Taxes (July 2026, revised Aug 2026)",https://www.eia.gov/petroleum/marketing/monthly/xls/fueltaxes.xlsx,
Q1 taxes,Average state + federal gasoline tax,2026-07,52.16,cents/gal,EIA fueltaxes.xlsx,https://www.eia.gov/petroleum/marketing/monthly/xls/fueltaxes.xlsx,
Q1 taxes,California state excise gasoline tax,2008,18.0,cents/gal,FHWA MF-121T 2008 (plus sales tax applied to price),https://www.fhwa.dot.gov/policyinformation/statistics/2008/mf121t.cfm,
Q1 taxes,California state gasoline tax (excise 63.4 + other 10.24),2026-07,73.64,cents/gal,EIA fueltaxes.xlsx,https://www.eia.gov/petroleum/marketing/monthly/xls/fueltaxes.xlsx,
Q1 California,CA Low Carbon Fuel Standard cost in gasoline price,2026,18,cents/gal (approx),California Energy Commission FAQ (updated Aug 26 2026),https://www.energy.ca.gov/programs-and-topics/topics/petroleum-fuels-transition/faq-california-gas-prices-and-impacts-iran,
Q1 California,CA Cap-and-Invest cost in gasoline price,2026,23,cents/gal (approx),California Energy Commission FAQ,https://www.energy.ca.gov/programs-and-topics/topics/petroleum-fuels-transition/faq-california-gas-prices-and-impacts-iran,
Q1 California,CA branded minus unbranded gasoline price spread,2026,0.31,$/gal,"CEC Division of Petroleum Market Oversight, Market Update June 12 2026",https://www.energy.ca.gov/sites/default/files/2026-06/DPMO_California_Gasoline_Diesel_Market_Update_June_2026_ada.pdf,vs $0.06 rest of US
Q1 official findings,FTC post-Katrina gasoline investigation: no evidence of illegal market manipulation; 15 firms met statutory price-gouging definition but most explained by regional/market factors,2006-05,,finding,"FTC report, May 2006",https://www.ftc.gov/news-events/news/press-releases/2006/05/ftc-releases-report-its-investigation-gasoline-price-manipulation-post-katrina-gasoline-price,
Q1 official findings,"FTC Bureau of Economics: retail gasoline prices rise faster than they fall (""rockets and feathers"") - asymmetric pass-through documented",2011-09,,finding,"FTC BE report, Sep 2011",https://www.ftc.gov/reports/federal-trade-commission-bureau-economics-gasoline-price-changes-petroleum-industry-update,
Q1 official findings,"CFTC: federal court consent order (Apr 19 2012) against Optiver for manipulation/attempted manipulation (""banging the close"") of NYMEX crude, heating oil and NY Harbor gasoline futures in Mar 2007; $13M penalty + $1M disgorgement",2012-04-19,,finding,CFTC press release 6239-12,https://www.cftc.gov/PressRoom/PressReleases/6239-12,
Q1 official findings,"California AG lawsuit (filed May 2020) alleged Vitol and SK Energy manipulated California gasoline spot-market prices after the Feb 2015 Torrance refinery explosion; resolved by $50M settlement Jul 10 2024 ($37.5M consumers, $12.5M civil penalty). Allegations settled, not adjudicated",2024-07-10,,finding,California Attorney General press release,https://oag.ca.gov/news/press-releases/attorney-general-bonta-announces-50-million-settlement-vitol-and-sk-part-ongoing,
Q1 official findings,DOJ Antitrust Division + FTC joint letter to state AGs (Jul 3 2026): says too much of crude price cut is being withheld from pump prices and both agencies are closely monitoring; urges state investigations. Not a finding of illegal conduct,2026-07-03,,finding,DOJ/FTC letter,https://www.justice.gov/atr/media/1450951/dl?inline=,
Q1 official findings,California Energy Commission: no max gross refining margin or penalty set under SB X1-2; Aug 29 2025 resolution defers action at least 5 years - zero penalty findings,2025-08-29,,finding,CEC resolution TN 265835,https://efiling.energy.ca.gov/GetDocument.aspx?tn=265835,
Q1 official findings,"CEC Division of Petroleum Market Oversight: Mar 19 2026 enforcement bulletin; ~20 high-priced stations contacted; investigation ongoing, no findings published",2026-06-12,,finding,CEC DPMO market update June 2026,https://www.energy.ca.gov/sites/default/files/2026-06/DPMO_California_Gasoline_Diesel_Market_Update_June_2026_ada.pdf,
