id,party,who,date,promise_or_claim_verbatim,where_claim_was_made_not_proof,primary_record_url,what_the_record_shows_raw_numbers,finding,label
P1-01,D,Sen. Bernie Sanders (I-VT; ran in Dem primaries),2019-04-10,"“Medicare for All does not represent any new spending at all. Instead, it represents a rebalance of how our current dollars are spent.”",https://www.sanders.senate.gov/wp-content/uploads/medicare-for-all-2019-financing.pdf,https://www.cbo.gov/publication/56811 ; https://www.cms.gov/data-research/statistics-trends-and-reports/national-health-expenditure-data/historical,"CBO Dec 2020 (5 single-payer options, year 2030): federal health subsidies rise from $2,820B (current law) to $4,333B–$5,816B, i.e. +$1,513B to +$2,996B in one year. Total national health spending changes by -$743B, -$650B, -$158B, -$42B, or +$290B depending on design (current law $6,631B). CMS NHE 2024 actual: $5,278.6B total; federal share $1,652.0B.","Federal spending rises by $1.5T–$3.0T a year in every CBO option. The claim is accurate only in the narrower sense that total national health spending changes little, and falls in 4 of 5 options.",Rated misleading
P1-02,D,Sen. Elizabeth Warren (D-MA),2019-11-01,“Not one penny in middle-class tax increases.” (Medicare for All financing plan),https://web.archive.org/web/20191201223948/https://elizabethwarren.com/plans/paying-for-m4a,https://www.cbo.gov/publication/57021 ; https://www.cbo.gov/publication/56811,"No CBO or JCT score of the Warren financing plan exists. CBO's generic analysis (Mar 2021): paying for new spending of 5% of GDP through labor taxes raises average labor tax rates from 17.7% to 23.9%–27.5% by 2030. CBO does not assess Warren's specific mix of an employer contribution, wealth tax and enforcement revenue.",No official scoring either confirms or refutes it.,Unsupported
P1-03,D,"H.R. 40 sponsors (Reps. Conyers, then Jackson Lee; S. 40 Booker) / California proposals",1989–2026,Reparations proposals: official cost record (no single campaign dollar promise rated),https://www.congress.gov/bill/117th-congress/house-bill/40,https://www.cbo.gov/publication/57224 ; https://oag.ca.gov/ab3121/report ; https://leginfo.legislature.ca.gov/faces/billStatusClient.xhtml?bill_id=202520260SB518,"CBO (May 17, 2021): H.R. 40 would cost $20 million over 2021–2026, for the study commission only. No federal agency has scored reparation payments themselves. The California Task Force final report (2023), ch. 17, gives economists' harm estimates, e.g. ~$228B (housing discrimination, 2020 dollars) and ~$70.66B per year (labor-market losses, 2019). These are loss estimates, not a budget score. California: SB 518 (2025, Ch. 586) created a Bureau for Descendants of American Slavery, subject to future appropriation. AB 7, AB 57, AB 62 and AB 742 (2025) were vetoed. SB 1403 and SB 1331 (2024) died. No state cash-payment program has been enacted.","The only official federal cost figure is $20M, and it covers the commission, not payments. Any national dollar figure for payments has no CBO or JCT estimate behind it.",Record summary (Unsupported for any national payment price tag)
P1-04,D,President Joe Biden,"2020–2024 (repeated), e.g. 2023-02-07 State of the Union","“No one earning less than $400,000 a year will pay an additional penny in federal taxes.” (pledge, repeated in several forms)",https://bidenwhitehouse.archives.gov/briefing-room/speeches-remarks/2023/02/07/remarks-of-president-joe-biden-state-of-the-union-address-as-prepared-for-delivery/,https://www.jct.gov/publications/2022/jcx-18-22/ ; https://waysandmeans.house.gov/wp-content/uploads/2022/08/D-16-22.pdf (JCT #D-16-22) ; https://www.govinfo.gov/content/pkg/PLAW-117publ169/html/PLAW-117publ169.htm,"The statute (P.L. 117-169) raised no individual income-tax rate. JCT #D-16-22 (Aug 10, 2022, Senate-passed IRA, selected provisions, mainly the 15% corporate minimum tax and the buyback excise) allocates part of those taxes to households. For CY2023 it estimates +$10.6B total for income categories under $200K (e.g., $50–75K +$1,222M; $100–200K +$6,833M) and +$8.7B for $200–500K. The table EXCLUDES the ACA subsidy extension and some credits that lower taxes for many of the same households.","True for statutory rates. The official scorekeeper's distribution tables show some new corporate and excise tax borne indirectly by households under $400K, and they omit the offsetting credits.",Rated misleading
P1-05,D,President Joe Biden,2022-08-16,“we're going to cut the deficit—I point out—by another $300 billion with the Inflation Reduction Act over the next decade.”,https://www.govinfo.gov/content/pkg/DCPD-202200712/pdf/DCPD-202200712.pdf,https://www.cbo.gov/publication/58455 (PDF: https://www.cbo.gov/system/files/2022-09/PL117-169_9-7-22.pdf),"CBO cost estimate of the enacted law (Sep 7, 2022): deficit -$58.1B over 2022–2031, plus a non-scorable -$180.4B from IRS enforcement revenue, for about -$238.5B combined. The ~$300B figure matched the earlier Senate-bill framing (CBO Aug 3, 2022: -$90B before IRS revenue; revised down $11B on Aug 5).","Right direction (CBO shows deficit reduction), but the $300B figure is about $61B above CBO's estimate for the law as signed.",Rated misleading
P1-06,D,Biden administration / bill title,2022-08,Inflation Reduction Act would reduce inflation (bill title; administration messaging),https://www.congress.gov/bill/117th-congress/house-bill/5376,https://www.cbo.gov/publication/58357,"CBO letter (Aug 4, 2022): effect on inflation in calendar 2022 'negligible'; in 2023, between -0.1 and +0.1 percentage point.",The official analysis found essentially no measurable inflation effect in the near term.,Rated misleading
P1-07,D,"Joe Biden (2020 campaign), then President",2020 campaign; plan announced 2022-08-24,"Cancel a minimum of $10,000 of federal student debt per borrower (2022 plan: up to $10,000; up to $20,000 for Pell recipients)",https://bidenwhitehouse.archives.gov/briefing-room/statements-releases/2022/08/24/fact-sheet-president-biden-announces-student-loan-relief-for-borrowers-who-need-it-most/,"https://www.supremecourt.gov/opinions/22pdf/22-506_nmcp.pdf (Biden v. Nebraska, 600 U.S. 477, June 30, 2023) ; https://www.ed.gov/about/news/press-release/biden-harris-administration-announces-final-student-loan-forgiveness-and-borrower-assistance-actions (Jan 16, 2025)","The Supreme Court (6–3) held the HEROES Act did not authorize the plan, so $0 was cancelled under it. Separately, ED reports $188.8B approved for about 5.3M borrowers through existing programs (PSLF, IDR, borrower defense, disability) across 33 actions (Jan 16, 2025).",The across-the-board cancellation did not happen; the Supreme Court struck it down. Targeted relief of $188.8B for 5.3M borrowers did happen under other authorities.,Proven false (promise not delivered as stated; blocked by Court)
P1-08,D,President Barack Obama,2009-06-15 (AMA speech; repeated),"“If you like your health care plan, you'll be able to keep your health care plan, period.”",https://obamawhitehouse.archives.gov/the-press-office/remarks-president-annual-conference-american-medical-association,https://www.govinfo.gov/content/pkg/FR-2010-06-17/pdf/2010-14488.pdf (75 FR 34538) ; https://www.cms.gov/cciio/resources/letters/downloads/commissioner-letter-11-14-2013.pdf,"The administration's own interim final rule (June 17, 2010) estimated that 39% (low), 51% (mid) and 69% (high) of all employer plans would lose grandfathered status by end of 2013. For individual-market policies it estimated 40%–67% per year. The CMS letter of Nov 14, 2013 acknowledged that issuers were cancelling policies and created a transitional policy.","The government's own records projected, and then acknowledged, that many people could not keep their plans.",Proven false
P1-09,R,Donald Trump (2016 campaign),2016 (campaign memo; repeated at rallies),“Compelling Mexico to Pay for the Wall” (campaign position paper); “Mexico will pay for the wall”,https://web.archive.org/web/20160602081431/https://www.donaldjtrump.com/positions/pay-for-the-wall,https://www.govinfo.gov/content/pkg/PLAW-115publ141/html/PLAW-115publ141.htm (§230) ; https://www.govinfo.gov/content/pkg/PLAW-116publ6/html/PLAW-116publ6.htm (§230) ; https://www.govinfo.gov/content/pkg/PLAW-116publ93/html/PLAW-116publ93.htm (§209),"U.S. appropriations for barrier: FY2018 $1,375M (P.L. 115-141 §230, barrier lines of the $1,571M), FY2019 $1,375M (P.L. 116-6 §230), FY2020 $1,375M (P.L. 116-93 §209). All came from U.S. Treasury funds. Additional DoD transfers were also U.S. funds. No appropriations or Treasury receipt record shows any payment from Mexico.",U.S. taxpayers funded the wall. The record shows no payment from Mexico.,Proven false
P1-10,R,Donald Trump (2016 candidate),2016-03-31,Get rid of the $19 trillion national debt “over a period of eight years.”,https://www.washingtonpost.com/news/post-politics/wp/2016/04/02/transcript-donald-trump-interview-with-bob-woodward-and-robert-costa/,https://fiscaldata.treasury.gov/datasets/debt-to-the-penny/,"Treasury Debt to the Penny: $19,947,304,555,212.49 (Jan 20, 2017); $27,752,835,868,445.35 (Jan 19, 2021), up $7.81T in the first term; $36,218,258,403,326.35 (Jan 21, 2025); $40,073,558,531,201.68 (Sep 23, 2026).",The debt rose instead of falling.,Proven false
P1-11,R,President Donald Trump,2025-04-10,“the country is making approximately $2 billion a day. ... And the number is probably 3½ billion dollars a day.” (tariffs; Cabinet meeting),"https://www.presidency.ucsb.edu/documents/remarks-during-cabinet-meeting-and-exchange-with-reporters-2 (White House transcript released Apr 11, 2025)","https://fiscaldata.treasury.gov/datasets/monthly-treasury-statement/ (Table 9, customs duties)","MTS customs duties: April 2025 $15.63B (~$0.52B/day). The highest month on record, Oct 2025, was $31.35B (~$1.01B/day). FY2025 total $194.9B (~$0.53B/day). After the Supreme Court's IEEPA ruling (Feb 20, 2026), net customs receipts were negative in May–Jul 2026 (-$0.04B, -$25.56B, -$8.55B) because of refunds.","No month reached $2B per day, let alone $3.5B.",Proven false
P1-12,R,President Donald Trump,2025-04-10,“I took in hundreds of billions of dollars from China and others—taxes on China—but we took in hundreds of billions of dollars a year from China”,https://www.presidency.ucsb.edu/documents/remarks-during-cabinet-meeting-and-exchange-with-reporters-2,https://fiscaldata.treasury.gov/datasets/monthly-treasury-statement/ (Table 9) ; https://www.ecfr.gov/current/title-19/chapter-I/part-141/subpart-A/section-141.1,"Total customs duties from ALL countries: FY2018 $41.3B, FY2019 $70.8B, FY2020 $68.6B. By regulation (19 CFR 141.1(b)), duties are a debt of the U.S. importer, not of the exporting country.","Yearly duties from every country combined were $41–71B, not hundreds of billions from China. U.S. importers, not China, pay them.",Proven false
P1-13,R,Treasury Dept. (Sec. Steven Mnuchin) / Trump administration,2017-12-11,"Tax plan would generate “$1.8 trillion of additional revenue ... over 10 years”, more than offsetting its ~$1.5T static cost (i.e., pays for itself)",https://home.treasury.gov/news/press-releases/sm0233,https://www.jct.gov/publications/2017/jcx-69-17/ ; https://www.cbo.gov/publication/53651,"JCT macro analysis of the TCJA conference agreement (Dec 22, 2017): conventional cost $1,456B (2018–2027). Growth feedback recovers about $451B, less $66B of added interest, for a net $385B, leaving the net cost at about $1,071B. CBO (Apr 2018, App. B) also projected large deficit increases from the law.","The official scorekeepers found that growth recovers about one-quarter of the cost, not all of it.",Proven false
P1-14,R,President-elect Donald Trump,2017-01-15,“We're going to have insurance for everybody.” (ACA replacement),https://www.washingtonpost.com/politics/trump-vows-insurance-for-everybody-in-obamacare-replacement-plan/2017/01/15/5f2b1e18-db5d-11e6-ad42-f3375f271c9c_story.html,https://www.cbo.gov/publication/52752 ; https://www.cbo.gov/publication/52849,"CBO/JCT on the House-passed AHCA he backed (May 24, 2017): 23M more uninsured in 2026, deficit -$119B. Senate BCRA (June 2017): 22M more uninsured, deficit -$321B. Neither was enacted.","The official score of the replacement he endorsed showed more uninsured, not coverage for everybody.",Proven false (per official score)
P1-15,R,The White House,2025-06,“The One Big Beautiful Bill reduces deficits by over $2 trillion”,https://www.whitehouse.gov/releases/2025/06/myth-vs-fact-the-one-big-beautiful-bill/,https://www.cbo.gov/publication/61570 ; https://www.cbo.gov/publication/61466 ; https://www.cbo.gov/publication/61533,"CBO (P.L. 119-21 as enacted): +$3.4T deficits 2025–2034 (revenues -$4.5T, spending -$1.1T); +$4.1T with interest; +$5.0T if the temporary provisions are made permanent. The White House counts against a 'current policy' baseline that assumes the 2017 cuts were already extended. CBO scored the Senate substitute against that baseline too (pub. 61533), but that does not produce a $2T cut.","Under CBO's official current-law score, the law adds $3.4T.",Proven false (per CBO)
