Case_ID	Group	Date	Who_Altered	Original_Words	Altered_Words	Original_URL	Altered_URL	Correction	Status	Duplicate_Of	Notes
AQ-03	News outlet	2017-12-08	CNN	September 14, 2016	September 4, 2016	https://theintercept.com/2020/09/05/journalisms-new-propaganda-tool-using-confirmed-to-mean-its-opposite/	https://theintercept.com/2020/09/05/journalisms-new-propaganda-tool-using-confirmed-to-mean-its-opposite/	Washington (CNN) Correction: This story has been corrected to say the date of the email was September 14, 2016, not September 4, 2016.	Held	6	Wrong date, not altered quote words.
AQ-04	News outlet	2017-12-08	MSNBC / Ken Dilanian		confirmed	https://theintercept.com/2020/09/05/journalisms-new-propaganda-tool-using-confirmed-to-mean-its-opposite/	https://theintercept.com/2020/09/05/journalisms-new-propaganda-tool-using-confirmed-to-mean-its-opposite/		Held		False confirmation of CNN’s wrong story; not altered quote words.
AQ-05	News outlet	2017-12	Fox News / Sean Hannity			https://www.mediaite.com/media/tv/sean-hannity-ran-deceptively-edited-cnn-clip-during-fake-news-harangue/	https://www.mediaite.com/media/tv/sean-hannity-ran-deceptively-edited-cnn-clip-during-fake-news-harangue/		Blocked		Mediaite bot check blocked verification.
AQ-06	News outlet	2019-10-16	ABC News / pool	it’s not our border	It’s not our problem	https://www.youtube.com/watch?v=zu8bPSCt3M0	https://x.com/ABC/status/1184533062786441219		Blocked	50	X returned 403; YouTube provides the original wording only.
AQ-07	News outlet	2017-08-15	Unidentified clip editor	I’m not talking about the neo-Nazis and the white nationalists, because they should be condemned totally.	You had people that were very fine people, on both sides.	https://www.snopes.com/fact-check/trump-very-fine-people/	https://www.c-span.org/video/?c4679990/user-clip-trump-fine-people-sides		Held	1;23	C-SPAN page has no identified clip editor.
AQ-08	News outlet	2024-10-23	Fox & Friends		There is a way.	https://www.poynter.org/newsletters/2024/60-minutes-fox-friends-edit-clips-kamala-harris-donald-trump/	https://www.poynter.org/newsletters/2024/60-minutes-fox-friends-edit-clips-kamala-harris-donald-trump/		Held		Poynter does not print the complete original answer.
AQ-11	Social media/other	2018-05-29	Jon Favreau			https://www.factcheck.org/2018/06/qa-on-border-detention-of-children/	https://www.politico.com/story/2018/05/29/trump-border-immigrant-children-cages-photo-610039		Blocked	3	Politico unavailable; FactCheck confirms 2014 photos were recirculated as current.
AQ-12	Social media/other	2018-06-11/13	Jose Antonio Vargas / Ron Perlman	I posted it to my personal page — I wasn’t trying to deceive anybody.	This is what happens when a government believes people are illegal. Kids in cages.	https://www.factcheck.org/2018/06/qa-on-border-detention-of-children/	https://www.factcheck.org/2018/06/qa-on-border-detention-of-children/		Held		Page documents captions and actual photo setting, but not an original-versus-altered quote pair.
AQ-13	Social media/other	2020-07	@magacuddy and partisan social accounts	Poor kids are just as bright and just as talented as white kids — wealthy kids, Black kids, Asian kids.	Poor kids are just as bright and talented as white kids	https://www.reuters.com/article/uk-factcheck-biden-videos-idUSKBN2426JT/	https://www.reuters.com/article/uk-factcheck-biden-videos-idUSKBN2426JT/	Biden spokesperson said he misspoke and immediately corrected himself.	Verified		Reuters identifies the source account and prints the full sentence and cropped clip.
AQ-14	Republican	2024-10-25	Trump campaign	estate taxes are gonna have to go up for the richest Americans.	Taxes are gonna have to go up.	https://edition.cnn.com/2024/10/25/politics/fact-check-trump-tv-ads-misleadingly-edited-quotes	https://edition.cnn.com/2024/10/25/politics/fact-check-trump-tv-ads-misleadingly-edited-quotes		Verified		CNN prints both versions.
AQ-15	Republican	2024-10-25	Trump campaign	Harris is seeking to significantly raise taxes on the wealthiest Americans and large corporations.	Harris is seeking to significantly raise taxes.	https://edition.cnn.com/2024/10/25/politics/fact-check-trump-tv-ads-misleadingly-edited-quotes	https://edition.cnn.com/2024/10/25/politics/fact-check-trump-tv-ads-misleadingly-edited-quotes		Verified		CNN says the ad used a misleading snip of the New York Times wording.
AQ-16	Republican	2024-10-25	Trump campaign	The Trump campaign had already pounced on his remarks, saying they were evidence that Biden’s energy stance would kill jobs in states like Pennsylvania.	KAMALA’S SCHEME: ‘KILL JOBS,’	https://edition.cnn.com/2024/10/25/politics/fact-check-trump-tv-ads-misleadingly-edited-quotes	https://edition.cnn.com/2024/10/25/politics/fact-check-trump-tv-ads-misleadingly-edited-quotes		Verified		CNN says the Reuters logo made a Trump campaign claim look like Reuters wording.
AQ-17	Republican	2020-03-07/08	Donald Trump / Dan Scavino / Brad Parscale / Jenna Ellis	Excuse me. We can only re-elect Donald Trump if in fact we get engaged in this circular firing squad here. It’s gotta be a positive campaign.	We can only re-elect Donald Trump	https://amp.cnn.com/cnn/2020/03/08/politics/fact-check-trump-campaign-promote-edited-biden-video	https://amp.cnn.com/cnn/2020/03/08/politics/fact-check-trump-campaign-promote-edited-biden-video		Verified		CNN identifies the people and campaign accounts that shared the edit.
AQ-18	Republican	2020-05-03	Trump campaign			https://www.washingtonpost.com/politics/2020/05/06/trump-campaigns-egregious-editing-cnn-clip/	https://www.washingtonpost.com/politics/2020/05/06/trump-campaigns-egregious-editing-cnn-clip/		Blocked		Washington Post page exposed only headline and intro.
AQ-19	Republican	2020-07-01	Trump campaign			https://www.washingtonpost.com/politics/2020/07/01/trump-campaign-snips-cuts-democrats-remarks-misleading-ad-violence/	https://www.washingtonpost.com/politics/2020/07/01/trump-campaign-snips-cuts-democrats-remarks-misleading-ad-violence/		Blocked		Washington Post page exposed only headline and intro.
AQ-20	Republican	2020-10-26	Francis Brennan / Trump campaign	I think the press is asking legitimate questions.	WATCH: As Biden starts to stumble with a question about court-packing his staff immediately starts escorting the camera out of the event.	https://theintercept.com/2020/10/28/anatomy-lie-trump-campaign-edited-video-biden-create-fake-gaffe/	https://theintercept.com/2020/10/28/anatomy-lie-trump-campaign-edited-video-biden-create-fake-gaffe/		Verified		The page says the 27-second excerpt came from a 24-minute stream; the caption was false.
AQ-01	News outlet	2024-10-06/07	CBS News / 60 Minutes	The work that we do diplomatically with the leadership of Israel is an ongoing pursuit around making clear our principles which include the need for humanitarian aid, the need for this war to end, the need for a deal to be done, which would release the hostages, and, and, and create a ceasefire, and we're not going to stop in terms of putting that pressure on Israel and, and in the region, including Arab leaders.	The work that we do diplomatically with the leadership of Israel is an ongoing pursuit around making clear our principles. We are not gonna stop pursuing what is necessary for the United States to be clear about where we stand on the need for this war to end.	https://www.snopes.com/news/2024/10/11/60-minutes-edited-harris-answer/	https://www.snopes.com/news/2024/10/11/60-minutes-edited-harris-answer/		Held		Two real excerpts from one longer answer; not demonstrably altered words.
AQ-02	News outlet	2016-10-31	CNN	In some places they do that four or five times. We don't do that.		https://www.mediaite.com/online/cnn-screws-up-says-trump-encourages-voters-to-vote-multiple-times-except-he-didnt/	https://www.mediaite.com/online/cnn-screws-up-says-trump-encourages-voters-to-vote-multiple-times-except-he-didnt/		Blocked		Mediaite bot check blocked verification.
AQ-09	News outlet	2020-08-19	NBC News			https://crooksandliars.com/2020/08/fox-news-phony-lie-aoc	https://crooksandliars.com/2020/08/fox-news-phony-lie-aoc		Held		Opinion source; needs better source.
AQ-10	News outlet	2018-06	TIME			https://www.foxnews.com/entertainment/time-cover-paints-trump-as-immigration-boogeyman-in-striking-contrast-with-obama-coverage	https://www.foxnews.com/entertainment/time-cover-paints-trump-as-immigration-boogeyman-in-striking-contrast-with-obama-coverage		Held	68	Visual framing, not altered words.
