record_date,fiscal_year,debt_outstanding_usd,source
1790-01-01,1790,71060508.50,Treasury Historical Debt Outstanding
1791-01-01,1791,75463476.52,Treasury Historical Debt Outstanding
1792-01-01,1792,77227924.66,Treasury Historical Debt Outstanding
1793-01-01,1793,80358634.04,Treasury Historical Debt Outstanding
1794-01-01,1794,78427404.77,Treasury Historical Debt Outstanding
1795-01-01,1795,80747587.39,Treasury Historical Debt Outstanding
1796-01-01,1796,83762172.07,Treasury Historical Debt Outstanding
1797-01-01,1797,82064479.33,Treasury Historical Debt Outstanding
1798-01-01,1798,79228529.12,Treasury Historical Debt Outstanding
1799-01-01,1799,78408669.77,Treasury Historical Debt Outstanding
1800-01-01,1800,82976294.35,Treasury Historical Debt Outstanding
1801-01-01,1801,83038050.80,Treasury Historical Debt Outstanding
1802-01-01,1802,80712632.25,Treasury Historical Debt Outstanding
1803-01-01,1803,77054686.40,Treasury Historical Debt Outstanding
1804-01-01,1804,86427120.88,Treasury Historical Debt Outstanding
1805-01-01,1805,82312150.50,Treasury Historical Debt Outstanding
1806-01-01,1806,75723270.66,Treasury Historical Debt Outstanding
1807-01-01,1807,69218398.64,Treasury Historical Debt Outstanding
1808-01-01,1808,65196317.97,Treasury Historical Debt Outstanding
1809-01-01,1809,57023192.09,Treasury Historical Debt Outstanding
1810-01-01,1810,53173217.52,Treasury Historical Debt Outstanding
1811-01-01,1811,48005587.76,Treasury Historical Debt Outstanding
1812-01-01,1812,45209737.90,Treasury Historical Debt Outstanding
1813-01-01,1813,55962827.57,Treasury Historical Debt Outstanding
1814-01-01,1814,81487846.24,Treasury Historical Debt Outstanding
1815-01-01,1815,99833660.15,Treasury Historical Debt Outstanding
1816-01-01,1816,127334933.74,Treasury Historical Debt Outstanding
1817-01-01,1817,123491965.16,Treasury Historical Debt Outstanding
1818-01-01,1818,103466633.83,Treasury Historical Debt Outstanding
1819-01-01,1819,95529648.28,Treasury Historical Debt Outstanding
1820-01-01,1820,91015566.15,Treasury Historical Debt Outstanding
1821-01-01,1821,89987427.66,Treasury Historical Debt Outstanding
1822-01-01,1822,93546676.98,Treasury Historical Debt Outstanding
1823-01-01,1823,90875877.28,Treasury Historical Debt Outstanding
1824-01-01,1824,90269777.77,Treasury Historical Debt Outstanding
1825-01-01,1825,83788432.71,Treasury Historical Debt Outstanding
1826-01-01,1826,81054059.99,Treasury Historical Debt Outstanding
1827-01-01,1827,73987357.20,Treasury Historical Debt Outstanding
1828-01-01,1828,67475043.87,Treasury Historical Debt Outstanding
1829-01-01,1829,58421413.67,Treasury Historical Debt Outstanding
1830-01-01,1830,48565406.50,Treasury Historical Debt Outstanding
1831-01-01,1831,39123191.68,Treasury Historical Debt Outstanding
1832-01-01,1832,24322235.18,Treasury Historical Debt Outstanding
1833-01-01,1833,7001698.83,Treasury Historical Debt Outstanding
1834-01-01,1834,4760082.08,Treasury Historical Debt Outstanding
1835-01-01,1835,33733.05,Treasury Historical Debt Outstanding
1836-01-01,1836,37513.05,Treasury Historical Debt Outstanding
1837-01-01,1837,336957.83,Treasury Historical Debt Outstanding
1838-01-01,1838,3308124.07,Treasury Historical Debt Outstanding
1839-01-01,1839,10434221.14,Treasury Historical Debt Outstanding
1840-01-01,1840,3573343.82,Treasury Historical Debt Outstanding
1841-01-01,1841,5250875.54,Treasury Historical Debt Outstanding
1842-01-01,1842,13594480.73,Treasury Historical Debt Outstanding
1843-01-01,1843,20201226.27,Treasury Historical Debt Outstanding
1843-07-01,1843,32742922.00,Treasury Historical Debt Outstanding
1844-07-01,1844,23461652.50,Treasury Historical Debt Outstanding
1845-07-01,1845,15925303.01,Treasury Historical Debt Outstanding
1846-07-01,1846,15550202.97,Treasury Historical Debt Outstanding
1847-07-01,1847,38826534.77,Treasury Historical Debt Outstanding
1848-07-01,1848,47044862.23,Treasury Historical Debt Outstanding
1849-07-01,1849,63061858.69,Treasury Historical Debt Outstanding
1850-07-01,1850,63452773.55,Treasury Historical Debt Outstanding
1851-07-01,1851,68304796.02,Treasury Historical Debt Outstanding
1852-07-01,1852,66199341.71,Treasury Historical Debt Outstanding
1853-07-01,1853,59803117.70,Treasury Historical Debt Outstanding
1854-07-01,1854,42242222.42,Treasury Historical Debt Outstanding
1855-07-01,1855,35586956.56,Treasury Historical Debt Outstanding
1856-07-01,1856,31972537.90,Treasury Historical Debt Outstanding
1857-07-01,1857,28699831.85,Treasury Historical Debt Outstanding
1858-07-01,1858,44911881.03,Treasury Historical Debt Outstanding
1859-07-01,1859,58496837.88,Treasury Historical Debt Outstanding
1860-07-01,1860,64842287.88,Treasury Historical Debt Outstanding
1861-07-01,1861,90580873.72,Treasury Historical Debt Outstanding
1862-07-01,1862,524176412.13,Treasury Historical Debt Outstanding
1863-07-01,1863,1119772138.63,Treasury Historical Debt Outstanding
1864-07-01,1864,1815784370.57,Treasury Historical Debt Outstanding
1865-07-01,1865,2680647869.74,Treasury Historical Debt Outstanding
1866-07-01,1866,2773236173.69,Treasury Historical Debt Outstanding
1867-07-01,1867,2678126103.87,Treasury Historical Debt Outstanding
1868-07-01,1868,2611687851.19,Treasury Historical Debt Outstanding
1869-07-01,1869,2588452213.94,Treasury Historical Debt Outstanding
1870-07-01,1870,2480672427.81,Treasury Historical Debt Outstanding
1871-07-01,1871,2353211332.32,Treasury Historical Debt Outstanding
1872-07-01,1872,2253251328.78,Treasury Historical Debt Outstanding
1873-07-01,1873,2234482993.20,Treasury Historical Debt Outstanding
1874-07-01,1874,2251690468.43,Treasury Historical Debt Outstanding
1875-07-01,1875,2232284531.95,Treasury Historical Debt Outstanding
1876-07-01,1876,2180395067.15,Treasury Historical Debt Outstanding
1877-07-01,1877,2205301392.10,Treasury Historical Debt Outstanding
1878-07-01,1878,2256205892.53,Treasury Historical Debt Outstanding
1879-07-01,1879,2349567482.04,Treasury Historical Debt Outstanding
1880-07-01,1880,2120415370.63,Treasury Historical Debt Outstanding
1881-07-01,1881,2069013569.58,Treasury Historical Debt Outstanding
1882-07-01,1882,1918312994.03,Treasury Historical Debt Outstanding
1883-07-01,1883,1884171728.07,Treasury Historical Debt Outstanding
1884-07-01,1884,1830528923.57,Treasury Historical Debt Outstanding
1885-07-01,1885,1863964873.14,Treasury Historical Debt Outstanding
1886-07-01,1886,1775063013.78,Treasury Historical Debt Outstanding
1887-07-01,1887,1657602592.63,Treasury Historical Debt Outstanding
1888-07-01,1888,1692858984.58,Treasury Historical Debt Outstanding
1889-07-01,1889,1619052922.23,Treasury Historical Debt Outstanding
1890-07-01,1890,1552140204.73,Treasury Historical Debt Outstanding
1891-07-01,1891,1545996591.61,Treasury Historical Debt Outstanding
1892-07-01,1892,1588464144.63,Treasury Historical Debt Outstanding
1893-07-01,1893,1545985686.13,Treasury Historical Debt Outstanding
1894-07-01,1894,1632253636.68,Treasury Historical Debt Outstanding
1895-07-01,1895,1676120983.25,Treasury Historical Debt Outstanding
1896-07-01,1896,1769840323.40,Treasury Historical Debt Outstanding
1897-07-01,1897,1817672665.90,Treasury Historical Debt Outstanding
1898-07-01,1898,1796531995.90,Treasury Historical Debt Outstanding
1899-07-01,1899,1991927306.92,Treasury Historical Debt Outstanding
1900-07-01,1900,2136961091.67,Treasury Historical Debt Outstanding
1901-07-01,1901,2143326933.89,Treasury Historical Debt Outstanding
1902-07-01,1902,2158610445.89,Treasury Historical Debt Outstanding
1903-07-01,1903,2202464781.89,Treasury Historical Debt Outstanding
1904-07-01,1904,2264003585.14,Treasury Historical Debt Outstanding
1905-07-01,1905,2274615063.84,Treasury Historical Debt Outstanding
1906-07-01,1906,2337161839.04,Treasury Historical Debt Outstanding
1907-07-01,1907,2457188061.54,Treasury Historical Debt Outstanding
1908-07-01,1908,2626806271.54,Treasury Historical Debt Outstanding
1909-07-01,1909,2639546241.04,Treasury Historical Debt Outstanding
1910-07-01,1910,2652665838.04,Treasury Historical Debt Outstanding
1911-07-01,1911,2765600606.69,Treasury Historical Debt Outstanding
1912-07-01,1912,2868373874.16,Treasury Historical Debt Outstanding
1913-07-01,1913,2916204913.66,Treasury Historical Debt Outstanding
1914-07-01,1914,2912499269.16,Treasury Historical Debt Outstanding
1915-07-01,1915,3058136873.16,Treasury Historical Debt Outstanding
1916-07-01,1916,3609244262.16,Treasury Historical Debt Outstanding
1917-07-01,1917,5717770279.52,Treasury Historical Debt Outstanding
1918-07-01,1918,14592161414.00,Treasury Historical Debt Outstanding
1919-07-01,1919,27390970113.12,Treasury Historical Debt Outstanding
1920-07-01,1920,25952456406.16,Treasury Historical Debt Outstanding
1921-06-30,1921,23977450552.54,Treasury Historical Debt Outstanding
1922-06-30,1922,22963381708.31,Treasury Historical Debt Outstanding
1923-06-30,1923,22349707365.36,Treasury Historical Debt Outstanding
1924-06-30,1924,21250812989.49,Treasury Historical Debt Outstanding
1925-06-30,1925,20516193887.90,Treasury Historical Debt Outstanding
1926-06-30,1926,19643216315.19,Treasury Historical Debt Outstanding
1927-06-30,1927,18511906931.85,Treasury Historical Debt Outstanding
1928-06-30,1928,17604293201.43,Treasury Historical Debt Outstanding
1929-06-29,1929,16931088484.10,Treasury Historical Debt Outstanding
1930-06-30,1930,16185309831.43,Treasury Historical Debt Outstanding
1931-06-30,1931,16801281491.71,Treasury Historical Debt Outstanding
1932-06-30,1932,19487002444.13,Treasury Historical Debt Outstanding
1933-06-30,1933,22538672560.15,Treasury Historical Debt Outstanding
1934-06-30,1934,27053141414.48,Treasury Historical Debt Outstanding
1935-06-29,1935,28700892624.53,Treasury Historical Debt Outstanding
1936-06-30,1936,33778543493.73,Treasury Historical Debt Outstanding
1937-06-30,1937,36424613732.29,Treasury Historical Debt Outstanding
1938-06-30,1938,37164740315.45,Treasury Historical Debt Outstanding
1939-06-30,1939,40439532411.11,Treasury Historical Debt Outstanding
1940-06-29,1940,42967531037.68,Treasury Historical Debt Outstanding
1941-06-30,1941,48961443535.71,Treasury Historical Debt Outstanding
1942-06-30,1942,72422445116.22,Treasury Historical Debt Outstanding
1943-06-30,1943,136696090329.90,Treasury Historical Debt Outstanding
1944-06-30,1944,201003387221.13,Treasury Historical Debt Outstanding
1945-06-30,1945,258682187409.93,Treasury Historical Debt Outstanding
1946-06-28,1946,269422099173.26,Treasury Historical Debt Outstanding
1947-06-30,1947,258286383108.67,Treasury Historical Debt Outstanding
1948-06-30,1948,252292246512.99,Treasury Historical Debt Outstanding
1949-06-30,1949,252770359860.33,Treasury Historical Debt Outstanding
1950-06-30,1950,257357352351.04,Treasury Historical Debt Outstanding
1951-06-29,1951,255221976814.93,Treasury Historical Debt Outstanding
1952-06-30,1952,259105178785.43,Treasury Historical Debt Outstanding
1953-06-30,1953,266071061638.57,Treasury Historical Debt Outstanding
1954-06-30,1954,271259599108.46,Treasury Historical Debt Outstanding
1955-06-30,1955,274374222802.62,Treasury Historical Debt Outstanding
1956-06-30,1956,272750813649.32,Treasury Historical Debt Outstanding
1957-06-30,1957,270527171896.43,Treasury Historical Debt Outstanding
1958-06-30,1958,276343217745.81,Treasury Historical Debt Outstanding
1959-06-30,1959,284705907078.22,Treasury Historical Debt Outstanding
1960-06-30,1960,286330760848.37,Treasury Historical Debt Outstanding
1961-06-30,1961,288970938610.05,Treasury Historical Debt Outstanding
1962-06-30,1962,298200822720.87,Treasury Historical Debt Outstanding
1963-06-30,1963,305859632996.41,Treasury Historical Debt Outstanding
1964-06-30,1964,311712899257.30,Treasury Historical Debt Outstanding
1965-06-30,1965,317273898983.64,Treasury Historical Debt Outstanding
1966-06-30,1966,319907087795.48,Treasury Historical Debt Outstanding
1967-06-30,1967,326220937794.54,Treasury Historical Debt Outstanding
1968-06-30,1968,347578406425.88,Treasury Historical Debt Outstanding
1969-06-30,1969,353720253841.41,Treasury Historical Debt Outstanding
1970-06-30,1970,370918706949.93,Treasury Historical Debt Outstanding
1971-06-30,1971,398129744455.54,Treasury Historical Debt Outstanding
1972-06-30,1972,427260460940.50,Treasury Historical Debt Outstanding
1973-06-30,1973,458141605312.09,Treasury Historical Debt Outstanding
1974-06-30,1974,475059815731.55,Treasury Historical Debt Outstanding
1975-06-30,1975,533189000000.00,Treasury Historical Debt Outstanding
1976-06-30,1976,620433000000.00,Treasury Historical Debt Outstanding
1977-09-30,1977,698840000000.00,Treasury Historical Debt Outstanding
1978-09-30,1978,771544000000.00,Treasury Historical Debt Outstanding
1979-09-30,1979,826519000000.00,Treasury Historical Debt Outstanding
1980-09-30,1980,907701000000.00,Treasury Historical Debt Outstanding
1981-09-30,1981,997855000000.00,Treasury Historical Debt Outstanding
1982-09-30,1982,1142034000000.00,Treasury Historical Debt Outstanding
1983-09-30,1983,1377210000000.00,Treasury Historical Debt Outstanding
1984-09-30,1984,1572266000000.00,Treasury Historical Debt Outstanding
1985-09-30,1985,1823103000000.00,Treasury Historical Debt Outstanding
1986-09-30,1986,2125302616658.42,Treasury Historical Debt Outstanding
1987-09-30,1987,2350276890953.00,Treasury Historical Debt Outstanding
1988-09-30,1988,2602337712041.16,Treasury Historical Debt Outstanding
1989-09-29,1989,2857430960187.32,Treasury Historical Debt Outstanding
1990-09-28,1990,3233313451777.25,Treasury Historical Debt Outstanding
1991-09-30,1991,3665303351697.03,Treasury Historical Debt Outstanding
1992-09-30,1992,4064620655521.66,Treasury Historical Debt Outstanding
1993-09-30,1993,4411488883139.38,Treasury Historical Debt Outstanding
1994-09-30,1994,4692749910013.32,Treasury Historical Debt Outstanding
1995-09-29,1995,4973982900709.39,Treasury Historical Debt Outstanding
1996-09-30,1996,5224810939135.73,Treasury Historical Debt Outstanding
1997-09-30,1997,5413146011397.34,Treasury Historical Debt Outstanding
1998-09-30,1998,5526193008897.62,Treasury Historical Debt Outstanding
1999-09-30,1999,5656270901615.43,Treasury Historical Debt Outstanding
2000-09-30,2000,5674178209886.86,Treasury Historical Debt Outstanding
2001-09-30,2001,5807463412200.06,Treasury Historical Debt Outstanding
2002-09-30,2002,6228235965597.16,Treasury Historical Debt Outstanding
2003-09-30,2003,6783231062743.62,Treasury Historical Debt Outstanding
2004-09-30,2004,7379052696330.32,Treasury Historical Debt Outstanding
2005-09-30,2005,7932709661723.50,Treasury Historical Debt Outstanding
2006-09-30,2006,8506973899215.23,Treasury Historical Debt Outstanding
2007-09-30,2007,9007653372262.48,Treasury Historical Debt Outstanding
2008-09-30,2008,10024724896912.49,Treasury Historical Debt Outstanding
2009-09-30,2009,11909829003511.75,Treasury Historical Debt Outstanding
2010-09-30,2010,13561623030891.79,Treasury Historical Debt Outstanding
2011-09-30,2011,14790340328557.15,Treasury Historical Debt Outstanding
2012-09-30,2012,16066241407385.89,Treasury Historical Debt Outstanding
2013-09-30,2013,16738183526697.32,Treasury Historical Debt Outstanding
2014-09-30,2014,17824071380733.82,Treasury Historical Debt Outstanding
2015-09-30,2015,18150617666484.33,Treasury Historical Debt Outstanding
2016-09-30,2016,19573444713936.79,Treasury Historical Debt Outstanding
2017-09-30,2017,20244900016053.51,Treasury Historical Debt Outstanding
2018-09-30,2018,21516058183180.23,Treasury Historical Debt Outstanding
2019-09-30,2019,22719401753433.78,Treasury Historical Debt Outstanding
2020-09-30,2020,26945391194615.15,Treasury Historical Debt Outstanding
2021-09-30,2021,28428918570048.68,Treasury Historical Debt Outstanding
2022-09-30,2022,30928911613306.73,Treasury Historical Debt Outstanding
2023-09-30,2023,33167334044723.16,Treasury Historical Debt Outstanding
2024-09-30,2024,35464673929171.69,Treasury Historical Debt Outstanding
2025-09-30,2025,37637553494935.61,Treasury Historical Debt Outstanding
2026-09-24,2026,40068807991924.84,Treasury Debt to the Penny (latest)
