state,group_date,record_label,record_url,note
Georgia,"Mar 6, 2014",U.S. House Clerk memorial (2014),https://clerk.house.gov/legislative/memorial-pdfs/2014/Memorial-201401-GA-A.pdf,
Alaska,"Apr 19, 2014",U.S. House Clerk memorial (2014),https://clerk.house.gov/legislative/memorial-pdfs/2014/Memorial-201401-AK-A.pdf,
Florida,"Apr 21, 2014",U.S. House Clerk memorial (2014),https://clerk.house.gov/legislative/memorial-pdfs/2014/Memorial-201402-FL-A.pdf,
Alabama,"May 22, 2015",U.S. House Clerk memorial (2015),https://clerk.house.gov/legislative/memorial-pdfs/2015/Memorial-201501-AL-A.pdf,
Tennessee,"Feb 4, 2016",U.S. House Clerk memorial (2017),https://clerk.house.gov/legislative/memorial-pdfs/2017/Memorial-201701-TN-A.pdf,Received by the House in 2017
Indiana,"Feb 29, 2016",U.S. House Clerk memorial (2016),https://clerk.house.gov/legislative/memorial-pdfs/2016/Memorial-201601-IN-A.pdf,
Oklahoma,"Apr 26, 2016",U.S. House Clerk memorial (2016),https://clerk.house.gov/legislative/memorial-pdfs/2016/Memorial-201601-OK-A.pdf,
Louisiana,"May 25, 2016",U.S. House Clerk memorial (2019),https://clerk.house.gov/legislative/memorial-pdfs/2019/Memorial-201901-LA-A.pdf,Copy received by the House in 2019
Arizona,"Mar 13, 2017",U.S. House Clerk memorial (2017),https://clerk.house.gov/legislative/memorial-pdfs/2017/Memorial-201702-AZ-A.pdf,
North Dakota,"Mar 24, 2017",U.S. House Clerk memorial (2017),https://clerk.house.gov/legislative/memorial-pdfs/2017/Memorial-201701-ND-A.pdf,
Texas,"May 4, 2017",U.S. House Clerk memorial (2017),https://clerk.house.gov/legislative/memorial-pdfs/2017/Memorial-201701-TX-A.pdf,
Missouri,"May 12, 2017",U.S. House Clerk memorial (2017),https://clerk.house.gov/legislative/memorial-pdfs/2017/Memorial-201701-MO-A.pdf,
Arkansas,"Feb 14, 2019","Arkansas Legislature, SJR 3 (2019), engrossed text",https://www.arkleg.state.ar.us/Home/FTPDocument?path=%2FBills%2F2019R%2FPublic%2FSJR3.pdf,
Utah,"Mar 5, 2019",U.S. House Clerk memorial (2019),https://clerk.house.gov/legislative/memorial-pdfs/2019/Memorial-201901-UT-A.pdf,
Mississippi,"Mar 27, 2019","Mississippi Legislature, SCR 596 (2019), as adopted",https://billstatus.ls.state.ms.us/documents/2019/html/SC/SC0596SG.htm,Limited: its delegates are told not to support congressional term limits
Wisconsin,"Jan 25, 2022",U.S. House Clerk memorial (2022),https://clerk.house.gov/legislative/memorial-pdfs/2022/Memorial-202201-WI-A.pdf,
Nebraska,"Jan 28, 2022",U.S. House Clerk memorial (2022),https://clerk.house.gov/legislative/memorial-pdfs/2022/Memorial-202201-NE-A.pdf,
West Virginia,"Mar 4, 2022",U.S. House Clerk memorial (2022),https://clerk.house.gov/legislative/memorial-pdfs/2022/Memorial-202201-WV-A.pdf,
South Carolina,"Mar 29, 2022",U.S. House Clerk memorial (2022),https://clerk.house.gov/legislative/memorial-pdfs/2022/Memorial-202201-SC-A.pdf,
Kansas,"Jan 22, 2026","Kansas SCR 1604, 2026 Session Laws ch. 160",https://www.sos.ks.gov/publications/sessionlaws/2026/Chapter-160-SCR-1604.html,"Official record: House Jan 22, Senate Feb 27, 2026"
