government_action,action_date,action_primary_url,trump_family_financial_interest,interest_primary_url,official_finding,confirmation_status,notes
GENIUS Act stablecoin law signed,2025-07-18,https://www.congress.gov/119/plaws/publ27/PLAW-119publ27.pdf,"DT Marks SC LLC holds 38.25% of Stablecoin Holdco LLC (issuer side of WLF's USD1); 278e lists income of $196,875,000",https://extapps2.oge.gov/201/Presiden.nsf/PAS%2BIndex/69AEAA9D7455ACD585258E27002DDEE1/%24FILE/Donald-J-Trump-2026-278ANNUAL.pdf,no official finding,both sides confirmed by primary record,Link between Stablecoin Holdco and USD1 brand per WLF public materials/news; figures as stated on 278e.
Crypto executive orders (digital financial technology; Strategic Bitcoin Reserve),2025-01-23 / 2025-03-06,https://www.whitehouse.gov/presidential-actions/2025/03/establishment-of-the-strategic-bitcoin-reserve-and-united-states-digital-asset-stockpile/,"Trump reports BTC over $50M, ETH and USDC $5M-$25M each; World Liberty Financial token-sale proceeds $236,250,000; WLF Holdco equity-sale proceeds $65,625,000",https://extapps2.oge.gov/201/Presiden.nsf/PAS%2BIndex/69AEAA9D7455ACD585258E27002DDEE1/%24FILE/Donald-J-Trump-2026-278ANNUAL.pdf,no official finding,both sides confirmed by primary record,Jan 23 EO: https://www.whitehouse.gov/presidential-actions/2025/01/strengthening-american-leadership-in-digital-financial-technology/
SEC dismissed Binance/Changpeng Zhao case with prejudice,2025-05-29,https://www.sec.gov/enforcement-litigation/litigation-releases/lr-26316,"Stablecoin Holdco (USD1) interest; MGX's $2B Binance investment (announced Mar 12, 2025) reportedly settled in USD1",https://extapps2.oge.gov/201/Presiden.nsf/PAS%2BIndex/69AEAA9D7455ACD585258E27002DDEE1/%24FILE/Donald-J-Trump-2026-278ANNUAL.pdf,no official finding,"action and Trump interest confirmed; USD1 use in MGX deal reported, not confirmed by primary record",MGX release: https://www.prnewswire.com/news-releases/mgx-backs-binance-in-landmark-investment-302400050.html (does not name USD1).
Pardon of Changpeng Zhao,2025-10-21,https://www.justice.gov/pardon/clemency-grants-president-donald-j-trump-2025-present,Same Binance/USD1 connection as above,https://extapps2.oge.gov/201/Presiden.nsf/PAS%2BIndex/69AEAA9D7455ACD585258E27002DDEE1/%24FILE/Donald-J-Trump-2026-278ANNUAL.pdf,no official finding,"pardon confirmed; USD1 connection reported, not confirmed by primary record",
EO 14353 security guarantee for Qatar,2025-09-29,https://www.whitehouse.gov/presidential-actions/2025/09/assuring-the-security-of-the-state-of-qatar/,"DT Marks Doha license fee $5,250,000 (licensee Dar Global Holdings for Real Estate)",https://extapps2.oge.gov/201/Presiden.nsf/PAS%2BIndex/69AEAA9D7455ACD585258E27002DDEE1/%24FILE/Donald-J-Trump-2026-278ANNUAL.pdf,no official finding,both sides confirmed by primary record,Dar Global is a Saudi-linked developer; the Doha project connection to Qatari government is reported.
DoD acceptance of Qatari 747-8i as Air Force One (VC-25B bridge),"2025-05-21 (accepted, date reported); 2026-06 (delivered)",https://www.af.mil/News/Article-Display/Article/4474728/vc-25b-bridge-program-completes-flight-testing-prepares-for-summer-rollout/,Aircraft is a gift to the US government; reported plan to transfer it to the Trump presidential library after his term,,no official finding,"reported, not confirmed by primary record (personal-benefit side)",Emoluments: no court ruling. American Oversight FOIA suit for the DoD legal memo reported pending. H.R. 10360 (Sep 2026) would bar transfer.
US-Vietnam reciprocal trade framework,2025-10-26,https://www.whitehouse.gov/briefings-statements/2025/10/joint-statement-on-united-states-vietnam-framework-for-an-agreement-on-reciprocal-fair-and-balanced-trade/,"DT Marks Vietnam license fee $5,000,000 (Hung Yen Hospitality Services JSC)",https://extapps2.oge.gov/201/Presiden.nsf/PAS%2BIndex/69AEAA9D7455ACD585258E27002DDEE1/%24FILE/Donald-J-Trump-2026-278ANNUAL.pdf,no official finding,both sides confirmed by primary record,Temporal overlap only; no record connects the two.
FCC approval of Skydance-Paramount merger (FCC 25-43),2025-07-24,https://www.fcc.gov/document/fcc-approves-skydance-paramount-cbs-transaction,Paramount $16M settlement of Trump's personal lawsuit against CBS (reportedly directed to future library),,no official finding,"reported, not confirmed by primary record (settlement side)",
DOJ settlement of Trump v. IRS creating $1.776B Anti-Weaponization Fund,2026-05-18,https://www.justice.gov/opa/pr/justice-department-announces-anti-weaponization-fund,"President, sons and Trump Organization were plaintiffs; no money paid to them; $230M administrative claims withdrawn; President can remove fund members",https://www.justice.gov/opa/media/1441201/dl?inline=,no official finding,both sides confirmed by primary record,Government resolving a suit brought by the sitting President in his personal capacity.
Pardon of Trevor Milton,2025-03-27,https://www.justice.gov/pardon/clemency-grants-president-donald-j-trump-2025-present,"Donor tie (not a family financial interest): $920,000 to Trump 47 Committee (C00867937) on Oct 10, 2024",https://www.fec.gov/data/receipts/?committee_id=C00867937&contributor_name=milton,no official finding,"pardon confirmed; donation reported, not confirmed by primary record here",FEC Schedule A item not retrieved (API rate-limited); verify on FEC.
Pardon of Paul Walczak,2025-04-23,https://www.justice.gov/pardon/clemency-grants-president-donald-j-trump-2025-present,Donor tie: mother reportedly hosted high-dollar Trump fundraising,,no official finding,"reported, not confirmed by primary record",
SEC paused civil case against Justin Sun (TRON),2025-02 (reported),,Sun reportedly bought at least $30M of WLF tokens (WLF token sales show on 278e),https://extapps2.oge.gov/201/Presiden.nsf/PAS%2BIndex/69AEAA9D7455ACD585258E27002DDEE1/%24FILE/Donald-J-Trump-2026-278ANNUAL.pdf,no official finding,"reported, not confirmed by primary record (SEC stay filing not retrieved)",
