date,subject,event_type,summary,primary_source_url,source_type,secondary_lead_url,confirmed_by_primary,notes
2017-04-14,Trump (1st term),visitor logs,"White House announced it would stop voluntary release of visitor logs, citing ""grave national security risks and privacy concerns.""",,news report,,no,"reported, not confirmed by primary record (no archived official statement located)."
2020-05-18,Trump (1st term),court ruling,"Doyle v. DHS (2d Cir. No. 18-2814): WH and Mar-a-Lago visitor logs held by the Secret Service ""are not agency records subject to FOIA.""",https://law.justia.com/cases/federal/appellate-courts/ca2/18-2814/18-2814-2020-05-18.html,court ruling,https://www.justice.gov/oip/doyle-v-dhs-no-18-2814-2020-wl-2516644-2d-cir-may-18-2020-lohier-j,yes,Explains why FOIA cannot compel release.
2026-09-24 (checked),Trump administration,visitor logs,"whitehouse.gov/disclosures lists ethics waivers, financial disclosures and PTRs but no visitor logs; /disclosures/visitor-logs/ returns 404. Biden and Obama White Houses published logs.",https://www.whitehouse.gov/disclosures/,official website (absence),https://bidenwhitehouse.archives.gov/disclosures/visitor-logs/,yes,No 2025-26 official statement or new FOIA suit located.
2025-01-23,Trump,executive order (crypto),"EO ""Strengthening American Leadership in Digital Financial Technology.""",https://www.whitehouse.gov/presidential-actions/2025/01/strengthening-american-leadership-in-digital-financial-technology/,executive order,,yes,See conflicts.csv.
2025-03-06,Trump,executive order (crypto),EO establishing Strategic Bitcoin Reserve and Digital Asset Stockpile.,https://www.whitehouse.gov/presidential-actions/2025/03/establishment-of-the-strategic-bitcoin-reserve-and-united-states-digital-asset-stockpile/,executive order,,yes,Trump reports BTC holdings over $50M on 2025 278e.
2025-03-12,Trump family business,foreign investment (crypto),Abu Dhabi-backed MGX announced $2B investment in Binance.,https://www.prnewswire.com/news-releases/mgx-backs-binance-in-landmark-investment-302400050.html,company press release,,yes,"That the deal was settled in WLF's USD1 stablecoin is reported, not confirmed by primary record (Reuters, May 2025)."
2025-05-29,SEC,enforcement dismissal,SEC dismissed its civil case against Binance and Changpeng Zhao with prejudice.,https://www.sec.gov/enforcement-litigation/litigation-releases/lr-26316,agency litigation release,,yes,
2025-05-21,DoD / Qatar,foreign gift,"Department of War accepted a head-of-state-configured Boeing 747-8i from Qatar as the VC-25B bridge (Air Force One) aircraft; Air Force article (May 1, 2026) confirms acceptance.",https://www.af.mil/News/Article-Display/Article/4474728/vc-25b-bridge-program-completes-flight-testing-prepares-for-summer-rollout/,agency news (Air Force),,yes,"Acceptance date May 21, 2025 per reported Pentagon statement; the Air Force article confirms acceptance but not the date."
2025-07-18,Trump,law signed (crypto),"GENIUS Act (stablecoins) signed, Public Law 119-27.",https://www.congress.gov/119/plaws/publ27/PLAW-119publ27.pdf,public law,,yes,Trump entity holds 38.25% of Stablecoin Holdco (USD1).
2025-07-24,FCC,merger approval,"FCC approved Skydance-Paramount transaction (FCC 25-43), weeks after Paramount's reported $16M settlement of Trump's personal suit against CBS.",https://www.fcc.gov/document/fcc-approves-skydance-paramount-cbs-transaction,agency order,,yes,"Settlement itself reported, not confirmed by primary record."
2025-09-24,Federal court,ruling (IG firings),"Storch v. Hegseth (D.D.C.): firing of 17 inspectors general ruled unlawful (notice requirement), reinstatement denied.",https://storage.courtlistener.com/recap/gov.uscourts.dcd.277385/gov.uscourts.dcd.277385.54.0_2.pdf,court ruling,,yes,Case later stayed pending Trump v. Slaughter.
2025-09-29,Trump,executive order (Qatar),"EO 14353 ""Assuring the Security of the State of Qatar.""",https://www.whitehouse.gov/presidential-actions/2025/09/assuring-the-security-of-the-state-of-qatar/,executive order,,yes,Trump 278e reports $5.25M license fee from a Doha (Dar Global) project.
2025-10-21,Trump,pardon,Pardon of Changpeng Zhao (Binance founder).,https://www.justice.gov/pardon/clemency-grants-president-donald-j-trump-2025-present,DOJ Pardon Attorney list,,yes,
2025-10-26,Trump,trade action (Vietnam),Joint Statement on US-Vietnam reciprocal trade framework.,https://www.whitehouse.gov/briefings-statements/2025/10/joint-statement-on-united-states-vietnam-framework-for-an-agreement-on-reciprocal-fair-and-balanced-trade/,White House statement,,yes,"Trump 278e reports $5,000,000 license fee from Hung Yen Hospitality Services JSC (Vietnam)."
2025 (various),GAO,official findings,"GAO found Impoundment Control Act violations (Head Start B-337202, NIH B-337203, FEMA B-337204.1/.2, DOE B-337208).",https://www.gao.gov/assets/890/880226.pdf,GAO decision,,yes,"Budget-law findings, not conflict-of-interest findings."
2026-05-18,DOJ,settlement,"DOJ settled Trump v. IRS: apology, no payment to Trump family; $230M administrative claims withdrawn; $1.776B ""Anti-Weaponization Fund"" from the Judgment Fund, with members removable by the President.",https://www.justice.gov/opa/pr/justice-department-announces-anti-weaponization-fund,DOJ press release,https://www.justice.gov/opa/media/1441201/dl?inline=,yes,Government settling the sitting President's personal lawsuit.
2026-06 (delivered),US Air Force,foreign gift in service,L3Harris delivered the modified VC-25B bridge aircraft (former Qatari 747-8i) to the Air Force.,https://www.l3harris.com/newsroom/press-release/2026/06/l3harris-delivers-vc-25b-aircraft-us-air-force,company press release,,yes,"Any future transfer to Trump library: reported, not confirmed by primary record."
2026-06-30,Trump,financial disclosure,OGE released Trump 2025 annual 278e (received 6/29/2026; 45-day extension; filer paid late fees for transactions not reported on 278-Ts).,https://extapps2.oge.gov/201/Presiden.nsf/PAS%2BIndex/69AEAA9D7455ACD585258E27002DDEE1/%24FILE/Donald-J-Trump-2026-278ANNUAL.pdf,OGE Form 278e,https://www.oge.gov/web/oge.nsf/Resources/Now+Available:+The+President%E2%80%99s+and+Vice+President%E2%80%99s+certified+annual+financial+disclosure+reports,yes,Details in baseline.md.
2026-06-30,JD Vance,financial disclosure,OGE released Vance 2025 annual 278e (received 6/29/2026).,https://oge.box.com/shared/static/o3xuu4cumw5a2pi39ij4jauekltvax4u.pdf,OGE Form 278e,,yes,Details in baseline.md.
2026-09-08,Trump,periodic transaction report,Latest PTR (278-T) received by OGE 9/14/2026; PTRs also posted on whitehouse.gov/disclosures.,https://extapps2.oge.gov/201/Presiden.nsf/PAS+Index/E590116FC9631E9885258E7A002DE209/$FILE/Donald-J-Trump-09.8.2026-278T.pdf,OGE Form 278-T,https://www.whitehouse.gov/disclosures/,yes,
2025-03-27,Trump,pardon,Pardon of Trevor Milton (Nikola founder).,https://www.justice.gov/pardon/clemency-grants-president-donald-j-trump-2025-present,DOJ Pardon Attorney list,https://www.fec.gov/data/receipts/?committee_id=C00867937&contributor_name=milton,yes,"Pardon confirmed. $920,000 contribution to Trump 47 Committee (Oct 10, 2024) reported, not confirmed by primary record here (FEC item not retrieved; FEC link given as lead)."
2025-04-23,Trump,pardon,Pardon of Paul Walczak.,https://www.justice.gov/pardon/clemency-grants-president-donald-j-trump-2025-present,DOJ Pardon Attorney list,,yes,"Mother's political fundraising tie reported, not confirmed by primary record."
2026-01-15,Trump,pardon,"Pardons of Wanda Vazquez, Julio Herrera Velutini, Mark Rossini (campaign-finance case involving a foreign national's contribution).",https://www.justice.gov/pardon/clemency-grants-president-donald-j-trump-2025-present,DOJ Pardon Attorney list,,yes,
2026-02-26,OSC,Hatch Act enforcement,OSC highlights recent Hatch Act enforcement (rank-and-file); no public finding against senior Trump officials in 2025-26 located.,https://www.osc.gov/news/2026-02-26/osc-highlights-recent-hatch-act-enforcement-actions-to-protect-integrity-of-federal-workforce,agency news release,,yes,For comparison: 2021 OSC report found 13 first-term officials violated the Hatch Act.
