quarter,recipient,purpose,amount_stated,primary_url,primary_label,source_type,confirmed,reported_amount,reported_url,note
2017 Q1,National Park Service (Interior),Battlefield maintenance; used at Antietam National Battlefield (Newcomer House and rail fencing),78333.32,https://www.nps.gov/aboutus/foia/upload/TrumpDonationRecords.pdf,NPS FOIA records (check),agency record,yes,,,"WH briefing Apr 3, 2017 announced $78,333; NPS records show the check for $78,333.32 dated 03/28/17. Use announced by Interior July 5, 2017."
2017 Q2,Department of Education,STEM camps for students,100000,https://trumpwhitehouse.archives.gov/briefings-statements/press-briefing-press-secretary-sarah-sanders-072617/,WH briefing Jul 26 2017,White House briefing,yes,,,
2017 Q3,Department of Health and Human Services,Opioid awareness campaign,,https://trumpwhitehouse.archives.gov/briefings-statements/press-briefing-press-secretary-sarah-sanders-113017/,WH briefing Nov 30 2017,White House briefing,recipient only,100000,https://www.kvue.com/article/news/verify/donald-trump/did-trump-donate-presidential-salary-what-we-can-verify/536-ec4fc2bd-3aca-40fb-990e-11c1f953c7d0,"Transcript names the recipient but does not state the amount; Reported as $100,000."
2017 Q4,Department of Transportation,INFRA infrastructure grant programs,,https://trumpwhitehouse.archives.gov/briefings-statements/press-briefing-press-secretary-sarah-sanders-secretary-transportation-elaine-chao/,WH briefing Feb 13 2018,White House briefing,recipient only,100000,https://www.kvue.com/article/news/verify/donald-trump/did-trump-donate-presidential-salary-what-we-can-verify/536-ec4fc2bd-3aca-40fb-990e-11c1f953c7d0,Transcript names the recipient but does not state the amount.
2018 Q1,Department of Veterans Affairs,Caregiver programs,,https://trumpwhitehouse.archives.gov/briefings-statements/press-briefing-press-secretary-sarah-sanders-acting-secretary-veterans-affairs-robert-wilkie-05172018/,WH briefing May 17 2018,White House briefing,recipient only,100000,https://www.upi.com/Top_News/US/2018/05/17/Trump-donates-quarterly-salary-to-Veterans-Affairs/4211526598834/,Transcript names the recipient but does not state the amount.
2018 Q2,Small Business Administration,Veteran entrepreneur training program,,https://www.sba.gov/article/2018/oct/04/president-trumps-gift-underscores-his-commitment-strong-growing-economy,SBA statement Oct 4 2018,agency statement,recipient only,100000,https://www.cnbc.com/2018/10/03/trump-donates-second-quarter-salary-to-small-business-administration-white-house-says.html,SBA acknowledges the gift but does not state the amount.
2018 Q3,National Institute on Alcohol Abuse and Alcoholism (NIH),Alcohol research,,,,news,no,100000,https://apnews.com/united-states-government-b9894f556c7f4763a34bcb69b7089f50,AP citing the White House; no primary record located.
2018 Q4,Department of Homeland Security,Not stated,100000,https://www.dhs.gov/publication/donation-dhs-president-trump,DHS published check (dated 03/12/19),agency record,yes,,,"Check memo reads 4TH QUARTER 2018, $100,000.00."
2019 Q1,Department of Agriculture,Outreach programs for farmers,,,,news,no,100000,https://www.agri-pulse.com/articles/12208-trump-to-donate-q1-salary-to-usda,Agri-Pulse citing a White House official; no primary record located.
2019 Q2,Office of the Surgeon General (HHS),Not stated,,,,news,no,100000,https://politifact.com/truth-o-meter/promises/trumpometer/promise/386128/take-no-salary/article/386136/,White House spokesman to reporters; no primary record located.
2019 Q3,Office of the Assistant Secretary for Health (HHS),Opioid response,,,,news,no,100000,https://www.kvue.com/article/news/verify/donald-trump/did-trump-donate-presidential-salary-what-we-can-verify/536-ec4fc2bd-3aca-40fb-990e-11c1f953c7d0,News reports only.
2019 Q4,Department of Health and Human Services,Coronavirus response,,,,news,no,100000,https://www.kvue.com/article/news/verify/donald-trump/did-trump-donate-presidential-salary-what-we-can-verify/536-ec4fc2bd-3aca-40fb-990e-11c1f953c7d0,Reported from a March 2020 post by an administration spokesperson; not located as a primary record.
2020 Q1,Department of Health and Human Services,COVID-19 therapies,100000,https://trumpwhitehouse.archives.gov/briefings-statements/press-briefing-press-secretary-kayleigh-mcenany-052220/,WH briefing May 22 2020,White House briefing,yes,,,"Transcript: ""Here's the check, amounted to $100,000."""
2020 Q2,National Park Service (Interior),Repair and restore national monuments,100000,https://www.presidency.ucsb.edu/documents/tweets-august-14-2020,President's post Aug 14 2020 (archived),President's own statement,yes,,,"Post with check image: ""It is my honor to give $100,000 to @NatlParkService."" NPS use of the funds not found in a primary record."
2020 Q3,Not announced,,,,,none,no,,,No announcement located.
2020 Q4,Not announced,,,,,none,no,,,No announcement located.
2025,White House Historical Association,White House renovations,,,,news,no,,https://www.washingtonexaminer.com/news/white-house/3492611/trump-donates-first-paycheck-second-term-white-house-historical-association/,"Truth Social post Aug 6, 2025 (as reported): ""My first 'Paycheck' went to the White House Historical Association."" Amount not stated; no WHHA acknowledgment located."
