category,period,agency_or_program,amount_usd_billions,measure_type,count_or_scope,overpayments_usd_billions,source_url,note
improper_payments_by_fy,FY2004,Government-wide (programs reporting),45.0,estimate (agency-reported improper + unknown payments),27,,https://paymentaccuracy.gov/assets/files/FY2025_Dataset.xlsx,"Not all fraud: improper payments include overpayments, underpayments, documentation failures and unknown payments"
improper_payments_by_fy,FY2005,Government-wide (programs reporting),38.4,estimate (agency-reported improper + unknown payments),43,,https://paymentaccuracy.gov/assets/files/FY2025_Dataset.xlsx,"Not all fraud: improper payments include overpayments, underpayments, documentation failures and unknown payments"
improper_payments_by_fy,FY2006,Government-wide (programs reporting),40.6,estimate (agency-reported improper + unknown payments),53,,https://paymentaccuracy.gov/assets/files/FY2025_Dataset.xlsx,"Not all fraud: improper payments include overpayments, underpayments, documentation failures and unknown payments"
improper_payments_by_fy,FY2007,Government-wide (programs reporting),42.0,estimate (agency-reported improper + unknown payments),64,,https://paymentaccuracy.gov/assets/files/FY2025_Dataset.xlsx,"Not all fraud: improper payments include overpayments, underpayments, documentation failures and unknown payments"
improper_payments_by_fy,FY2008,Government-wide (programs reporting),72.8,estimate (agency-reported improper + unknown payments),74,,https://paymentaccuracy.gov/assets/files/FY2025_Dataset.xlsx,"Not all fraud: improper payments include overpayments, underpayments, documentation failures and unknown payments"
improper_payments_by_fy,FY2009,Government-wide (programs reporting),105.1,estimate (agency-reported improper + unknown payments),65,,https://paymentaccuracy.gov/assets/files/FY2025_Dataset.xlsx,"Not all fraud: improper payments include overpayments, underpayments, documentation failures and unknown payments"
improper_payments_by_fy,FY2010,Government-wide (programs reporting),120.8,estimate (agency-reported improper + unknown payments),70,,https://paymentaccuracy.gov/assets/files/FY2025_Dataset.xlsx,"Not all fraud: improper payments include overpayments, underpayments, documentation failures and unknown payments"
improper_payments_by_fy,FY2011,Government-wide (programs reporting),115.3,estimate (agency-reported improper + unknown payments),78,,https://paymentaccuracy.gov/assets/files/FY2025_Dataset.xlsx,"Not all fraud: improper payments include overpayments, underpayments, documentation failures and unknown payments"
improper_payments_by_fy,FY2012,Government-wide (programs reporting),107.7,estimate (agency-reported improper + unknown payments),75,,https://paymentaccuracy.gov/assets/files/FY2025_Dataset.xlsx,"Not all fraud: improper payments include overpayments, underpayments, documentation failures and unknown payments"
improper_payments_by_fy,FY2013,Government-wide (programs reporting),105.9,estimate (agency-reported improper + unknown payments),84,,https://paymentaccuracy.gov/assets/files/FY2025_Dataset.xlsx,"Not all fraud: improper payments include overpayments, underpayments, documentation failures and unknown payments"
improper_payments_by_fy,FY2014,Government-wide (programs reporting),124.6,estimate (agency-reported improper + unknown payments),122,,https://paymentaccuracy.gov/assets/files/FY2025_Dataset.xlsx,"Not all fraud: improper payments include overpayments, underpayments, documentation failures and unknown payments"
improper_payments_by_fy,FY2015,Government-wide (programs reporting),137.0,estimate (agency-reported improper + unknown payments),121,126.4,https://paymentaccuracy.gov/assets/files/FY2025_Dataset.xlsx,"Not all fraud: improper payments include overpayments, underpayments, documentation failures and unknown payments"
improper_payments_by_fy,FY2016,Government-wide (programs reporting),144.4,estimate (agency-reported improper + unknown payments),112,133.9,https://paymentaccuracy.gov/assets/files/FY2025_Dataset.xlsx,"Not all fraud: improper payments include overpayments, underpayments, documentation failures and unknown payments"
improper_payments_by_fy,FY2017,Government-wide (programs reporting),140.9,estimate (agency-reported improper + unknown payments),88,130.2,https://paymentaccuracy.gov/assets/files/FY2025_Dataset.xlsx,"Not all fraud: improper payments include overpayments, underpayments, documentation failures and unknown payments"
improper_payments_by_fy,FY2018,Government-wide (programs reporting),150.7,estimate (agency-reported improper + unknown payments),78,138.6,https://paymentaccuracy.gov/assets/files/FY2025_Dataset.xlsx,"Not all fraud: improper payments include overpayments, underpayments, documentation failures and unknown payments"
improper_payments_by_fy,FY2019,Government-wide (programs reporting),174.8,estimate (agency-reported improper + unknown payments),79,79.1,https://paymentaccuracy.gov/assets/files/FY2025_Dataset.xlsx,"Not all fraud: improper payments include overpayments, underpayments, documentation failures and unknown payments"
improper_payments_by_fy,FY2020,Government-wide (programs reporting),206.4,estimate (agency-reported improper + unknown payments),100,75.0,https://paymentaccuracy.gov/assets/files/FY2025_Dataset.xlsx,"Not all fraud: improper payments include overpayments, underpayments, documentation failures and unknown payments"
improper_payments_by_fy,FY2021,Government-wide (programs reporting),281.4,estimate (agency-reported improper + unknown payments),87,255.6,https://paymentaccuracy.gov/assets/files/FY2025_Dataset.xlsx,"Not all fraud: improper payments include overpayments, underpayments, documentation failures and unknown payments"
improper_payments_by_fy,FY2022,Government-wide (programs reporting),247.0,estimate (agency-reported improper + unknown payments),82,200.0,https://paymentaccuracy.gov/assets/files/FY2025_Dataset.xlsx,"Not all fraud: improper payments include overpayments, underpayments, documentation failures and unknown payments"
improper_payments_by_fy,FY2023,Government-wide (programs reporting),235.8,estimate (agency-reported improper + unknown payments),71,175.1,https://paymentaccuracy.gov/assets/files/FY2025_Dataset.xlsx,"Not all fraud: improper payments include overpayments, underpayments, documentation failures and unknown payments"
improper_payments_by_fy,FY2024,Government-wide (programs reporting),161.5,estimate (agency-reported improper + unknown payments),68,135.2,https://paymentaccuracy.gov/assets/files/FY2025_Dataset.xlsx,"Not all fraud: improper payments include overpayments, underpayments, documentation failures and unknown payments"
improper_payments_by_fy,FY2025,Government-wide (programs reporting),185.8,estimate (agency-reported improper + unknown payments),64,153.1,https://paymentaccuracy.gov/assets/files/FY2025_Dataset.xlsx,"Not all fraud: improper payments include overpayments, underpayments, documentation failures and unknown payments"
improper_payments_fy2025_by_agency,FY2025,HHS,98.34,estimate (agency-reported improper + unknown payments),9,,https://paymentaccuracy.gov/assets/files/FY2025_Dataset.xlsx,outlays in reporting programs $1670.1B
improper_payments_fy2025_by_agency,FY2025,Treasury,28.06,estimate (agency-reported improper + unknown payments),4,,https://paymentaccuracy.gov/assets/files/FY2025_Dataset.xlsx,outlays in reporting programs $105.7B
improper_payments_fy2025_by_agency,FY2025,USDA,13.43,estimate (agency-reported improper + unknown payments),9,,https://paymentaccuracy.gov/assets/files/FY2025_Dataset.xlsx,outlays in reporting programs $148.3B
improper_payments_fy2025_by_agency,FY2025,SBA,12.51,estimate (agency-reported improper + unknown payments),8,,https://paymentaccuracy.gov/assets/files/FY2025_Dataset.xlsx,outlays in reporting programs $66.2B
improper_payments_fy2025_by_agency,FY2025,SSA,11.28,estimate (agency-reported improper + unknown payments),3,,https://paymentaccuracy.gov/assets/files/FY2025_Dataset.xlsx,outlays in reporting programs $1494.2B
improper_payments_fy2025_by_agency,FY2025,HUD,5.83,estimate (agency-reported improper + unknown payments),2,,https://paymentaccuracy.gov/assets/files/FY2025_Dataset.xlsx,outlays in reporting programs $50.4B
improper_payments_fy2025_by_agency,FY2025,DOL,5.71,estimate (agency-reported improper + unknown payments),2,,https://paymentaccuracy.gov/assets/files/FY2025_Dataset.xlsx,outlays in reporting programs $41.6B
improper_payments_fy2025_by_agency,FY2025,VA,3.92,estimate (agency-reported improper + unknown payments),7,,https://paymentaccuracy.gov/assets/files/FY2025_Dataset.xlsx,outlays in reporting programs $201.1B
improper_payments_fy2025_by_agency,FY2025,DOT,2.4,estimate (agency-reported improper + unknown payments),2,,https://paymentaccuracy.gov/assets/files/FY2025_Dataset.xlsx,outlays in reporting programs $67.1B
improper_payments_fy2025_by_agency,FY2025,DOW,2.11,estimate (agency-reported improper + unknown payments),6,,https://paymentaccuracy.gov/assets/files/FY2025_Dataset.xlsx,outlays in reporting programs $241.7B
improper_payments_fy2025_by_agency,FY2025,ED,1.32,estimate (agency-reported improper + unknown payments),3,,https://paymentaccuracy.gov/assets/files/FY2025_Dataset.xlsx,outlays in reporting programs $185.7B
improper_payments_fy2025_by_agency,FY2025,OPM,0.47,estimate (agency-reported improper + unknown payments),2,,https://paymentaccuracy.gov/assets/files/FY2025_Dataset.xlsx,outlays in reporting programs $176.6B
improper_payments_fy2025_by_agency,FY2025,DHS,0.27,estimate (agency-reported improper + unknown payments),3,,https://paymentaccuracy.gov/assets/files/FY2025_Dataset.xlsx,outlays in reporting programs $21.6B
improper_payments_fy2025_by_agency,FY2025,FCC,0.14,estimate (agency-reported improper + unknown payments),2,,https://paymentaccuracy.gov/assets/files/FY2025_Dataset.xlsx,outlays in reporting programs $2.7B
improper_payments_fy2025_by_agency,FY2025,CNCS,0.06,estimate (agency-reported improper + unknown payments),2,,https://paymentaccuracy.gov/assets/files/FY2025_Dataset.xlsx,outlays in reporting programs $0.5B
improper_payments_cumulative,FY2003-FY2025,Government-wide,3000,"estimate (GAO: ""about $3 trillion"")",,,https://www.gao.gov/products/gao-26-108694,"GAO cumulative; dataset sum FY2004-FY2025 = $2,984.0B"
improper_payments_summary,FY2025,Government-wide,186,estimate,64 programs / 15 agencies,153,https://www.gao.gov/products/gao-26-108694,Overpayments $153B; TANF excluded (no estimate reported)
fraud_estimate,annual (FY2018-FY2022 data),Government-wide (low),233,statistical estimate,,,https://www.gao.gov/products/gao-24-105833,GAO range low end; excludes revenue fraud; overlaps with improper payments - do not add
fraud_estimate,annual (FY2018-FY2022 data),Government-wide (high),521,statistical estimate,,,https://www.gao.gov/products/gao-24-105833,GAO range high end
ig_results,FY2020,All OIGs (CIGIE) - funds put to better use,16.5,"IG-reported potential savings (recommendation, not realized)",,,https://www.ignet.gov/sites/default/files/files/CIGIE%202025%20Annual%20Report%20to%20the%20President_FINAL.pdf,Not a loss or fraud amount
ig_results,FY2020,All OIGs (CIGIE) - questioned costs,16.77,"IG audit finding (costs questioned, not all disallowed)",,,https://www.ignet.gov/sites/default/files/files/CIGIE%202025%20Annual%20Report%20to%20the%20President_FINAL.pdf,Not a loss or fraud amount
ig_results,FY2020,All OIGs (CIGIE) - investigative receivables and recoveries,19.73,IG-reported (includes court-ordered amounts not yet collected),,,https://www.ignet.gov/sites/default/files/files/CIGIE%202025%20Annual%20Report%20to%20the%20President_FINAL.pdf,Overlaps DOJ FCA recoveries - do not add
ig_results,FY2021,All OIGs (CIGIE) - funds put to better use,55.63,"IG-reported potential savings (recommendation, not realized)",,,https://www.ignet.gov/sites/default/files/files/CIGIE%202025%20Annual%20Report%20to%20the%20President_FINAL.pdf,Not a loss or fraud amount
ig_results,FY2021,All OIGs (CIGIE) - questioned costs,7.03,"IG audit finding (costs questioned, not all disallowed)",,,https://www.ignet.gov/sites/default/files/files/CIGIE%202025%20Annual%20Report%20to%20the%20President_FINAL.pdf,Not a loss or fraud amount
ig_results,FY2021,All OIGs (CIGIE) - investigative receivables and recoveries,12.06,IG-reported (includes court-ordered amounts not yet collected),,,https://www.ignet.gov/sites/default/files/files/CIGIE%202025%20Annual%20Report%20to%20the%20President_FINAL.pdf,Overlaps DOJ FCA recoveries - do not add
ig_results,FY2022,All OIGs (CIGIE) - funds put to better use,47.39,"IG-reported potential savings (recommendation, not realized)",,,https://www.ignet.gov/sites/default/files/files/CIGIE%202025%20Annual%20Report%20to%20the%20President_FINAL.pdf,Not a loss or fraud amount
ig_results,FY2022,All OIGs (CIGIE) - questioned costs,16.15,"IG audit finding (costs questioned, not all disallowed)",,,https://www.ignet.gov/sites/default/files/files/CIGIE%202025%20Annual%20Report%20to%20the%20President_FINAL.pdf,Not a loss or fraud amount
ig_results,FY2022,All OIGs (CIGIE) - investigative receivables and recoveries,6.58,IG-reported (includes court-ordered amounts not yet collected),,,https://www.ignet.gov/sites/default/files/files/CIGIE%202025%20Annual%20Report%20to%20the%20President_FINAL.pdf,Overlaps DOJ FCA recoveries - do not add
ig_results,FY2023,All OIGs (CIGIE) - funds put to better use,74.64,"IG-reported potential savings (recommendation, not realized)",,,https://www.ignet.gov/sites/default/files/files/CIGIE%202025%20Annual%20Report%20to%20the%20President_FINAL.pdf,Not a loss or fraud amount
ig_results,FY2023,All OIGs (CIGIE) - questioned costs,7.55,"IG audit finding (costs questioned, not all disallowed)",,,https://www.ignet.gov/sites/default/files/files/CIGIE%202025%20Annual%20Report%20to%20the%20President_FINAL.pdf,Not a loss or fraud amount
ig_results,FY2023,All OIGs (CIGIE) - investigative receivables and recoveries,10.93,IG-reported (includes court-ordered amounts not yet collected),,,https://www.ignet.gov/sites/default/files/files/CIGIE%202025%20Annual%20Report%20to%20the%20President_FINAL.pdf,Overlaps DOJ FCA recoveries - do not add
ig_results,FY2024,All OIGs (CIGIE) - funds put to better use,26.41,"IG-reported potential savings (recommendation, not realized)",,,https://www.ignet.gov/sites/default/files/files/CIGIE%202025%20Annual%20Report%20to%20the%20President_FINAL.pdf,Not a loss or fraud amount
ig_results,FY2024,All OIGs (CIGIE) - questioned costs,26.35,"IG audit finding (costs questioned, not all disallowed)",,,https://www.ignet.gov/sites/default/files/files/CIGIE%202025%20Annual%20Report%20to%20the%20President_FINAL.pdf,Not a loss or fraud amount
ig_results,FY2024,All OIGs (CIGIE) - investigative receivables and recoveries,18.42,IG-reported (includes court-ordered amounts not yet collected),,,https://www.ignet.gov/sites/default/files/files/CIGIE%202025%20Annual%20Report%20to%20the%20President_FINAL.pdf,Overlaps DOJ FCA recoveries - do not add
ig_results,FY2025,All OIGs (CIGIE) - funds put to better use,22.88,"IG-reported potential savings (recommendation, not realized)",,,https://www.ignet.gov/sites/default/files/files/CIGIE%202025%20Annual%20Report%20to%20the%20President_FINAL.pdf,Not a loss or fraud amount
ig_results,FY2025,All OIGs (CIGIE) - questioned costs,22.12,"IG audit finding (costs questioned, not all disallowed)",,,https://www.ignet.gov/sites/default/files/files/CIGIE%202025%20Annual%20Report%20to%20the%20President_FINAL.pdf,Not a loss or fraud amount
ig_results,FY2025,All OIGs (CIGIE) - investigative receivables and recoveries,20.58,IG-reported (includes court-ordered amounts not yet collected),,,https://www.ignet.gov/sites/default/files/files/CIGIE%202025%20Annual%20Report%20to%20the%20President_FINAL.pdf,Overlaps DOJ FCA recoveries - do not add
ig_results,FY2025,All OIGs (CIGIE) - total potential savings,65.6,IG-reported,"3,957 prosecutions",,https://www.ignet.gov/sites/default/files/files/CIGIE%202025%20Annual%20Report%20to%20the%20President_FINAL.pdf,Sum of the three lines above for FY2025
doj_false_claims_act,FY2025,DOJ Civil Division - settlements and judgments,6.8,recovered/obtained (record),"1,297 qui tam suits filed",,https://www.justice.gov/opa/pr/false-claims-act-settlements-and-judgments-exceed-68b-fiscal-year-2025,$5.7B health care; $5.3B from qui tam cases; >$85B since 1986
pandemic_fraud,Mar 2020-2023,SBA EIDL (potentially fraudulent),136,IG estimate (potential fraud),,,https://www.oversight.gov/sites/default/files/documents/reports/2023-06/SBA-OIG-Report-23-09.pdf,SBA OIG Report 23-09
pandemic_fraud,Mar 2020-2023,SBA PPP (potentially fraudulent),64,IG estimate (potential fraud),,,https://www.oversight.gov/sites/default/files/documents/reports/2023-06/SBA-OIG-Report-23-09.pdf,"SBA OIG: total >$200B, ~17% of ~$1.2T disbursed; ~$30B EIDL seized/returned"
pandemic_fraud,Apr 2020-May 2023,Unemployment Insurance (low),100,GAO statistical estimate,,,https://www.gao.gov/products/gao-23-106696,"GAO range $100B-$135B; states reported $5.3B fraudulent overpayments found, $1.2B fraudulent recovered"
pandemic_fraud,Apr 2020-May 2023,Unemployment Insurance (high),135,GAO statistical estimate,,,https://www.gao.gov/products/gao-23-106696,
pandemic_enforcement,through Jan 2023,Pandemic program fraud convictions,,count,"at least 1,044 convicted",,https://www.gao.gov/products/gao-23-106556,"Count, not dollars"
doge_claim,Jan 2025-Jan 2026,DOGE claimed total savings,215,"claimed, unaudited",,,https://files.gao.gov/reports/GAO-26-108615/index.html,DOGE website headline figure
doge_claim,Jan 2025-Jan 2026,DOGE Wall of Receipts itemized,110.34,claimed,,,https://files.gao.gov/reports/GAO-26-108615/index.html,"contracts $61.02B, grants $49.21B, leases $0.113B"
doge_gao_finding,Aug 6 2026,Contract savings following DOGE stated method,16.8,GAO audit finding,,,https://files.gao.gov/reports/GAO-26-108615/index.html,27.5% of claimed contract savings
doge_gao_finding,Aug 6 2026,Claimed contract savings with no termination action,27.4,GAO audit finding,,,https://files.gao.gov/reports/GAO-26-108615/index.html,
doge_gao_finding,Aug 6 2026,Grant savings GAO could not verify,47.32,GAO audit finding,,,https://files.gao.gov/reports/GAO-26-108615/index.html,96% of claimed grant savings
doge_gao_finding,Aug 6 2026,Lease savings overstatement,0.0811,GAO audit finding,,,https://files.gao.gov/reports/GAO-26-108615/index.html,claimed $113M vs entries summing $53.5M vs GAO-calculated $31.8M
