program,case_or_wave,date_announced,defendants_charged,convicted_as_of_2026-09-24,amount_alleged_usd,amount_basis,proven_status,primary_source,secondary_or_mirror,notes
Federal Child Nutrition Program (Feeding Our Future and affiliated sites),All FOF cases since Sept 2022,2022-09-20 to 2026-02,79,70,250000000,"DOJ's description of the scheme (""$250 million fraud scheme""). Bock trial record: FOF ""fraudulently obtained and disbursed more than $240 million""",Proven in part (70 convictions incl. trial verdicts; Bock sentenced to 500 months on 2026-05-22),https://www.justice.gov/opa/pr/feeding-our-future-ringleader-sentenced-500-months,https://www.redlakenationnews.com/story/2026/07/22/news/pelican-rapids-man-is-70th-defendant-to-be-convicted-in-feeding-our-future-fraud-scheme/141705.html,"Charged count 79 per government figure cited by Star Tribune 2026-02-19 (https://www.startribune.com/feeding-our-future-minnesota/601585221). Conviction count 70 per USAO-MN release corrected 2026-07-21 (the first version said 68). Treasury/FinCEN uses 'at least $300 million' (https://home.treasury.gov/news/press-releases/sb0354). Do not add those two figures together."
Housing Stabilization Services (Medicaid),Wave 1 (Brilliant Minds; Faladcare; Leo Human Services; Liberty Plus),2025-09-18,8,4,8400000,Sum of per-company amounts received or claimed in the USAO release (2.3M + 2.2M + 2.7M + 1.2M),Proven for the 4 Brilliant Minds defendants (pleas July 7-23 2026); the rest are allegations,https://www.justice.gov/opa/pr/four-men-plead-guilty-2m-minnesota-medicaid-fraud,https://www.irs.gov/compliance/criminal-investigation/defendants-charged-in-first-wave-of-housing-stabilization-fraud-cases,The Brilliant Minds plea release puts the amount at about $2.2M.
Housing Stabilization Services (Medicaid),Wave 2 (Jefferson and Brown; Pristine Health; SafeLodgings),2025-12-18,5,unknown (no DOJ plea release located),5650000,Claimed amounts: 3.5M + 0.75M + 1.4M (SafeLodgings received ~1.3M),Alleged,https://www.irs.gov/compliance/criminal-investigation/six-additional-defendants-charged-one-defendant-pleads-guilty-in-ongoing-fraud-schemes,https://www.mprnews.org/story/2025/12/18/minnesota-fraud-new-charges-medicaid-scam,Mirror of the USAO-MN release (justice.gov blocks automated fetch). MPR reported Jefferson and Brown were expected to plead guilty. Sallah reportedly returned from Amsterdam in Sept 2026 and pleaded not guilty.
Housing Stabilization Services (Medicaid),Wave 3 (Minnesota Health Care Fraud Takedown),2026-05-21,8,3 (reported pleas; not a DOJ tally),15700000,DOJ takedown release,Alleged; reported guilty pleas by Muhammad Omar; Abdulbasit Ibrahim; Mustafa Dayib (Star Tribune 2026-07-22),https://www.justice.gov/opa/pr/minnesota-health-care-fraud-takedown-results-charges-against-15-defendants-over-90m-fraud,https://www.justice.gov/criminal/criminal-fraud/health-care-fraud-unit/2026-minnesota-hcf-case-summaries,"Case summaries: Hodges 5.3M claimed; Meadows 4.3M; Omar/Abdi 3.3M; Allen/Langley 3.5M; Ibrahim/Dayib 0.975M"
EIDBI autism (Medicaid),Asha Farhan Hassan (Smart Therapy),2025-09,1,1,14000000,USAO: '$14 million Autism fraud scheme' (she also admitted $465K in FOF),Proven (guilty plea 2025-12-18),https://www.irs.gov/compliance/criminal-investigation/six-additional-defendants-charged-one-defendant-pleads-guilty-in-ongoing-fraud-schemes,,Mirror of the USAO-MN release
EIDBI autism (Medicaid),Abdinajib Hassan Yussuf (Star Autism),2025-12-18,1,unknown,6000000,USAO: obtained 'more than $6 million',Alleged (charged by information),https://www.irs.gov/compliance/criminal-investigation/six-additional-defendants-charged-one-defendant-pleads-guilty-in-ongoing-fraud-schemes,,USAO says he 'sent more than $200000 in fraud proceeds to Kenya'
EIDBI autism (Medicaid),Shamso Ahmed Hassan and Hanaan Mursal Yusuf,2026-05-21,2,0,46600000,DOJ: $46.6M scheme of which ~$21.2M was paid,Alleged,https://www.justice.gov/criminal/criminal-fraud/health-care-fraud-unit/2026-minnesota-hcf-case-summaries,https://www.justice.gov/opa/pr/minnesota-health-care-fraud-takedown-results-charges-against-15-defendants-over-90m-fraud,The paid-basis figure is $21.2M
Individualized Home Supports (Medicaid),Healey and Larsen-Guthmiller (Healey Homes),2026-05-21,2,0,22700000,DOJ: received $22.7M in reimbursements,Alleged,https://www.justice.gov/criminal/criminal-fraud/health-care-fraud-unit/2026-minnesota-hcf-case-summaries,,
Integrated Community Supports (Medicaid),Ahmed Othman Kadar (Ultimate Home Health),2026-05-21,1,0,1400000,DOJ: ~$1.4M claimed and paid,Alleged,https://www.justice.gov/criminal/criminal-fraud/health-care-fraud-unit/2026-minnesota-hcf-case-summaries,,
Great Start Compensation Support Payment Program (state child care),Jillaine Ann Mertens,2026-05-21,1,0,425000,DOJ: paid ~$425K,Alleged,https://www.justice.gov/criminal/criminal-fraud/health-care-fraud-unit/2026-minnesota-hcf-case-summaries,,
Child Care Assistance Program (federal),Fahima Mahamud (CCAP portion),2026-05-21,0 (already counted in FOF),0,4600000,DOJ: ~$4.6M CCAP (her total is $5.48M; the ~$854K FOF portion sits in the FOF row),Alleged,https://www.justice.gov/criminal/criminal-fraud/health-care-fraud-unit/2026-minnesota-hcf-case-summaries,,She is the 79th FOF defendant. Not double-counted.
State MFCU (not federal),Salman Ahmed Elmi (Reva Health ARMHS); Mohamed Haji Rashid,2026-08-17,2,0,1500000,MN Attorney General: 'combined loss of over $1.5 million',Alleged (state felony theft charges),https://www.ag.state.mn.us/Office/Communications/2026/08/17_Medicaid-Fraud.asp,,State case. Excluded from the federal subtotal.
SUBTOTAL federal (rows above excluding state MFCU),,,"29 non-FOF + 79 FOF = 108","78 (70 FOF + 4 HSS + 1 EIDBI per DOJ = 75; plus 3 HSS pleas reported by Star Tribune)",375475000,"Sum of DOJ-stated alleged amounts; mixed claimed/paid bases. On a paid basis EIDBI Hassan/Yusuf is 21.2M, which gives a subtotal of about $350M",Mostly allegations except convicted cases,,,Non-exhaustive. It covers the major program-fraud waves DOJ announced. Individual PPP/EIDL/UI fraud cases in D. Minn. are not included.
NOT A FINDING: prosecutor estimate,14 'high-risk' MN Medicaid programs,2025-12-18,n/a,n/a,9000000000,First Asst. U.S. Attorney Joe Thompson: $18B paid since 2018; 'half or more' could be fraudulent,Unresolved (no official finding). This is an investigative estimate stated at a press conference,https://www.mprnews.org/story/2025/12/18/minnesota-fraud-new-charges-medicaid-scam,https://apnews.com/article/minnesota-fraud-charges-fbad68312012dc02a4060852474f72ee,Excluded from totals. Prosecutions at that time covered roughly $300M (MPR).
