chamber,member,transactions_2025_2026,sum_range_min_usd,sum_range_max_usd,open_ended_bands,stock_option_transactions,stock_option_min_usd,stock_option_max_usd,transactions_filed_over_45_days,max_days_late,late_filing_urls,sample_filing_url
House,Hon. Jefferson Shreve,634,85998634,389795000,0,549,16104549,42010000,2,3698,https://disclosures-clerk.house.gov/public_disc/ptr-pdfs/2025/20030387.pdf,https://disclosures-clerk.house.gov/public_disc/ptr-pdfs/2025/20026770.pdf
Senate,"McCormick, David H. (Senator)",412,51955412,125200000,0,86,9896086,31715000,1,381,https://efdsearch.senate.gov/search/view/ptr/87e8ffc9-b032-4706-a4d1-8769a6eca634/,https://efdsearch.senate.gov/search/view/ptr/257795ae-e1b2-411d-b562-8fe4c2a4f2a1/
House,Hon. Scott H. Peters,185,32725185,61625006,6,0,0,0,17,49,https://disclosures-clerk.house.gov/public_disc/ptr-pdfs/2026/20033815.pdf https://disclosures-clerk.house.gov/public_disc/ptr-pdfs/2026/20034579.pdf https://disclosures-clerk.house.gov/public_disc/ptr-pdfs/2026/20034784.pdf https://disclosures-clerk.house.gov/public_disc/ptr-pdfs/2026/20035191.pdf https://disclosures-clerk.house.gov/public_disc/ptr-pdfs/2026/20035434.pdf,https://disclosures-clerk.house.gov/public_disc/ptr-pdfs/2025/20026774.pdf
House,Hon. Nancy Pelosi,35,25515049,108250015,0,31,23950045,102100015,0,,,https://disclosures-clerk.house.gov/public_disc/ptr-pdfs/2025/20026590.pdf
House,Hon. Darrell E. Issa,1,25000001,50000000,0,0,0,0,0,,,https://disclosures-clerk.house.gov/public_disc/ptr-pdfs/2025/20030181.pdf
House,Hon. Gilbert Cisneros,1588,15824588,55970000,0,1451,3433451,26230000,64,64,https://disclosures-clerk.house.gov/public_disc/ptr-pdfs/2025/20033455.pdf https://disclosures-clerk.house.gov/public_disc/ptr-pdfs/2026/20035190.pdf,https://disclosures-clerk.house.gov/public_disc/ptr-pdfs/2025/20026726.pdf
House,Hon. Suzan K. DelBene,113,12947113,27355000,0,0,0,0,0,,,https://disclosures-clerk.house.gov/public_disc/ptr-pdfs/2025/20026602.pdf
House,Cleo Fields,233,12566233,33090000,0,213,11747213,31055000,0,,,https://disclosures-clerk.house.gov/public_disc/ptr-pdfs/2025/20027855.pdf
House,Hon. Josh Gottheimer,504,10517504,42430000,0,471,10470471,41900000,1,388,https://disclosures-clerk.house.gov/public_disc/ptr-pdfs/2025/20029083.pdf,https://disclosures-clerk.house.gov/public_disc/ptr-pdfs/2025/20026732.pdf
House,Hon. Kevin Hern,95,9526095,32565000,0,73,2835073,6900000,0,,,https://disclosures-clerk.house.gov/public_disc/ptr-pdfs/2025/20026794.pdf
Senate,"Scott, Rick (Senator)",32,9200032,18850000,0,0,0,0,50,552,https://efdsearch.senate.gov/search/view/ptr/03e0a1db-2fe8-409f-ae3e-61ab61e14cae/ https://efdsearch.senate.gov/search/view/ptr/1d6d6efd-3e8b-4702-b437-20dd08c9bce0/ https://efdsearch.senate.gov/search/view/ptr/85199603-1615-424e-ba12-801a5d8dd0f4/ https://efdsearch.senate.gov/search/view/ptr/f0a05c3b-66e0-4287-a388-454e2b4c823d/ https://efdsearch.senate.gov/search/view/ptr/f1058108-7055-4891-9a74-98eb4b670d65/,https://efdsearch.senate.gov/search/view/ptr/f0a05c3b-66e0-4287-a388-454e2b4c823d/
House,Hon. Tim Moore,237,8673237,21495000,0,166,5533166,14020000,23,73,https://disclosures-clerk.house.gov/public_disc/ptr-pdfs/2025/20030522.pdf,https://disclosures-clerk.house.gov/public_disc/ptr-pdfs/2025/20026796.pdf
Senate,"Armstrong, Alan (Senator)",707,8515707,41650000,0,707,8515707,41650000,701,119,https://efdsearch.senate.gov/search/view/ptr/fda235b3-bad7-4637-8fa1-053f354d929c/,https://efdsearch.senate.gov/search/view/ptr/b999bc0e-3eb0-4ca9-ab07-8e8f2e04b41f/
House,Hon. Sheri Biggs,265,6699265,19960000,0,67,474067,2010000,177,272,https://disclosures-clerk.house.gov/public_disc/ptr-pdfs/2025/20032149.pdf https://disclosures-clerk.house.gov/public_disc/ptr-pdfs/2025/20033694.pdf,https://disclosures-clerk.house.gov/public_disc/ptr-pdfs/2025/20032149.pdf
House,Hon. John W. Rose,12,5765012,20550000,0,3,1500003,6000000,0,,,https://disclosures-clerk.house.gov/public_disc/ptr-pdfs/2025/20030610.pdf
Senate,"Mullin, Markwayne (Senator)",217,5388217,14320000,0,183,4402183,12030000,96,953,https://efdsearch.senate.gov/search/view/ptr/06c4c944-4a89-4f96-8649-7400f210b84f/ https://efdsearch.senate.gov/search/view/ptr/2e50e1da-397c-46f8-bc52-e0284fd499fb/ https://efdsearch.senate.gov/search/view/ptr/324d2ffc-178b-417a-aecb-5c86481ba4bc/ https://efdsearch.senate.gov/search/view/ptr/42cc0368-ff0e-40af-883e-9a2ddeb4bf89/ https://efdsearch.senate.gov/search/view/ptr/5b2ca943-b150-4679-92d0-843c127e6064/,https://efdsearch.senate.gov/search/view/ptr/f586922d-6083-44e5-8a32-769290389416/
House,Hon. Chip Roy,2,5100002,25250000,0,2,5100002,25250000,0,,,https://disclosures-clerk.house.gov/public_disc/ptr-pdfs/2026/20034375.pdf
House,Hon. Earl Leroy Carter,5,4500005,21000000,0,0,0,0,0,,,https://disclosures-clerk.house.gov/public_disc/ptr-pdfs/2025/20027913.pdf
House,Hon. Steve Cohen,20,4127020,11480000,0,6,111006,315000,0,,,https://disclosures-clerk.house.gov/public_disc/ptr-pdfs/2025/20028025.pdf
House,Hon. April McClain Delaney,486,4029486,15460000,0,450,3683450,14170000,0,,,https://disclosures-clerk.house.gov/public_disc/ptr-pdfs/2025/20027975.pdf
House,Hon. Doris O. Matsui,4,4000004,4000004,4,0,0,0,0,,,https://disclosures-clerk.house.gov/public_disc/ptr-pdfs/2026/20033695.pdf
House,Hon. Kelly Louise Morrison,125,3388125,8795000,0,70,379070,1810000,8,437,https://disclosures-clerk.house.gov/public_disc/ptr-pdfs/2026/20034213.pdf,https://disclosures-clerk.house.gov/public_disc/ptr-pdfs/2025/20026695.pdf
Senate,"Lummis, Cynthia (Senator)",3,3000003,15000000,0,3,3000003,15000000,3,55,https://efdsearch.senate.gov/search/view/ptr/ab543971-f3d5-447f-8dcf-ebe81ee1b908/,https://efdsearch.senate.gov/search/view/ptr/ab543971-f3d5-447f-8dcf-ebe81ee1b908/
House,Hon. Rob Bresnahan,653,2764653,14310000,0,581,1358581,10545000,0,,,https://disclosures-clerk.house.gov/public_disc/ptr-pdfs/2025/20024346.pdf
Senate,"Hickenlooper, John (Senator)",24,2682024,5830000,0,24,2682024,5830000,4,492,https://efdsearch.senate.gov/search/view/ptr/0ce898d6-4a82-4d78-a5b8-74df5b307720/ https://efdsearch.senate.gov/search/view/ptr/8036348f-2470-41f7-be97-d822d0b17e7c/,https://efdsearch.senate.gov/search/view/ptr/8036348f-2470-41f7-be97-d822d0b17e7c/
House,Hon. George Whitesides,35,2372035,5530000,0,35,2372035,5530000,1,139,https://disclosures-clerk.house.gov/public_disc/ptr-pdfs/2025/20030886.pdf,https://disclosures-clerk.house.gov/public_disc/ptr-pdfs/2025/20027982.pdf
House,Hon. Lisa McClain,1375,2211375,22575000,0,1293,1786293,20525000,545,520,https://disclosures-clerk.house.gov/public_disc/ptr-pdfs/2025/20030891.pdf,https://disclosures-clerk.house.gov/public_disc/ptr-pdfs/2025/20030891.pdf
House,Hon. Scott Scott Franklin,65,2066864,7965800,0,58,2011058,7790000,38,520,https://disclosures-clerk.house.gov/public_disc/ptr-pdfs/2025/20027995.pdf https://disclosures-clerk.house.gov/public_disc/ptr-pdfs/2025/20030494.pdf,https://disclosures-clerk.house.gov/public_disc/ptr-pdfs/2025/20027834.pdf
House,Hon. Mark Dr Green,14,1925014,4050000,0,0,0,0,0,,,https://disclosures-clerk.house.gov/public_disc/ptr-pdfs/2025/20026538.pdf
House,Hon. Marjorie Taylor Greene,288,1826288,7865000,0,263,403263,4295000,0,,,https://disclosures-clerk.house.gov/public_disc/ptr-pdfs/2025/20026658.pdf
House,Hon. Lori Trahan,10,1750010,3750000,0,0,0,0,0,,,https://disclosures-clerk.house.gov/public_disc/ptr-pdfs/2026/20034414.pdf
House,Hon. Richard W. Allen,54,1609054,4260000,0,31,395031,1300000,7,51,https://disclosures-clerk.house.gov/public_disc/ptr-pdfs/2026/20034473.pdf,https://disclosures-clerk.house.gov/public_disc/ptr-pdfs/2025/20026727.pdf
House,Hon. Brandon Gill,24,1603024,3820000,0,1,15001,50000,3,121,https://disclosures-clerk.house.gov/public_disc/ptr-pdfs/2025/20030417.pdf,https://disclosures-clerk.house.gov/public_disc/ptr-pdfs/2025/20030417.pdf
House,Hon. Ann Wagner,10,1365010,3050000,0,0,0,0,0,,,https://disclosures-clerk.house.gov/public_disc/ptr-pdfs/2025/20033403.pdf
House,Hon. Susie Lee,21,1352021,2980000,0,21,1352021,2980000,0,,,https://disclosures-clerk.house.gov/public_disc/ptr-pdfs/2025/20027805.pdf
House,Hon. Jonathan Jackson,109,1222109,3855000,0,102,1089102,3510000,31,175,https://disclosures-clerk.house.gov/public_disc/ptr-pdfs/2025/20030860.pdf,https://disclosures-clerk.house.gov/public_disc/ptr-pdfs/2025/20029065.pdf
Senate,"Tuberville, Tommy (Senator)",79,1199079,3835000,0,77,1169077,3735000,177,880,https://efdsearch.senate.gov/search/view/ptr/014817f0-9809-457f-8ac5-048948608e02/ https://efdsearch.senate.gov/search/view/ptr/0a25588d-a3f8-4ed6-971a-706097f78e3a/ https://efdsearch.senate.gov/search/view/ptr/1a5e6752-653a-4b11-82b6-efd51d466bb6/ https://efdsearch.senate.gov/search/view/ptr/2758f09a-fda9-4fb4-a465-270173a8125d/ https://efdsearch.senate.gov/search/view/ptr/2b076d77-6bc1-4b67-8be9-8f45a787479f/,https://efdsearch.senate.gov/search/view/ptr/57cf1745-e3dd-4afd-8685-228153848631/
Senate,"Moody, Ashley B. (Senator)",57,1142057,3255000,0,57,1142057,3255000,0,,,https://efdsearch.senate.gov/search/view/ptr/bc4381fc-d714-45da-be6f-1fa87f2212ba/
House,Hon. Mike Kelly,36,1055036,2700000,0,7,63007,245000,1,391,https://disclosures-clerk.house.gov/public_disc/ptr-pdfs/2026/20035203.pdf,https://disclosures-clerk.house.gov/public_disc/ptr-pdfs/2025/20026792.pdf
Senate,"Smith, Tina (Senator)",11,1000011,2450000,0,11,1000011,2450000,0,,,https://efdsearch.senate.gov/search/view/ptr/3f315067-5f69-42b3-b32d-063ce735957b/
House,Hon. Sara Jacobs,2,1000002,2000000,0,2,1000002,2000000,0,,,https://disclosures-clerk.house.gov/public_disc/ptr-pdfs/2026/20034498.pdf
Senate,"Rounds, Mike (Senator)",1,1000001,5000000,0,1,1000001,5000000,1,208,https://efdsearch.senate.gov/search/view/ptr/374c35de-6615-4f76-85b9-7f8922bdcc37/,https://efdsearch.senate.gov/search/view/ptr/374c35de-6615-4f76-85b9-7f8922bdcc37/
House,Hon. Katherine M. Clark,14,955014,2150000,0,2,30002,100000,0,,,https://disclosures-clerk.house.gov/public_disc/ptr-pdfs/2025/20032205.pdf
Senate,"Boozman, John (Senator)",393,792393,6780000,0,393,792393,6780000,48,499,https://efdsearch.senate.gov/search/view/ptr/27f15751-bcec-4e3e-a0ab-d7e843c08d06/ https://efdsearch.senate.gov/search/view/ptr/28e465df-caf1-4a98-8ebc-605e1e1ba99b/ https://efdsearch.senate.gov/search/view/ptr/4184cc9a-78e0-45f3-84f7-642011e6ff98/ https://efdsearch.senate.gov/search/view/ptr/4a558db2-e492-4e8f-8a28-7b703a5c8e08/ https://efdsearch.senate.gov/search/view/ptr/4b5c15fa-74ca-4e12-a0c4-3dd9ef5124b7/,https://efdsearch.senate.gov/search/view/ptr/6298991b-e48f-4b11-9bbb-dfc94a7e1b32/
House,Hon. Julie Johnson,585,683585,9020000,0,556,654556,8585000,77,455,https://disclosures-clerk.house.gov/public_disc/ptr-pdfs/2025/20029064.pdf https://disclosures-clerk.house.gov/public_disc/ptr-pdfs/2026/20035035.pdf,https://disclosures-clerk.house.gov/public_disc/ptr-pdfs/2025/20026762.pdf
House,Hon. Donald Sternoff Beyer Jr,22,680022,1600000,0,0,0,0,0,,,https://disclosures-clerk.house.gov/public_disc/ptr-pdfs/2025/20027932.pdf
House,Hon. Thomas H. Kean Jr,119,673119,3045000,0,111,391111,2365000,0,,,https://disclosures-clerk.house.gov/public_disc/ptr-pdfs/2025/20026802.pdf
House,Hon. Greg Landsman,54,667054,2130000,0,53,666053,2115000,1,372,https://disclosures-clerk.house.gov/public_disc/ptr-pdfs/2025/20030207.pdf,https://disclosures-clerk.house.gov/public_disc/ptr-pdfs/2025/20027885.pdf
House,Hon. Maria Elvira Salazar,79,618079,2495000,0,74,585074,2350000,0,,,https://disclosures-clerk.house.gov/public_disc/ptr-pdfs/2026/20033993.pdf
House,Hon. James French Hill,19,610019,1575000,0,19,610019,1575000,0,,,https://disclosures-clerk.house.gov/public_disc/ptr-pdfs/2025/20026706.pdf
Senate,"Whitehouse, Sheldon (Senator)",55,603055,2170000,0,54,588054,2120000,0,,,https://efdsearch.senate.gov/search/view/ptr/f8d003c0-ca1e-4c39-9d66-632d220180e1/
Senate,"Sheehy, Tim (Senator)",5,553005,1145000,0,5,553005,1145000,5,423,https://efdsearch.senate.gov/search/view/ptr/e15641c6-d632-4b7a-82d1-45c242b1515a/,https://efdsearch.senate.gov/search/view/ptr/e15641c6-d632-4b7a-82d1-45c242b1515a/
House,Hon. Bradley S. Schneider,1,500001,1000000,0,0,0,0,1,387,https://disclosures-clerk.house.gov/public_disc/ptr-pdfs/2025/20030591.pdf,https://disclosures-clerk.house.gov/public_disc/ptr-pdfs/2025/20027911.pdf
Senate,"Graham, Lindsey (Senator)",12,490012,1200000,0,7,275007,750000,0,,,https://efdsearch.senate.gov/search/view/ptr/89777dd7-42ff-4095-bc54-7204a14232d4/
Senate,"Curtis, John R. (Senator)",25,472025,1330000,0,0,0,0,3,457,https://efdsearch.senate.gov/search/view/ptr/000e724b-fb9a-4922-9011-ca8925a047f3/,https://efdsearch.senate.gov/search/view/ptr/96d0794e-fb53-495f-9137-fff88d0885e6/
House,Hon. Valerie Hoyle,260,393260,4195000,0,253,386253,4090000,222,408,https://disclosures-clerk.house.gov/public_disc/ptr-pdfs/2025/20032070.pdf https://disclosures-clerk.house.gov/public_disc/ptr-pdfs/2026/20034581.pdf,https://disclosures-clerk.house.gov/public_disc/ptr-pdfs/2025/20032070.pdf
House,Hon. Jared Moskowitz,191,373191,3320000,0,180,362180,3155000,0,,,https://disclosures-clerk.house.gov/public_disc/ptr-pdfs/2025/20026731.pdf
House,Hon. Daniel Meuser,16,370016,950000,0,16,370016,950000,11,371,https://disclosures-clerk.house.gov/public_disc/ptr-pdfs/2025/20030884.pdf https://disclosures-clerk.house.gov/public_disc/ptr-pdfs/2025/20030922.pdf,https://disclosures-clerk.house.gov/public_disc/ptr-pdfs/2025/20030922.pdf
Senate,"Hagerty, Bill (Senator)",3,365003,800000,0,1,15001,50000,1,385,https://efdsearch.senate.gov/search/view/ptr/f60cfac8-0389-4a5e-8619-095312492adc/,https://efdsearch.senate.gov/search/view/ptr/12848a78-c94a-4813-9051-5b3063c718a9/
House,Hon. Debbie Dingell,20,364020,1035000,0,13,167013,505000,0,,,https://disclosures-clerk.house.gov/public_disc/ptr-pdfs/2025/20026647.pdf
House,Hon. David J. Taylor,226,352226,3705000,0,221,319221,3560000,12,63,https://disclosures-clerk.house.gov/public_disc/ptr-pdfs/2025/20029069.pdf https://disclosures-clerk.house.gov/public_disc/ptr-pdfs/2025/20030782.pdf,https://disclosures-clerk.house.gov/public_disc/ptr-pdfs/2025/20029060.pdf
House,Hon. Nicholas Begich III,2,350002,750000,0,1,100001,250000,0,,,https://disclosures-clerk.house.gov/public_disc/ptr-pdfs/2026/20020055.pdf
House,Hon. Bruce Westerman,213,325213,3475000,0,201,313201,3295000,0,,,https://disclosures-clerk.house.gov/public_disc/ptr-pdfs/2025/20030146.pdf
House,Hon. Pete Sessions,10,313010,845000,0,7,197007,530000,0,,,https://disclosures-clerk.house.gov/public_disc/ptr-pdfs/2025/20030544.pdf
House,Hon. Lloyd K. Smucker,8,269008,710000,0,8,269008,710000,0,,,https://disclosures-clerk.house.gov/public_disc/ptr-pdfs/2026/20019182.pdf
House,Hon. Virginia Foxx,29,260029,900000,0,16,205016,600000,0,,,https://disclosures-clerk.house.gov/public_disc/ptr-pdfs/2025/20027876.pdf
House,Hon. Mikie Sherrill,1,250001,500000,0,1,250001,500000,0,,,https://disclosures-clerk.house.gov/public_disc/ptr-pdfs/2025/20027937.pdf
Senate,"Justice II,  James Conley (Senator)",1,250001,500000,0,1,250001,500000,0,,,https://efdsearch.senate.gov/search/view/ptr/8ee74188-75a9-4289-b6bd-5ccb94fd6b18/
House,Hon. Thomas Suozzi,21,245021,875000,0,9,79009,310000,4,328,https://disclosures-clerk.house.gov/public_disc/ptr-pdfs/2025/20030307.pdf,https://disclosures-clerk.house.gov/public_disc/ptr-pdfs/2025/20030188.pdf
House,Hon. Byron Donalds,165,214165,2560000,0,160,160160,2400000,0,,,https://disclosures-clerk.house.gov/public_disc/ptr-pdfs/2025/20026712.pdf
Senate,"Wyden, Ron (Senator)",6,203006,495000,0,6,203006,495000,1,465,https://efdsearch.senate.gov/search/view/ptr/5ecc9b5c-07c1-4ec1-bd4a-2db759eff299/,https://efdsearch.senate.gov/search/view/ptr/5ecc9b5c-07c1-4ec1-bd4a-2db759eff299/
Senate,"Warner, Mark (Senator)",5,202005,480000,0,0,0,0,0,,,https://efdsearch.senate.gov/search/view/ptr/047c4167-e0a9-44d4-a2bf-5477eb6b20ab/
House,Hon. Judy Chu,2,200002,500000,0,2,200002,500000,0,,,https://disclosures-clerk.house.gov/public_disc/ptr-pdfs/2025/20031001.pdf
House,Hon. Richard Dean Dr McCormick,93,192093,1630000,0,84,84084,1260000,34,917,https://disclosures-clerk.house.gov/public_disc/ptr-pdfs/2025/20030699.pdf https://disclosures-clerk.house.gov/public_disc/ptr-pdfs/2026/20033648.pdf,https://disclosures-clerk.house.gov/public_disc/ptr-pdfs/2025/20032255.pdf
House,Hon. Dan Newhouse,119,189119,1960000,0,112,112112,1680000,0,,,https://disclosures-clerk.house.gov/public_disc/ptr-pdfs/2025/20030292.pdf
Senate,"Booker, Cory (Senator)",7,183007,495000,0,7,183007,495000,0,,,https://efdsearch.senate.gov/search/view/ptr/e5144197-e49c-4f74-bec4-19f1f3124668/
House,Hon. William R. Keating,41,174041,910000,0,11,11011,165000,0,,,https://disclosures-clerk.house.gov/public_disc/ptr-pdfs/2025/20026556.pdf
House,Hon. Julia Letlow,159,173159,2420000,0,148,148148,2220000,211,447,https://disclosures-clerk.house.gov/public_disc/ptr-pdfs/2026/20030977.pdf,https://disclosures-clerk.house.gov/public_disc/ptr-pdfs/2026/20030977.pdf
Senate,"Capito, Shelley Moore (Senator)",88,172088,1530000,0,88,172088,1530000,0,,,https://efdsearch.senate.gov/search/view/ptr/60c01547-0cf9-46c6-9ce6-f0102f5941f6/
House,Hon. Tim Walberg,16,170016,625000,0,13,139013,510000,15,481,https://disclosures-clerk.house.gov/public_disc/ptr-pdfs/2026/20034660.pdf,https://disclosures-clerk.house.gov/public_disc/ptr-pdfs/2026/20034660.pdf
Senate,"Moreno, Bernardo (Senator)",9,122009,405000,0,2,115002,300000,0,,,https://efdsearch.senate.gov/search/view/ptr/bccf83ce-dd72-4ab6-8564-b3bbb1d2ee55/
House,"Hon. Neal Patrick MD, Facs Dunn",8,120008,325000,0,1,1001,15000,2,76,https://disclosures-clerk.house.gov/public_disc/ptr-pdfs/2025/20027895.pdf https://disclosures-clerk.house.gov/public_disc/ptr-pdfs/2025/20030735.pdf,https://disclosures-clerk.house.gov/public_disc/ptr-pdfs/2025/20029068.pdf
House,Hon. Chellie Pingree,8,120008,400000,0,0,0,0,6,126,https://disclosures-clerk.house.gov/public_disc/ptr-pdfs/2025/20030492.pdf,https://disclosures-clerk.house.gov/public_disc/ptr-pdfs/2025/20030492.pdf
House,Hon. Max Miller,36,117568,663538,0,0,0,0,0,,,https://disclosures-clerk.house.gov/public_disc/ptr-pdfs/2025/20026684.pdf
House,Hon. Shri Thanedar,2,115002,300000,0,2,115002,300000,3,406,https://disclosures-clerk.house.gov/public_disc/ptr-pdfs/2025/20030869.pdf https://disclosures-clerk.house.gov/public_disc/ptr-pdfs/2026/20033910.pdf,https://disclosures-clerk.house.gov/public_disc/ptr-pdfs/2026/20033910.pdf
House,Hon. Greg Stanton,2,115002,300000,0,2,115002,300000,0,,,https://disclosures-clerk.house.gov/public_disc/ptr-pdfs/2026/20034499.pdf
House,Hon. Jake Auchincloss,7,105007,350000,0,7,105007,350000,0,,,https://disclosures-clerk.house.gov/public_disc/ptr-pdfs/2025/20027810.pdf
House,Hon. August Lee Pfluger II,19,103019,495000,0,14,70014,350000,2,337,https://disclosures-clerk.house.gov/public_disc/ptr-pdfs/2025/20030737.pdf,https://disclosures-clerk.house.gov/public_disc/ptr-pdfs/2025/20021220.pdf
House,Hon. Zoe Lofgren,2,101002,265000,0,0,0,0,0,,,https://disclosures-clerk.house.gov/public_disc/ptr-pdfs/2026/20033738.pdf
Senate,"Coons, Chris (Senator)",1,100001,250000,0,1,100001,250000,0,,,https://efdsearch.senate.gov/search/view/ptr/5a76ceb6-2d1d-4430-8a17-6512bcb402be/
Senate,"Cruz, Ted (Senator)",1,100001,250000,0,1,100001,250000,0,,,https://efdsearch.senate.gov/search/view/ptr/4290febc-6042-4538-a193-08a9f941647c/
House,Hon. Jennifer McClellan,1,100001,250000,0,1,100001,250000,0,,,https://disclosures-clerk.house.gov/public_disc/ptr-pdfs/2026/20034311.pdf
Senate,"Collins, Susan M. (Senator)",4,95004,250000,0,0,0,0,1,50,https://efdsearch.senate.gov/search/view/ptr/f6e2adb6-d995-4d21-ad04-5325892a0bf9/,https://efdsearch.senate.gov/search/view/ptr/e5e9e7aa-ffd0-4414-8d2e-1cb7592b9797/
House,Hon. Christian D. Menefee,8,92008,330000,0,8,92008,330000,5,111,https://disclosures-clerk.house.gov/public_disc/ptr-pdfs/2026/20034099.pdf,https://disclosures-clerk.house.gov/public_disc/ptr-pdfs/2026/20034099.pdf
House,Hon. Rudy C. Yakym III,6,90006,300000,0,0,0,0,0,,,https://disclosures-clerk.house.gov/public_disc/ptr-pdfs/2025/20026666.pdf
House,Hon. Brian Babin,12,89012,335000,0,10,87010,305000,0,,,https://disclosures-clerk.house.gov/public_disc/ptr-pdfs/2026/20034522.pdf
Senate,"Peters, Gary (Senator)",12,82012,355000,0,12,82012,355000,1,137,https://efdsearch.senate.gov/search/view/ptr/18a1aea6-282e-4152-b3dd-d773e0302c7e/,https://efdsearch.senate.gov/search/view/ptr/328a9b36-1205-4117-bdc4-cd7c3ccbcbbc/
House,Hon. Michael Rulli,32,81032,565000,0,32,81032,565000,22,619,https://disclosures-clerk.house.gov/public_disc/ptr-pdfs/2026/20035147.pdf,https://disclosures-clerk.house.gov/public_disc/ptr-pdfs/2026/20035147.pdf
House,Hon. Ritchie John Torres,80,80080,1200000,0,62,62062,930000,87,328,https://disclosures-clerk.house.gov/public_disc/ptr-pdfs/2025/20030930.pdf,https://disclosures-clerk.house.gov/public_disc/ptr-pdfs/2025/20030930.pdf
Senate,"King, Angus (Senator)",38,80038,675000,0,36,50036,575000,0,,,https://efdsearch.senate.gov/search/view/ptr/e67c6e56-c81e-4e74-b960-849a460165e2/
House,Hon. Kathy Manning,3,80003,200000,0,0,0,0,0,,,https://disclosures-clerk.house.gov/public_disc/ptr-pdfs/2025/20026638.pdf
House,Hon. Laurel Lee,8,71008,240000,0,4,53004,145000,3,69,https://disclosures-clerk.house.gov/public_disc/ptr-pdfs/2026/20034694.pdf,https://disclosures-clerk.house.gov/public_disc/ptr-pdfs/2025/20030458.pdf
House,Hon. Dwight Evans,28,55251,475224,0,27,54250,460224,2,155,https://disclosures-clerk.house.gov/public_disc/ptr-pdfs/2025/20029062.pdf,https://disclosures-clerk.house.gov/public_disc/ptr-pdfs/2025/20030179.pdf
Senate,"Fetterman, John (Senator)",51,51051,765000,0,11,11011,165000,3,386,https://efdsearch.senate.gov/search/view/ptr/50e54b67-b398-470e-8baf-e09e3be81d86/ https://efdsearch.senate.gov/search/view/ptr/98b63289-518f-44d6-b51c-4efc59acde85/,https://efdsearch.senate.gov/search/view/ptr/a0431e36-2161-4e97-b99a-74a966d7193a/
House,Hon. James D Jordan,1,50001,100000,0,1,50001,100000,1,79,https://disclosures-clerk.house.gov/public_disc/ptr-pdfs/2026/20033803.pdf,https://disclosures-clerk.house.gov/public_disc/ptr-pdfs/2026/20033803.pdf
House,Hon. David P. Joyce,1,50001,100000,0,1,50001,100000,0,,,https://disclosures-clerk.house.gov/public_disc/ptr-pdfs/2025/20026736.pdf
House,Hon. William R. Timmons IV,1,50001,100000,0,0,0,0,0,,,https://disclosures-clerk.house.gov/public_disc/ptr-pdfs/2026/20022577.pdf
House,Hon. Greg Steube,4,46004,165000,0,2,16002,65000,0,,,https://disclosures-clerk.house.gov/public_disc/ptr-pdfs/2025/20024927.pdf
House,Hon. James Comer,40,40040,600000,0,40,40040,600000,0,,,https://disclosures-clerk.house.gov/public_disc/ptr-pdfs/2025/20018054.pdf
House,Hon. Rick Larsen,37,37037,555000,0,34,34034,510000,0,,,https://disclosures-clerk.house.gov/public_disc/ptr-pdfs/2025/20026587.pdf
House,Hon. Robert E. Latta,9,37009,205000,0,9,37009,205000,0,,,https://disclosures-clerk.house.gov/public_disc/ptr-pdfs/2025/20026650.pdf
Senate,"McConnell, A. Mitchell Jr. (Senator)",9,37009,205000,0,9,37009,205000,0,,,https://efdsearch.senate.gov/search/view/ptr/028aef33-dc0d-44a1-992f-aa35ee42685b/
House,Hon. James A. Himes,3,31003,115000,0,3,31003,115000,0,,,https://disclosures-clerk.house.gov/public_disc/ptr-pdfs/2026/20035047.pdf
House,Hon. Lloyd Doggett,30,30030,450000,0,25,25025,375000,0,,,https://disclosures-clerk.house.gov/public_disc/ptr-pdfs/2025/20027935.pdf
House,Hon. Eleanor Holmes Norton,2,30002,100000,0,2,30002,100000,0,,,https://disclosures-clerk.house.gov/public_disc/ptr-pdfs/2025/20027950.pdf
Senate,"Moran, Jerry (Senator)",14,28014,245000,0,14,28014,245000,0,,,https://efdsearch.senate.gov/search/view/ptr/cff197e2-b90b-4b53-b97d-eecf226a1980/
House,Hon. Matthew Robert Van Epps,13,27013,230000,0,12,26012,215000,0,,,https://disclosures-clerk.house.gov/public_disc/ptr-pdfs/2026/20034807.pdf
Senate,"Britt, Katie (Senator)",23,23023,345000,0,23,23023,345000,22,287,https://efdsearch.senate.gov/search/view/ptr/28e79480-3dcb-4793-86ed-48e7fd214587/,https://efdsearch.senate.gov/search/view/ptr/37900303-65bf-467d-962b-76555d510b28/
House,Hon. Michael A. Collins Jr,19,19019,285000,0,0,0,0,0,,,https://disclosures-clerk.house.gov/public_disc/ptr-pdfs/2025/20026696.pdf
House,Hon. Roger Williams,5,19005,110000,0,4,18004,95000,0,,,https://disclosures-clerk.house.gov/public_disc/ptr-pdfs/2025/20027867.pdf
House,Hon. Adam Smith,18,18018,270000,0,18,18018,270000,0,,,https://disclosures-clerk.house.gov/public_disc/ptr-pdfs/2025/20030868.pdf
House,Hon. Terri A. Sewell,4,18004,95000,0,4,18004,95000,0,,,https://disclosures-clerk.house.gov/public_disc/ptr-pdfs/2025/20030235.pdf
House,Hon. Debbie Wasserman Schultz,12,17719,101713,0,11,16601,100595,1,489,https://disclosures-clerk.house.gov/public_disc/ptr-pdfs/2025/20030577.pdf,https://disclosures-clerk.house.gov/public_disc/ptr-pdfs/2025/20027912.pdf
House,Hon. Brad Knott,3,17003,80000,0,3,17003,80000,2,46,https://disclosures-clerk.house.gov/public_disc/ptr-pdfs/2025/20027846.pdf,https://disclosures-clerk.house.gov/public_disc/ptr-pdfs/2025/20027846.pdf
House,Hon. John McGuire,16,16016,240000,0,16,16016,240000,0,,,https://disclosures-clerk.house.gov/public_disc/ptr-pdfs/2025/20016861.pdf
House,Hon. Scott DesJarlais,2,16002,65000,0,2,16002,65000,0,,,https://disclosures-clerk.house.gov/public_disc/ptr-pdfs/2025/20033490.pdf
House,Hon. Victoria Spartz,2,16002,65000,0,2,16002,65000,0,,,https://disclosures-clerk.house.gov/public_disc/ptr-pdfs/2025/20026754.pdf
House,Hon. Daniel Webster,1,15001,50000,0,1,15001,50000,1,460,https://disclosures-clerk.house.gov/public_disc/ptr-pdfs/2026/20034562.pdf,https://disclosures-clerk.house.gov/public_disc/ptr-pdfs/2026/20034562.pdf
House,Hon. Daniel Goldman,1,15001,50000,0,1,15001,50000,0,,,https://disclosures-clerk.house.gov/public_disc/ptr-pdfs/2025/20027916.pdf
House,Hon. John James,1,15001,50000,0,0,0,0,0,,,https://disclosures-clerk.house.gov/public_disc/ptr-pdfs/2026/20034949.pdf
House,Hon. Seth Moulton,1,15001,50000,0,1,15001,50000,0,,,https://disclosures-clerk.house.gov/public_disc/ptr-pdfs/2025/20030756.pdf
House,Hon. Peter Allen Stauber,1,15001,50000,0,1,15001,50000,0,,,https://disclosures-clerk.house.gov/public_disc/ptr-pdfs/2025/20033488.pdf
Senate,"Schiff,  Adam B. (Senator)",1,15001,50000,0,1,15001,50000,0,,,https://efdsearch.senate.gov/search/view/ptr/e8371653-d5d0-4150-abca-15cb5e6f1b2c/
House,Hon. Adrian Smith,1,15001,50000,0,1,15001,50000,0,,,https://disclosures-clerk.house.gov/public_disc/ptr-pdfs/2026/20035067.pdf
House,Hon. Sam T. Liccardo,1,15001,50000,0,1,15001,50000,0,,,https://disclosures-clerk.house.gov/public_disc/ptr-pdfs/2026/20034736.pdf
House,Hon. Carol Devine Miller,14,14014,210000,0,14,14014,210000,0,,,https://disclosures-clerk.house.gov/public_disc/ptr-pdfs/2025/20029135.pdf
House,Hon. Austin Scott,11,11011,165000,0,11,11011,165000,17,394,https://disclosures-clerk.house.gov/public_disc/ptr-pdfs/2025/20030902.pdf,https://disclosures-clerk.house.gov/public_disc/ptr-pdfs/2025/20030902.pdf
House,Hon. Emily Randall,11,11011,165000,0,11,11011,165000,0,,,https://disclosures-clerk.house.gov/public_disc/ptr-pdfs/2025/20026756.pdf
House,Hon. Elizabeth Fletcher,11,11011,165000,0,11,11011,165000,0,,,https://disclosures-clerk.house.gov/public_disc/ptr-pdfs/2026/20034413.pdf
House,Hon. Michael Patrick Guest,10,10010,150000,0,10,10010,150000,3,241,https://disclosures-clerk.house.gov/public_disc/ptr-pdfs/2026/20035130.pdf,https://disclosures-clerk.house.gov/public_disc/ptr-pdfs/2025/20033416.pdf
House,Hon. Mark Alford,9,9009,135000,0,7,7007,105000,0,,,https://disclosures-clerk.house.gov/public_disc/ptr-pdfs/2026/20034201.pdf
House,Hon. Ed Case,8,8008,120000,0,8,8008,120000,7,690,https://disclosures-clerk.house.gov/public_disc/ptr-pdfs/2026/20034221.pdf,https://disclosures-clerk.house.gov/public_disc/ptr-pdfs/2025/20033691.pdf
House,Hon. Daniel Crenshaw,8,8008,120000,0,7,7007,105000,2,79,https://disclosures-clerk.house.gov/public_disc/ptr-pdfs/2026/20035024.pdf,https://disclosures-clerk.house.gov/public_disc/ptr-pdfs/2026/20035024.pdf
House,Hon. Laura Friedman,6,6006,90000,0,6,6006,90000,0,,,https://disclosures-clerk.house.gov/public_disc/ptr-pdfs/2025/20032051.pdf
House,Hon. John J Mr McGuire III,6,6006,90000,0,6,6006,90000,0,,,https://disclosures-clerk.house.gov/public_disc/ptr-pdfs/2026/20035180.pdf
Senate,"Banks, James E. (Senator)",5,5005,75000,0,4,4004,60000,0,,,https://efdsearch.senate.gov/search/view/ptr/59c6f909-ad10-429d-8a8c-df81b00cf5fd/
House,Hon. Gerald E. Connolly,5,5005,75000,0,3,3003,45000,0,,,https://disclosures-clerk.house.gov/public_disc/ptr-pdfs/2025/20026724.pdf
House,Hon. Cliff Bentz,3,3003,45000,0,3,3003,45000,0,,,https://disclosures-clerk.house.gov/public_disc/ptr-pdfs/2025/20030646.pdf
House,Hon. Guy Mr Reschenthaler,3,3003,45000,0,0,0,0,0,,,https://disclosures-clerk.house.gov/public_disc/ptr-pdfs/2025/20030237.pdf
Senate,Former Senator (Former Senator),2,2002,30000,0,2,2002,30000,0,,,https://efdsearch.senate.gov/search/view/ptr/6488d95a-18fe-4753-8b42-094a070935e6/
House,Hon. Dave Min,2,2002,30000,0,2,2002,30000,0,,,https://disclosures-clerk.house.gov/public_disc/ptr-pdfs/2025/20029100.pdf
Senate,"Kennedy, John (Senator)",1,1001,15000,0,0,0,0,0,,,https://efdsearch.senate.gov/search/view/ptr/94863fb5-21cc-4585-a124-c0ea92ef5f1b/
House,Hon. David Rouzer,1,1001,15000,0,1,1001,15000,0,,,https://disclosures-clerk.house.gov/public_disc/ptr-pdfs/2026/20033758.pdf
House,Hon. Derek Tran,1,1001,15000,0,0,0,0,1,381,https://disclosures-clerk.house.gov/public_disc/ptr-pdfs/2026/20035183.pdf,https://disclosures-clerk.house.gov/public_disc/ptr-pdfs/2026/20035183.pdf
House,Hon. Andrew Garbarino,1,1001,15000,0,1,1001,15000,0,,,https://disclosures-clerk.house.gov/public_disc/ptr-pdfs/2025/20030952.pdf
House,Hon. Robert B. Aderholt,1,1001,15000,0,1,1001,15000,0,,,https://disclosures-clerk.house.gov/public_disc/ptr-pdfs/2025/20032062.pdf
House,Hon. Linda T. Sanchez,1,1001,15000,0,1,1001,15000,1,73,https://disclosures-clerk.house.gov/public_disc/ptr-pdfs/2026/20033755.pdf,https://disclosures-clerk.house.gov/public_disc/ptr-pdfs/2026/20033755.pdf
House,Hon. Mike Kennedy,1,1001,15000,0,1,1001,15000,0,,,https://disclosures-clerk.house.gov/public_disc/ptr-pdfs/2025/20030542.pdf
House,Hon. Warren Davidson,1,1001,15000,0,1,1001,15000,0,,,https://disclosures-clerk.house.gov/public_disc/ptr-pdfs/2026/20034223.pdf
Senate,"Husted, Jon A. (Senator)",1,1001,15000,0,1,1001,15000,0,,,https://efdsearch.senate.gov/search/view/ptr/b2cccee8-9ee6-4059-913b-ad68b28b6afb/
House,Hon. Robert J. Wittman,1,1001,15000,0,1,1001,15000,0,,,https://disclosures-clerk.house.gov/public_disc/ptr-pdfs/2026/20034916.pdf
House,Hon. Pramila Jayapal,0,0,0,0,0,0,0,1,866,https://disclosures-clerk.house.gov/public_disc/ptr-pdfs/2026/20034160.pdf,https://disclosures-clerk.house.gov/public_disc/ptr-pdfs/2026/20034160.pdf
House,Hon. Patrick Ryan,0,0,0,0,0,0,0,1,436,https://disclosures-clerk.house.gov/public_disc/ptr-pdfs/2025/20030800.pdf,https://disclosures-clerk.house.gov/public_disc/ptr-pdfs/2025/20030800.pdf
House,Hon. Donald W. Norcross,0,0,0,0,0,0,0,1,457,https://disclosures-clerk.house.gov/public_disc/ptr-pdfs/2025/20030894.pdf,https://disclosures-clerk.house.gov/public_disc/ptr-pdfs/2025/20030894.pdf
