item_id,claim_first_line,statute,note,first_amendment_context
F1,That Trump called neo-Nazis / white supremacists at Charlottesville “very fine people” (or “very good people”).,none,"No federal statute is implicated by the claim or its correction (reporting error, framing, quote accuracy, or policy rhetoric).",First Amendment: protected press/political speech; any defamation remedy is state tort law.
F2,"Trump “has yet once to condemn white supremacy, the neo-Nazis. He hasn’t condemned a darn thing.”",none,"No federal statute is implicated by the claim or its correction (reporting error, framing, quote accuracy, or policy rhetoric).",First Amendment: protected press/political speech; any defamation remedy is state tort law.
F3,Photos of children in chain-link holding cells showed what was “happening right now” under Trump.,none,"No federal statute is implicated by the claim or its correction (reporting error, framing, quote accuracy, or policy rhetoric).",First Amendment: protected press/political speech; any defamation remedy is state tort law.
F4,"Early framing that MAGA-hatted Covington students instigated conflict, blocked Nathan Phillips, taunted him, and chanted “Build that wall”.",none,"No federal statute is implicated by the claim or its correction (reporting error, framing, quote accuracy, or policy rhetoric).",First Amendment: protected press/political speech; any defamation remedy is state tort law.
F5,Linked Trump ally Anthony Scaramucci to a Russian investment fund in a way CNN later said did not meet standards.,none,"No federal statute is implicated by the claim or its correction (reporting error, framing, quote accuracy, or policy rhetoric).",First Amendment: protected press/political speech; any defamation remedy is state tort law.
F6,"Email gave Trump campaign advance access to WikiLeaks documents (implied pre-release tip on Sept. 4, 2016).",none,"No federal statute is implicated by the claim or its correction (reporting error, framing, quote accuracy, or policy rhetoric).",First Amendment: protected press/political speech; any defamation remedy is state tort law.
F7,Comey would refute Trump’s claim that Comey told him he was not personally under investigation.,none,"No federal statute is implicated by the claim or its correction (reporting error, framing, quote accuracy, or policy rhetoric).",First Amendment: protected press/political speech; any defamation remedy is state tort law.
F12,Trump told Americans drinking bleach could help with COVID-19.,none,"No federal statute is implicated by the claim or its correction (reporting error, framing, quote accuracy, or policy rhetoric).",First Amendment: protected press/political speech; any defamation remedy is state tort law.
F13,Trump said undocumented immigrants (generally) “aren’t people… these are animals”.,none,"No federal statute is implicated by the claim or its correction (reporting error, framing, quote accuracy, or policy rhetoric).",First Amendment: protected press/political speech; any defamation remedy is state tort law.
F14,Park Police cleared peaceful protesters from Lafayette Square specifically to enable Trump’s Bible photo opportunity.,none,"No federal statute is implicated by the claim or its correction (reporting error, framing, quote accuracy, or policy rhetoric).",First Amendment: protected press/political speech; any defamation remedy is state tort law.
F15,NY Post laptop story had “all the classic earmarks of Russian information operations” (often flattened in coverage to “is Russian disinfo”).,none,"No federal statute is implicated by the claim or its correction (reporting error, framing, quote accuracy, or policy rhetoric).",First Amendment: protected press/political speech; any defamation remedy is state tort law.
F20,Smollett was attacked by Trump supporters / MAGA assailants in a hate crime reflecting Trump-era racism.,none,"No federal statute is implicated by the claim or its correction (reporting error, framing, quote accuracy, or policy rhetoric).",First Amendment: protected press/political speech; any defamation remedy is state tort law.
F21,Tweet framing of Megyn Kelly–Putin interview overstated what Putin said regarding compromising info on Trump.,none,"No federal statute is implicated by the claim or its correction (reporting error, framing, quote accuracy, or policy rhetoric).",First Amendment: protected press/political speech; any defamation remedy is state tort law.
F22,Speculative story connecting an Obama Hawaii trip to judicial action on Trump’s travel ban.,none,"No federal statute is implicated by the claim or its correction (reporting error, framing, quote accuracy, or policy rhetoric).",First Amendment: protected press/political speech; any defamation remedy is state tort law.
F23,"Memes asserting Trump praised neo-Nazis as fine people, often omitting the condemnation sentence.",none,"No federal statute is implicated by the claim or its correction (reporting error, framing, quote accuracy, or policy rhetoric).",First Amendment: protected press/political speech; any defamation remedy is state tort law.
F27,"Absolute claims that no chemical irritants / tear gas were used, or that Park Police used CS tear gas for the photo-op.",none,"No federal statute is implicated by the claim or its correction (reporting error, framing, quote accuracy, or policy rhetoric).",First Amendment: protected press/political speech; any defamation remedy is state tort law.
F28,Implied timing that the cage photos were contemporary Trump policy images.,none,"No federal statute is implicated by the claim or its correction (reporting error, framing, quote accuracy, or policy rhetoric).",First Amendment: protected press/political speech; any defamation remedy is state tort law.
F29,Tweet expressing horror at cage photos as if depicting then-current Trump admin conditions (“Speechless. This is not who we are as a nation.”).,none,"No federal statute is implicated by the claim or its correction (reporting error, framing, quote accuracy, or policy rhetoric).",First Amendment: protected press/political speech; any defamation remedy is state tort law.
F30,Initial piece harshly condemning Covington students based on incomplete video.,none,"No federal statute is implicated by the claim or its correction (reporting error, framing, quote accuracy, or policy rhetoric).",First Amendment: protected press/political speech; any defamation remedy is state tort law.
F34,Unverified allegation that Russian oligarchs secretly guaranteed / co-signed Trump’s Deutsche Bank loans.,none,"No federal statute is implicated by the claim or its correction (reporting error, framing, quote accuracy, or policy rhetoric).",First Amendment: protected press/political speech; any defamation remedy is state tort law.
F37,Martin Luther King Jr. bust had been removed from the Oval Office under Trump.,none,"No federal statute is implicated by the claim or its correction (reporting error, framing, quote accuracy, or policy rhetoric).",First Amendment: protected press/political speech; any defamation remedy is state tort law.
F38,Russian government hackers penetrated the U.S. electricity grid through a Vermont utility.,none,"No federal statute is implicated by the claim or its correction (reporting error, framing, quote accuracy, or policy rhetoric).",First Amendment: protected press/political speech; any defamation remedy is state tort law.
F39,Identified Belarusian-American businessman Sergei Millian as a key Steele dossier source for Trump–Russia allegations.,none,"No federal statute is implicated by the claim or its correction (reporting error, framing, quote accuracy, or policy rhetoric).",First Amendment: protected press/political speech; any defamation remedy is state tort law.
F40,Early framing that Manafort wanted polling data passed to Russian oligarch Oleg Deripaska.,none,"No federal statute is implicated by the claim or its correction (reporting error, framing, quote accuracy, or policy rhetoric).",First Amendment: protected press/political speech; any defamation remedy is state tort law.
F41,"Trump, through Trump Org interest in NYC building, currently owes Bank of China tens of millions due in 2022—complicating China-hawk attacks on Biden.",none,"No federal statute is implicated by the claim or its correction (reporting error, framing, quote accuracy, or policy rhetoric).",First Amendment: protected press/political speech; any defamation remedy is state tort law.
F50,Trump said of Turkey’s Syria operation that it is “not our problem”.,none,"No federal statute is implicated by the claim or its correction (reporting error, framing, quote accuracy, or policy rhetoric).",First Amendment: protected press/political speech; any defamation remedy is state tort law.
F51,Footage presented as depicting Turkish military attack on Kurds in Syria amid criticism of Trump’s Syria withdrawal.,none,"No federal statute is implicated by the claim or its correction (reporting error, framing, quote accuracy, or policy rhetoric).",First Amendment: protected press/political speech; any defamation remedy is state tort law.
F56,That Trump called the coronavirus / COVID-19 a “hoax”.,none,"No federal statute is implicated by the claim or its correction (reporting error, framing, quote accuracy, or policy rhetoric).",First Amendment: protected press/political speech; any defamation remedy is state tort law.
F57,Donald Trump says “all Mexicans are rapists”.,none,"No federal statute is implicated by the claim or its correction (reporting error, framing, quote accuracy, or policy rhetoric).",First Amendment: protected press/political speech; any defamation remedy is state tort law.
F60,Trump told Georgia investigator Frances Watson to “find the fraud” and that she would be a “national hero” if she did.,none,"No federal statute is implicated by the claim or its correction (reporting error, framing, quote accuracy, or policy rhetoric).",First Amendment: protected press/political speech; any defamation remedy is state tort law.
F61,Trump’s CIA nominee Gina Haspel ran the Thailand black site during Abu Zubaydah’s waterboarding and mocked his suffering.,none,"No federal statute is implicated by the claim or its correction (reporting error, framing, quote accuracy, or policy rhetoric).",First Amendment: protected press/political speech; any defamation remedy is state tort law.
F62,Trump was “talking about exterminating Latinos”.,none,"No federal statute is implicated by the claim or its correction (reporting error, framing, quote accuracy, or policy rhetoric).",First Amendment: protected press/political speech; any defamation remedy is state tort law.
F64,Photo implying sparse attendance at Trump’s Pensacola rally.,none,"No federal statute is implicated by the claim or its correction (reporting error, framing, quote accuracy, or policy rhetoric).",First Amendment: protected press/political speech; any defamation remedy is state tort law.
F65,That State’s entire senior management team “just resigned” as protest against Trump.,none,"No federal statute is implicated by the claim or its correction (reporting error, framing, quote accuracy, or policy rhetoric).",First Amendment: protected press/political speech; any defamation remedy is state tort law.
F66,Phone records / intercepts showed Trump campaign aides had repeated contacts with Russian intelligence officials.,none,"No federal statute is implicated by the claim or its correction (reporting error, framing, quote accuracy, or policy rhetoric).",First Amendment: protected press/political speech; any defamation remedy is state tort law.
F67,Special Counsel Mueller had subpoenaed Deutsche Bank for Trump’s personal/family bank records.,none,"No federal statute is implicated by the claim or its correction (reporting error, framing, quote accuracy, or policy rhetoric).",First Amendment: protected press/political speech; any defamation remedy is state tort law.
F68,Cover package used Yanela Sanchez’s crying photo to symbolize Trump family-separation policy in a way that implied this child was taken from her mother.,none,"No federal statute is implicated by the claim or its correction (reporting error, framing, quote accuracy, or policy rhetoric).",First Amendment: protected press/political speech; any defamation remedy is state tort law.
F69,"Colorful “facts” about a Trump-supporting Midwestern town (characters, quotes, a “Mexicans Keep Out” sign, election details).",none,"No federal statute is implicated by the claim or its correction (reporting error, framing, quote accuracy, or policy rhetoric).",First Amendment: protected press/political speech; any defamation remedy is state tort law.
F70,Pressed Trump that South Korea had done ~5× more COVID tests per capita than the U.S.,none,"No federal statute is implicated by the claim or its correction (reporting error, framing, quote accuracy, or policy rhetoric).",First Amendment: protected press/political speech; any defamation remedy is state tort law.
F71,Video of overcrowded hospital ward presented in reporting on New York (and later Pennsylvania) COVID crisis.,none,"No federal statute is implicated by the claim or its correction (reporting error, framing, quote accuracy, or policy rhetoric).",First Amendment: protected press/political speech; any defamation remedy is state tort law.
F72,Sen. Tom Cotton was repeating a “coronavirus conspiracy theory that was already debunked” (lab-origin discussion tied to Trump-era China scrutiny).,none,"No federal statute is implicated by the claim or its correction (reporting error, framing, quote accuracy, or policy rhetoric).",First Amendment: protected press/political speech; any defamation remedy is state tort law.
F74,Trump called Robert E. Lee “incredible”.,none,"No federal statute is implicated by the claim or its correction (reporting error, framing, quote accuracy, or policy rhetoric).",First Amendment: protected press/political speech; any defamation remedy is state tort law.
F76,Agata Kornhauser-Duda deliberately refused Trump’s handshake.,none,"No federal statute is implicated by the claim or its correction (reporting error, framing, quote accuracy, or policy rhetoric).",First Amendment: protected press/political speech; any defamation remedy is state tort law.
F77,Framing that Trump awkwardly/impulsively dumped the whole box while Abe behaved properly.,none,"No federal statute is implicated by the claim or its correction (reporting error, framing, quote accuracy, or policy rhetoric).",First Amendment: protected press/political speech; any defamation remedy is state tort law.
F78,All 17 U.S. intelligence agencies concluded Russia intervened to help Trump.,none,"No federal statute is implicated by the claim or its correction (reporting error, framing, quote accuracy, or policy rhetoric).",First Amendment: protected press/political speech; any defamation remedy is state tort law.
F79,Evidence including cell data placed Michael Cohen near Prague around time of alleged Russia collusion meeting (Steele dossier plot point).,none,"No federal statute is implicated by the claim or its correction (reporting error, framing, quote accuracy, or policy rhetoric).",First Amendment: protected press/political speech; any defamation remedy is state tort law.
F80,Trump told Mexico’s president the U.S. might send troops into Mexico to take care of “bad hombres” (invasion/war framing in headlines).,none,"No federal statute is implicated by the claim or its correction (reporting error, framing, quote accuracy, or policy rhetoric).",First Amendment: protected press/political speech; any defamation remedy is state tort law.
F81,White House set up matching Twitter accounts for SCOTUS finalists to conceal the choice.,none,"No federal statute is implicated by the claim or its correction (reporting error, framing, quote accuracy, or policy rhetoric).",First Amendment: protected press/political speech; any defamation remedy is state tort law.
F83,"Trump administration banned CDC officials from saying diversity, fetus, transgender, vulnerable, entitlement, evidence-based, science-based.",none,"No federal statute is implicated by the claim or its correction (reporting error, framing, quote accuracy, or policy rhetoric).",First Amendment: protected press/political speech; any defamation remedy is state tort law.
F84,AG Jeff Sessions told Comey not to call the Russia probe an “investigation” but a “matter”.,none,"No federal statute is implicated by the claim or its correction (reporting error, framing, quote accuracy, or policy rhetoric).",First Amendment: protected press/political speech; any defamation remedy is state tort law.
F87,"UN Ambassador Nikki Haley was responsible for a $52,701 curtain purchase at the UN envoy residence.",none,"No federal statute is implicated by the claim or its correction (reporting error, framing, quote accuracy, or policy rhetoric).",First Amendment: protected press/political speech; any defamation remedy is state tort law.
F88,ICE used Facebook data to find and track immigrants for immigration violations (as framed in original Intercept headline/lede).,none,"No federal statute is implicated by the claim or its correction (reporting error, framing, quote accuracy, or policy rhetoric).",First Amendment: protected press/political speech; any defamation remedy is state tort law.
F89,The WHO offered COVID-19 test kits to the United States and the Trump administration refused/rejected them.,none,"No federal statute is implicated by the claim or its correction (reporting error, framing, quote accuracy, or policy rhetoric).",First Amendment: protected press/political speech; any defamation remedy is state tort law.
F90,The Trump administration made no effort to get U.S. medical experts into China early in the COVID outbreak.,none,"No federal statute is implicated by the claim or its correction (reporting error, framing, quote accuracy, or policy rhetoric).",First Amendment: protected press/political speech; any defamation remedy is state tort law.
F92,Trump 'hasn't allowed his scientists to speak' / was 'muzzling' CDC/NIH scientists on COVID-19.,none,"No federal statute is implicated by the claim or its correction (reporting error, framing, quote accuracy, or policy rhetoric).",First Amendment: protected press/political speech; any defamation remedy is state tort law.
F93,Donald Trump says he will 'terminate' Social Security if re-elected.,none,"No federal statute is implicated by the claim or its correction (reporting error, framing, quote accuracy, or policy rhetoric).",First Amendment: protected press/political speech; any defamation remedy is state tort law.
F94,"Trump 'lied' about not knowing the pandemic office was disbanded, because he earlier defended cutting that team when he said 'some of the people we cut.'",none,"No federal statute is implicated by the claim or its correction (reporting error, framing, quote accuracy, or policy rhetoric).",First Amendment: protected press/political speech; any defamation remedy is state tort law.
F95,Trump fired the 'entire' pandemic response team in 2018.,none,"No federal statute is implicated by the claim or its correction (reporting error, framing, quote accuracy, or policy rhetoric).",First Amendment: protected press/political speech; any defamation remedy is state tort law.
F96,Trump said eliminating the White House pandemic office was among the 'very first' things his administration did.,none,"No federal statute is implicated by the claim or its correction (reporting error, framing, quote accuracy, or policy rhetoric).",First Amendment: protected press/political speech; any defamation remedy is state tort law.
F105,"Ohio, Michigan, and Pennsylvania 'in the latest jobs data have lost jobs, not gained them' under Trump.",none,"No federal statute is implicated by the claim or its correction (reporting error, framing, quote accuracy, or policy rhetoric).",First Amendment: protected press/political speech; any defamation remedy is state tort law.
F106,"The U.S. under Trump currently had more than 100,000 children in migration-related detention (world's highest rate).",none,"No federal statute is implicated by the claim or its correction (reporting error, framing, quote accuracy, or policy rhetoric).",First Amendment: protected press/political speech; any defamation remedy is state tort law.
F107,President Trump spent Thanksgiving 2019 tweeting and golfing at Mar-a-Lago rather than visiting U.S. troops.,none,"No federal statute is implicated by the claim or its correction (reporting error, framing, quote accuracy, or policy rhetoric).",First Amendment: protected press/political speech; any defamation remedy is state tort law.
F108,Trump chose not to listen to the translation of the Italian prime minister's speech at the G7 (shown without large headphones).,none,"No federal statute is implicated by the claim or its correction (reporting error, framing, quote accuracy, or policy rhetoric).",First Amendment: protected press/political speech; any defamation remedy is state tort law.
F110,Arizona Republic used 2014 photos of migrant children in holding facilities as if depicting then-current Trump-era detention conditions.,none,"No federal statute is implicated by the claim or its correction (reporting error, framing, quote accuracy, or policy rhetoric).",First Amendment: protected press/political speech; any defamation remedy is state tort law.
F111,Trump's tax cut was 'a middle-class tax hike' evidenced by average tax refunds being down about $170.,none,"No federal statute is implicated by the claim or its correction (reporting error, framing, quote accuracy, or policy rhetoric).",First Amendment: protected press/political speech; any defamation remedy is state tort law.
F112,"Donald Trump 'just promised that if he wins reelection, he'll gut Social Security and Medicare.'",none,"No federal statute is implicated by the claim or its correction (reporting error, framing, quote accuracy, or policy rhetoric).",First Amendment: protected press/political speech; any defamation remedy is state tort law.
F162,"The Trump administration ""has banned the CDC even using the word 'transgender.'""",none,"No federal statute is implicated by the claim or its correction (reporting error, framing, quote accuracy, or policy rhetoric).",First Amendment: protected press/political speech; any defamation remedy is state tort law.
F163,You can see visits to Moscow made during the campaign by Paul Manafort and others (implying Manafort went).,none,"No federal statute is implicated by the claim or its correction (reporting error, framing, quote accuracy, or policy rhetoric).",First Amendment: protected press/political speech; any defamation remedy is state tort law.
F164,"If Trump had done his job from the beginning on COVID-19, 'all the people would still be alive. All the people.'",none,"No federal statute is implicated by the claim or its correction (reporting error, framing, quote accuracy, or policy rhetoric).",First Amendment: protected press/political speech; any defamation remedy is state tort law.
F165,Donald Trump asserted that immigrants would 'carve you up with a knife.',none,"No federal statute is implicated by the claim or its correction (reporting error, framing, quote accuracy, or policy rhetoric).",First Amendment: protected press/political speech; any defamation remedy is state tort law.
F166,All of Trump's tax cuts 'went to folks at the top and corporations that pay no taxes' (audience got nothing).,none,"No federal statute is implicated by the claim or its correction (reporting error, framing, quote accuracy, or policy rhetoric).",First Amendment: protected press/political speech; any defamation remedy is state tort law.
F167,45 nations had already restricted travel from China before Trump moved; the U.S. 'started off awfully slow.',none,"No federal statute is implicated by the claim or its correction (reporting error, framing, quote accuracy, or policy rhetoric).",First Amendment: protected press/political speech; any defamation remedy is state tort law.
F169,Trump promised manufacturing jobs would stay but they're not / he failed to bring manufacturing jobs back (national impression).,none,"No federal statute is implicated by the claim or its correction (reporting error, framing, quote accuracy, or policy rhetoric).",First Amendment: protected press/political speech; any defamation remedy is state tort law.
F170,Trump had to confess in writing in court to illegally diverting charitable contributions that were supposed to go to veterans.,none,"No federal statute is implicated by the claim or its correction (reporting error, framing, quote accuracy, or policy rhetoric).",First Amendment: protected press/political speech; any defamation remedy is state tort law.
F172,Donald Trump stood on a debate stage and said wages in America are 'too high' (as if all wages).,none,"No federal statute is implicated by the claim or its correction (reporting error, framing, quote accuracy, or policy rhetoric).",First Amendment: protected press/political speech; any defamation remedy is state tort law.
F173,"On average, middle-class families earning under ~$86,000 would see a tax increase under the Republican tax reform plan (Harris/Casey tweets).",none,"No federal statute is implicated by the claim or its correction (reporting error, framing, quote accuracy, or policy rhetoric).",First Amendment: protected press/political speech; any defamation remedy is state tort law.
F175,Trump cut Justice Department funding to investigate domestic terrorist / white supremacist groups.,none,"No federal statute is implicated by the claim or its correction (reporting error, framing, quote accuracy, or policy rhetoric).",First Amendment: protected press/political speech; any defamation remedy is state tort law.
F176,Trump's whole health-care plan is a six-word plan: replace Obamacare with 'something so much better.',none,"No federal statute is implicated by the claim or its correction (reporting error, framing, quote accuracy, or policy rhetoric).",First Amendment: protected press/political speech; any defamation remedy is state tort law.
F177,Trump would cut taxes for the richest Americans at the expense of the middle class (implying middle class gets no relief).,none,"No federal statute is implicated by the claim or its correction (reporting error, framing, quote accuracy, or policy rhetoric).",First Amendment: protected press/political speech; any defamation remedy is state tort law.
F199,Trump and Republicans 'passed a tax bill that gave 80 percent of its benefits to the top 1 percent.',none,"No federal statute is implicated by the claim or its correction (reporting error, framing, quote accuracy, or policy rhetoric).",First Amendment: protected press/political speech; any defamation remedy is state tort law.
F200,"With the Trump tax law, '70 percent of the benefits went to the wealthiest 1 percent.'",none,"No federal statute is implicated by the claim or its correction (reporting error, framing, quote accuracy, or policy rhetoric).",First Amendment: protected press/political speech; any defamation remedy is state tort law.
F201,"Under the Republican tax law, 'the rich folks got $1.5 trillion.'",none,"No federal statute is implicated by the claim or its correction (reporting error, framing, quote accuracy, or policy rhetoric).",First Amendment: protected press/political speech; any defamation remedy is state tort law.
F202,Between the first and second quarters of 2018 — after the tax cuts were enacted — real wages fell by 1.8 percent.,none,"No federal statute is implicated by the claim or its correction (reporting error, framing, quote accuracy, or policy rhetoric).",First Amendment: protected press/political speech; any defamation remedy is state tort law.
F203,Trump's FY2020 budget 'slashes investments in health care to pay for tax cuts to billionaires.',none,"No federal statute is implicated by the claim or its correction (reporting error, framing, quote accuracy, or policy rhetoric).",First Amendment: protected press/political speech; any defamation remedy is state tort law.
F204,"Under Trump, 'the cost of living is going up, but paychecks aren't keeping up.'",none,"No federal statute is implicated by the claim or its correction (reporting error, framing, quote accuracy, or policy rhetoric).",First Amendment: protected press/political speech; any defamation remedy is state tort law.
F205,The Trump administration's response was to 'give away a trillion dollars to the biggest corporations in this country.',none,"No federal statute is implicated by the claim or its correction (reporting error, framing, quote accuracy, or policy rhetoric).",First Amendment: protected press/political speech; any defamation remedy is state tort law.
F206,"After exploding the deficit with the GOP tax scam, Trump is trying to 'ransack Medicare, Medicaid and the health care of seniors.'",none,"No federal statute is implicated by the claim or its correction (reporting error, framing, quote accuracy, or policy rhetoric).",First Amendment: protected press/political speech; any defamation remedy is state tort law.
F208,"'In America, there is a father who is holding down two jobs and paying more taxes than the richest 400 families in America' (post-TCJA justice framing).",none,"No federal statute is implicated by the claim or its correction (reporting error, framing, quote accuracy, or policy rhetoric).",First Amendment: protected press/political speech; any defamation remedy is state tort law.
F226,"CNBC reported Michael Cohen personally paid ~$1M taxi fines, was barred from managing NYC medallions, transferred $60M offshore, and awaited tax trial—claims that were about partners, not Cohen.",none,"No federal statute is implicated by the claim or its correction (reporting error, framing, quote accuracy, or policy rhetoric).",First Amendment: protected press/political speech; any defamation remedy is state tort law.
F227,"UK Telegraph 'mystery of Melania' cover story made multiple false claims about Melania Trump's family, modeling, university, and marriage chronology.",none,"No federal statute is implicated by the claim or its correction (reporting error, framing, quote accuracy, or policy rhetoric).",First Amendment: protected press/political speech; any defamation remedy is state tort law.
F228,NPR reported Donald Trump Jr.'s Senate testimony about Moscow negotiations ending in 2014 contradicted Michael Cohen's plea—mischaracterizing different projects.,none,"No federal statute is implicated by the claim or its correction (reporting error, framing, quote accuracy, or policy rhetoric).",First Amendment: protected press/political speech; any defamation remedy is state tort law.
F230,CNN claimed Nancy Sinatra was 'not happy' that her father's song was used at Trump's inauguration.,none,"No federal statute is implicated by the claim or its correction (reporting error, framing, quote accuracy, or policy rhetoric).",First Amendment: protected press/political speech; any defamation remedy is state tort law.
F231,"NYT Your Money hypothetical said a sample family's tax bill would rise nearly $4,000 under Trump's tax law; corrected math showed a ~$43 cut.",none,"No federal statute is implicated by the claim or its correction (reporting error, framing, quote accuracy, or policy rhetoric).",First Amendment: protected press/political speech; any defamation remedy is state tort law.
F232,NBC reported Trump was the first president since 2002 not to visit troops at Christmastime—while he and Melania were visiting troops in Iraq/Afghanistan theater.,none,"No federal statute is implicated by the claim or its correction (reporting error, framing, quote accuracy, or policy rhetoric).",First Amendment: protected press/political speech; any defamation remedy is state tort law.
F233,Daily Beast and others said Trump asked Ukraine's president to investigate Biden's son 'eight times' on the call.,none,"No federal statute is implicated by the claim or its correction (reporting error, framing, quote accuracy, or policy rhetoric).",First Amendment: protected press/political speech; any defamation remedy is state tort law.
F234,Multiple outlets including Axios reported Rod Rosenstein had resigned or been fired (Sep 2018 false alarms).,none,"No federal statute is implicated by the claim or its correction (reporting error, framing, quote accuracy, or policy rhetoric).",First Amendment: protected press/political speech; any defamation remedy is state tort law.
F235,Slate's Alfa Bank / Trump Tower 'secret server' collusion narrative was presented as investigative fact; Mueller told Congress his belief was it was 'not true.',none,"No federal statute is implicated by the claim or its correction (reporting error, framing, quote accuracy, or policy rhetoric).",First Amendment: protected press/political speech; any defamation remedy is state tort law.
F236,AP reported Christopher Steele's anti-Trump opposition research was initially funded by the conservative Washington Free Beacon.,none,"No federal statute is implicated by the claim or its correction (reporting error, framing, quote accuracy, or policy rhetoric).",First Amendment: protected press/political speech; any defamation remedy is state tort law.
F237,AP said a Trump advisory-board official was a Miss America contestant who killed a black rhino; she was a Mrs. America contestant who shot a nonlethal dart at a white rhino.,none,"No federal statute is implicated by the claim or its correction (reporting error, framing, quote accuracy, or policy rhetoric).",First Amendment: protected press/political speech; any defamation remedy is state tort law.
F238,CNN/WSJ reported Trump fired/escorted out a deputy national security adviser on Melania's demand; official said she was still at the WH / reassigned.,none,"No federal statute is implicated by the claim or its correction (reporting error, framing, quote accuracy, or policy rhetoric).",First Amendment: protected press/political speech; any defamation remedy is state tort law.
F239,Politico/NY Post and others used misdated Melania modeling photos (said 1995) to imply visa violations; photo date was wrong.,none,"No federal statute is implicated by the claim or its correction (reporting error, framing, quote accuracy, or policy rhetoric).",First Amendment: protected press/political speech; any defamation remedy is state tort law.
F240,USA Today misstated Melania Trump's arrival date from Slovenia amid immigration-status speculation.,none,"No federal statute is implicated by the claim or its correction (reporting error, framing, quote accuracy, or policy rhetoric).",First Amendment: protected press/political speech; any defamation remedy is state tort law.
F241,NYT said Nancy Pelosi called Trump about immigration; Trump actually placed the call to Pelosi.,none,"No federal statute is implicated by the claim or its correction (reporting error, framing, quote accuracy, or policy rhetoric).",First Amendment: protected press/political speech; any defamation remedy is state tort law.
F242,CNN edited Trump Japan remarks to make it seem he didn't realize Japan builds cars in the U.S.; full statement showed he did.,none,"No federal statute is implicated by the claim or its correction (reporting error, framing, quote accuracy, or policy rhetoric).",First Amendment: protected press/political speech; any defamation remedy is state tort law.
F244,Josh Rogin/WaPo reported State's entire senior administrative team resigned in protest of Trump; coverage was misleading/wrong.,none,"No federal statute is implicated by the claim or its correction (reporting error, framing, quote accuracy, or policy rhetoric).",First Amendment: protected press/political speech; any defamation remedy is state tort law.
F245,CNBC's John Harwood reported DOJ 'had no input' on Trump's immigration EO; amended after colleagues contradicted.,none,"No federal statute is implicated by the claim or its correction (reporting error, framing, quote accuracy, or policy rhetoric).",First Amendment: protected press/political speech; any defamation remedy is state tort law.
F246,Politico/NYT/WaPo/CNN/AP/Reuters/WSJ reported Trump fired Comey shortly after Comey requested more Russia-probe resources; DOJ/Rosenstein/McCabe said that was untrue and probe was adequately resourced,none,"No federal statute is implicated by the claim or its correction (reporting error, framing, quote accuracy, or policy rhetoric).",First Amendment: protected press/political speech; any defamation remedy is state tort law.
F247,CNN and others reported nursing baby ripped from migrant mother's arms; CNN later acknowledged mother was not lactating.,none,"No federal statute is implicated by the claim or its correction (reporting error, framing, quote accuracy, or policy rhetoric).",First Amendment: protected press/political speech; any defamation remedy is state tort law.
F248,Reuters and others cast Brian Harrison as a 'former Labradoodle breeder' plucked to lead U.S. pandemic task force; he never led the task force and had prior high-level government service.,none,"No federal statute is implicated by the claim or its correction (reporting error, framing, quote accuracy, or policy rhetoric).",First Amendment: protected press/political speech; any defamation remedy is state tort law.
F249,MSNBC wrongly reported up to 30 U.S. deaths after an Iranian rocket attack; no Americans were killed (Iranian figure).,none,"No federal statute is implicated by the claim or its correction (reporting error, framing, quote accuracy, or policy rhetoric).",First Amendment: protected press/political speech; any defamation remedy is state tort law.
F250,CBS 60 Minutes tweeted Pompeo tried to resurrect a 'debunked' theory virus was man-made; Pompeo's full answers agreed with IC that it was not man-made/genetically modified.,none,"No federal statute is implicated by the claim or its correction (reporting error, framing, quote accuracy, or policy rhetoric).",First Amendment: protected press/political speech; any defamation remedy is state tort law.
L16,Repeated that a jury found Trump liable for rape (E. Jean Carroll case).,none,"No federal statute is implicated by the claim or its correction (reporting error, framing, quote accuracy, or policy rhetoric).",First Amendment: protected press/political speech; any defamation remedy is state tort law.
L17,DNI Tulsi Gabbard said Trump and Vladimir Putin “are very good friends”.,none,"No federal statute is implicated by the claim or its correction (reporting error, framing, quote accuracy, or policy rhetoric).",First Amendment: protected press/political speech; any defamation remedy is state tort law.
L18,Initially characterized as false Trump’s claim that federal money went to “making mice transgender”.,none,"No federal statute is implicated by the claim or its correction (reporting error, framing, quote accuracy, or policy rhetoric).",First Amendment: protected press/political speech; any defamation remedy is state tort law.
L19,ICE agents showed up at Hamline Elementary School.,none,"No federal statute is implicated by the claim or its correction (reporting error, framing, quote accuracy, or policy rhetoric).",First Amendment: protected press/political speech; any defamation remedy is state tort law.
L24,Continued characterizations that Trump told people to inject/drink disinfectant and that he endorsed neo-Nazis at Charlottesville.,none,"No federal statute is implicated by the claim or its correction (reporting error, framing, quote accuracy, or policy rhetoric).",First Amendment: protected press/political speech; any defamation remedy is state tort law.
L31,"That Trump’s March 16, 2024 Ohio rally “bloodbath” comment threatened political violence / another Jan. 6 if he lost.",none,"No federal statute is implicated by the claim or its correction (reporting error, framing, quote accuracy, or policy rhetoric).",First Amendment: protected press/political speech; any defamation remedy is state tort law.
L32,Framing that Trump promised to be a dictator on day one (implying general authoritarian rule / retribution).,none,"No federal statute is implicated by the claim or its correction (reporting error, framing, quote accuracy, or policy rhetoric).",First Amendment: protected press/political speech; any defamation remedy is state tort law.
L42,Trump would force states to monitor women’s pregnancies (tied to “his” Project 2025).,none,"No federal statute is implicated by the claim or its correction (reporting error, framing, quote accuracy, or policy rhetoric).",First Amendment: protected press/political speech; any defamation remedy is state tort law.
L43,Project 2025 / Trump would require people to “register with a new federal agency when you get pregnant” / track “all pregnancies”.,none,"No federal statute is implicated by the claim or its correction (reporting error, framing, quote accuracy, or policy rhetoric).",First Amendment: protected press/political speech; any defamation remedy is state tort law.
L45,Trump intends to cut Medicare.,none,"No federal statute is implicated by the claim or its correction (reporting error, framing, quote accuracy, or policy rhetoric).",First Amendment: protected press/political speech; any defamation remedy is state tort law.
L47,"Trump “and his allies would enact a nationwide abortion ban, with or without Congress” / “Trump will do everything he can to ban abortion nationwide”.",none,"No federal statute is implicated by the claim or its correction (reporting error, framing, quote accuracy, or policy rhetoric).",First Amendment: protected press/political speech; any defamation remedy is state tort law.
L48,Project 2025 is Trump’s official plan / “Trump’s Project 2025”.,none,"No federal statute is implicated by the claim or its correction (reporting error, framing, quote accuracy, or policy rhetoric).",First Amendment: protected press/political speech; any defamation remedy is state tort law.
L53,Facility used incinerators / death-camp apparatus under Trump-era enforcement.,none,"No federal statute is implicated by the claim or its correction (reporting error, framing, quote accuracy, or policy rhetoric).",First Amendment: protected press/political speech; any defamation remedy is state tort law.
L54,Explicit linkage: bloodbath clip + caption that Trump “wants another January 6”.,none,"No federal statute is implicated by the claim or its correction (reporting error, framing, quote accuracy, or policy rhetoric).",First Amendment: protected press/political speech; any defamation remedy is state tort law.
L55,Trump plans to create a national anti-abortion coordinator and force states to report women’s miscarriages and abortions.,none,"No federal statute is implicated by the claim or its correction (reporting error, framing, quote accuracy, or policy rhetoric).",First Amendment: protected press/political speech; any defamation remedy is state tort law.
L58,"Edit presented as continuous speech: Trump urging march to the Capitol and “we fight like hell,” implying a direct call for violent action.",none,"No federal statute is implicated by the claim or its correction (reporting error, framing, quote accuracy, or policy rhetoric).",First Amendment: protected press/political speech; any defamation remedy is state tort law.
L59,White House adviser Kevin Hassett said Trump was considering a 90-day pause on tariffs (except China).,none,"No federal statute is implicated by the claim or its correction (reporting error, framing, quote accuracy, or policy rhetoric).",First Amendment: protected press/political speech; any defamation remedy is state tort law.
L73,Broadcast a photo of Trump with Laura Loomer as authentic visual context.,none,"No federal statute is implicated by the claim or its correction (reporting error, framing, quote accuracy, or policy rhetoric).",First Amendment: protected press/political speech; any defamation remedy is state tort law.
L75,Lawsuit alleged deceptive editing of Harris answers (including on Israel/Trump-related debate framing) that misled viewers about the race against Trump.,none,"No federal statute is implicated by the claim or its correction (reporting error, framing, quote accuracy, or policy rhetoric).",First Amendment: protected press/political speech; any defamation remedy is state tort law.
L99,Project 2025 / Trump allies' plan calls for restricting access to IVF and contraception (as a blanket plan Trump would enact).,none,"No federal statute is implicated by the claim or its correction (reporting error, framing, quote accuracy, or policy rhetoric).",First Amendment: protected press/political speech; any defamation remedy is state tort law.
L101,"ICE secretly deported Allentown, PA 'grandfather' Luis Leon to Guatemala (and related claims he died in custody).",none,"No federal statute is implicated by the claim or its correction (reporting error, framing, quote accuracy, or policy rhetoric).",First Amendment: protected press/political speech; any defamation remedy is state tort law.
L102,Trump ordered the cutting down of iconic weeping willow trees outside the Kennedy Center.,none,"No federal statute is implicated by the claim or its correction (reporting error, framing, quote accuracy, or policy rhetoric).",First Amendment: protected press/political speech; any defamation remedy is state tort law.
L103,"Trump’s tariffs cost each Michigan household $5,619.",none,"No federal statute is implicated by the claim or its correction (reporting error, framing, quote accuracy, or policy rhetoric).",First Amendment: protected press/political speech; any defamation remedy is state tort law.
L114,"The Trump administration declared that erecting a White House ballroom is the president's main priority (over cost of living, health care, or reopening government).",none,"No federal statute is implicated by the claim or its correction (reporting error, framing, quote accuracy, or policy rhetoric).",First Amendment: protected press/political speech; any defamation remedy is state tort law.
L115,Republicans have 'effectively ended medical research in the United States of America' via Trump's second-term NIH and research cuts.,none,"No federal statute is implicated by the claim or its correction (reporting error, framing, quote accuracy, or policy rhetoric).",First Amendment: protected press/political speech; any defamation remedy is state tort law.
L116,"When Biden took office, the Trump administration had contracted for 'not nearly enough' COVID vaccine to cover U.S. adults.",none,"No federal statute is implicated by the claim or its correction (reporting error, framing, quote accuracy, or policy rhetoric).",First Amendment: protected press/political speech; any defamation remedy is state tort law.
L117,The process to distribute COVID vaccine to the broader community 'did not really exist' when the Biden team entered the White House.,none,"No federal statute is implicated by the claim or its correction (reporting error, framing, quote accuracy, or policy rhetoric).",First Amendment: protected press/political speech; any defamation remedy is state tort law.
L118,When President Biden took office there was 'no vaccine available' for COVID-19 (implying Trump left Americans with none).,none,"No federal statute is implicated by the claim or its correction (reporting error, framing, quote accuracy, or policy rhetoric).",First Amendment: protected press/political speech; any defamation remedy is state tort law.
L119,"In Trump's first year back he created only about 185,000 jobs total (versus 2.2 million in Biden's last year).",none,"No federal statute is implicated by the claim or its correction (reporting error, framing, quote accuracy, or policy rhetoric).",First Amendment: protected press/political speech; any defamation remedy is state tort law.
L120,Melania Trump was 'very involved' in Trump's Epstein relationship / was introduced to Trump via a modeling agent connected to Jeffrey Epstein.,none,"No federal statute is implicated by the claim or its correction (reporting error, framing, quote accuracy, or policy rhetoric).",First Amendment: protected press/political speech; any defamation remedy is state tort law.
L121,There was an 'Epstein connection' involving Melania Trump and Donald Trump (as framed in Carville's YouTube title and comments).,none,"No federal statute is implicated by the claim or its correction (reporting error, framing, quote accuracy, or policy rhetoric).",First Amendment: protected press/political speech; any defamation remedy is state tort law.
L123,Penn Wharton / 'Wharton School' determined Harris's plan would strengthen the economy and Trump's would weaken it.,none,"No federal statute is implicated by the claim or its correction (reporting error, framing, quote accuracy, or policy rhetoric).",First Amendment: protected press/political speech; any defamation remedy is state tort law.
L124,Goldman Sachs said Harris's plan would grow the economy and Trump's would shrink it.,none,"No federal statute is implicated by the claim or its correction (reporting error, framing, quote accuracy, or policy rhetoric).",First Amendment: protected press/political speech; any defamation remedy is state tort law.
L128,Trump 'encouraged Putin to invade' a NATO ally / invited Russia to 'do whatever the hell they want' (omitting the NATO dues-delinquency condition).,none,"No federal statute is implicated by the claim or its correction (reporting error, framing, quote accuracy, or policy rhetoric).",First Amendment: protected press/political speech; any defamation remedy is state tort law.
L129,President Trump said Israel's assassination campaign of Iranian leaders was complicating U.S. negotiations with Iran (paraphrase/truncation).,none,"No federal statute is implicated by the claim or its correction (reporting error, framing, quote accuracy, or policy rhetoric).",First Amendment: protected press/political speech; any defamation remedy is state tort law.
L130,The Philadelphia Eagles declined / gave a 'massive no' to a White House invitation to celebrate their Super Bowl win with Trump.,none,"No federal statute is implicated by the claim or its correction (reporting error, framing, quote accuracy, or policy rhetoric).",First Amendment: protected press/political speech; any defamation remedy is state tort law.
L133,"Leaked DHS/TSA memos showed the Trump administration was testing 'internal travel restrictions' inside the U.S. (checkpoints, boarding denials, dual-nationality stops).",none,"No federal statute is implicated by the claim or its correction (reporting error, framing, quote accuracy, or policy rhetoric).",First Amendment: protected press/political speech; any defamation remedy is state tort law.
L135,A 2025 ICE photo showed agents arresting a man in a 'Latinos for Trump 2024' shirt (framed as Trump voters being swept up).,none,"No federal statute is implicated by the claim or its correction (reporting error, framing, quote accuracy, or policy rhetoric).",First Amendment: protected press/political speech; any defamation remedy is state tort law.
L136,Video showed Donald Trump announcing the U.S. would no longer give visas to Nigerians / limit visas for Nigerian professionals.,none,"No federal statute is implicated by the claim or its correction (reporting error, framing, quote accuracy, or policy rhetoric).",First Amendment: protected press/political speech; any defamation remedy is state tort law.
L137,Viral TikTok montage documented ICE removing undocumented foster children from foster homes for deportation.,none,"No federal statute is implicated by the claim or its correction (reporting error, framing, quote accuracy, or policy rhetoric).",First Amendment: protected press/political speech; any defamation remedy is state tort law.
L138,Viral video showed ICE mass-arresting/deporting Walmart store staff.,none,"No federal statute is implicated by the claim or its correction (reporting error, framing, quote accuracy, or policy rhetoric).",First Amendment: protected press/political speech; any defamation remedy is state tort law.
L139,"President Trump posted on Truth Social calling for cellphone camera 'kill switches' so ICE (and 'my SS') could stop filming of agents, with noncompliance a felony.",none,"No federal statute is implicated by the claim or its correction (reporting error, framing, quote accuracy, or policy rhetoric).",First Amendment: protected press/political speech; any defamation remedy is state tort law.
L140,President Trump asked via Truth Social that ICE detention centers also be used to lock up 'communists' (including Democrat politicians).,none,"No federal statute is implicated by the claim or its correction (reporting error, framing, quote accuracy, or policy rhetoric).",First Amendment: protected press/political speech; any defamation remedy is state tort law.
L141,President Trump posted on Truth Social after a Minneapolis ICE-related shooting that 'only criminals carry guns on our streets.',none,"No federal statute is implicated by the claim or its correction (reporting error, framing, quote accuracy, or policy rhetoric).",First Amendment: protected press/political speech; any defamation remedy is state tort law.
L142,President Trump posted on Truth Social that after annexing Greenland as the 52nd state he would 'annexe Alaska' as the 53rd.,none,"No federal statute is implicated by the claim or its correction (reporting error, framing, quote accuracy, or policy rhetoric).",First Amendment: protected press/political speech; any defamation remedy is state tort law.
L143,Elon Musk posted on X that DOGE found 'tens of millions of dollars spent on golf by a single government official' (implying Trump).,none,"No federal statute is implicated by the claim or its correction (reporting error, framing, quote accuracy, or policy rhetoric).",First Amendment: protected press/political speech; any defamation remedy is state tort law.
L144,Rep. Eric Swalwell: 'No president has had more planes crash in their first month in office than Donald Trump.',none,"No federal statute is implicated by the claim or its correction (reporting error, framing, quote accuracy, or policy rhetoric).",First Amendment: protected press/political speech; any defamation remedy is state tort law.
L145,"Defense Secretary Pete Hegseth requested more than $137,000 in upgrades to his Fort McNair military residence.",none,"No federal statute is implicated by the claim or its correction (reporting error, framing, quote accuracy, or policy rhetoric).",First Amendment: protected press/political speech; any defamation remedy is state tort law.
L146,New VA hospital guidelines under Trump allowed doctors to refuse to treat unmarried veterans and Democrats.,none,"No federal statute is implicated by the claim or its correction (reporting error, framing, quote accuracy, or policy rhetoric).",First Amendment: protected press/political speech; any defamation remedy is state tort law.
L147,Authentic photo showed an ICE agent grabbing/dragging a crying Latino child from a school classroom ('This is what conservatives voted for').,none,"No federal statute is implicated by the claim or its correction (reporting error, framing, quote accuracy, or policy rhetoric).",First Amendment: protected press/political speech; any defamation remedy is state tort law.
L148,Video showed NYPD officers arresting ICE agents in New York ('Bye bye ICE!').,none,"No federal statute is implicated by the claim or its correction (reporting error, framing, quote accuracy, or policy rhetoric).",First Amendment: protected press/political speech; any defamation remedy is state tort law.
L149,Video showed workers fleeing an ICE/'migración' workplace raid in January 2025 after Trump's inauguration.,none,"No federal statute is implicated by the claim or its correction (reporting error, framing, quote accuracy, or policy rhetoric).",First Amendment: protected press/political speech; any defamation remedy is state tort law.
L151,Elon Musk posted on X that anyone protesting the Trump administration would be suspended from X.,none,"No federal statute is implicated by the claim or its correction (reporting error, framing, quote accuracy, or policy rhetoric).",First Amendment: protected press/political speech; any defamation remedy is state tort law.
L152,Video showed an ICE agent entering a Cal State University San Bernardino classroom looking for a student.,none,"No federal statute is implicated by the claim or its correction (reporting error, framing, quote accuracy, or policy rhetoric).",First Amendment: protected press/political speech; any defamation remedy is state tort law.
L153,Video authentically showed ICE agents arresting and deporting Pizza Hut employees.,none,"No federal statute is implicated by the claim or its correction (reporting error, framing, quote accuracy, or policy rhetoric).",First Amendment: protected press/political speech; any defamation remedy is state tort law.
L155,"President Trump 'made 4,725 wire transfers' to Jeffrey Epstein totaling nearly $1.1 billion.",none,"No federal statute is implicated by the claim or its correction (reporting error, framing, quote accuracy, or policy rhetoric).",First Amendment: protected press/political speech; any defamation remedy is state tort law.
L158,ICE is offering a $750 reward for reporting 'illegal immigrants' via its tip line under Trump's mass-deportation push.,none,"No federal statute is implicated by the claim or its correction (reporting error, framing, quote accuracy, or policy rhetoric).",First Amendment: protected press/political speech; any defamation remedy is state tort law.
L159,Videos showed dozens of migrants/children sleeping on the floor of an ICE facility as proof of Trump-era 'disgrace' detention conditions.,none,"No federal statute is implicated by the claim or its correction (reporting error, framing, quote accuracy, or policy rhetoric).",First Amendment: protected press/political speech; any defamation remedy is state tort law.
L160,Video showed Ethiopian opposition politicians Gedu Andargachew and Lidetu Ayalew being forcibly deported from the U.S. under Trump TPS/enforcement moves.,none,"No federal statute is implicated by the claim or its correction (reporting error, framing, quote accuracy, or policy rhetoric).",First Amendment: protected press/political speech; any defamation remedy is state tort law.
L161,"Video of an ICE agent deporting his own mother ('Sorry Mom, this is my job') was authentic San Bernardino enforcement footage.",none,"No federal statute is implicated by the claim or its correction (reporting error, framing, quote accuracy, or policy rhetoric).",First Amendment: protected press/political speech; any defamation remedy is state tort law.
L178,The FBI gave Rudy Giuliani a 2019 defensive briefing warning he was a target of Russian disinformation (also claimed for OAN).,none,"No federal statute is implicated by the claim or its correction (reporting error, framing, quote accuracy, or policy rhetoric).",First Amendment: protected press/political speech; any defamation remedy is state tort law.
L179,"National Guard troops withdrew from Los Angeles, Chicago, and Portland with no public acknowledgment from the White House/Pentagon.",none,"No federal statute is implicated by the claim or its correction (reporting error, framing, quote accuracy, or policy rhetoric).",First Amendment: protected press/political speech; any defamation remedy is state tort law.
L180,"Trump Media / Truth Social paid a $240,000 loan referral fee tied to a 'porn-friendly' bank trust stake narrative.",none,"No federal statute is implicated by the claim or its correction (reporting error, framing, quote accuracy, or policy rhetoric).",First Amendment: protected press/political speech; any defamation remedy is state tort law.
L181,"Under Trump/DOGE, Social Security would communicate with the press and public exclusively via X (dropping press releases/Dear Colleague letters).",none,"No federal statute is implicated by the claim or its correction (reporting error, framing, quote accuracy, or policy rhetoric).",First Amendment: protected press/political speech; any defamation remedy is state tort law.
L182,NYT reported Pax Silica consortium sought $4 trillion / $1 trillion committed investment and quoted Under Secretary Helberg calling Hormuz disruption 'a blessing.',none,"No federal statute is implicated by the claim or its correction (reporting error, framing, quote accuracy, or policy rhetoric).",First Amendment: protected press/political speech; any defamation remedy is state tort law.
L183,Trump left the Biden-Harris team the worst unemployment since the Great Depression.,none,"No federal statute is implicated by the claim or its correction (reporting error, framing, quote accuracy, or policy rhetoric).",First Amendment: protected press/political speech; any defamation remedy is state tort law.
L184,ICE agents used / held a 5-year-old autistic girl in a way NBC initially framed as pressuring her father to surrender (later corrected as mischaracterization).,none,"No federal statute is implicated by the claim or its correction (reporting error, framing, quote accuracy, or policy rhetoric).",First Amendment: protected press/political speech; any defamation remedy is state tort law.
L186,Violent crime was up under Donald Trump (as an overall Trump-term characterization).,none,"No federal statute is implicated by the claim or its correction (reporting error, framing, quote accuracy, or policy rhetoric).",First Amendment: protected press/political speech; any defamation remedy is state tort law.
L187,The Trump administration resulted in a trade deficit that was 'one of the highest we've ever seen in the history of America.',none,"No federal statute is implicated by the claim or its correction (reporting error, framing, quote accuracy, or policy rhetoric).",First Amendment: protected press/political speech; any defamation remedy is state tort law.
L188,Biden-Harris digital ad featured Trump saying women must face 'some form of punishment' for abortion as if that remained his position (omitting same-day walk-back).,none,"No federal statute is implicated by the claim or its correction (reporting error, framing, quote accuracy, or policy rhetoric).",First Amendment: protected press/political speech; any defamation remedy is state tort law.
L189,Trump is the only president other than Herbert Hoover who lost more jobs than he had when he began (ignoring COVID shock).,none,"No federal statute is implicated by the claim or its correction (reporting error, framing, quote accuracy, or policy rhetoric).",First Amendment: protected press/political speech; any defamation remedy is state tort law.
L190,"Harris claimed Trump intends a 'sales tax' tariff plan that economists say would cost typical families about $4,000 a year (as the definitive estimate).",none,"No federal statute is implicated by the claim or its correction (reporting error, framing, quote accuracy, or policy rhetoric).",First Amendment: protected press/political speech; any defamation remedy is state tort law.
L191,Donald Trump said he'd ban abortion across this country and will do it whether or not Congress is there (as current 2024 position).,none,"No federal statute is implicated by the claim or its correction (reporting error, framing, quote accuracy, or policy rhetoric).",First Amendment: protected press/political speech; any defamation remedy is state tort law.
L192,Trump's plan would again give tax cuts only to billionaires and the biggest corporations (and blow up the deficit)—implying no benefit for other taxpayers.,none,"No federal statute is implicated by the claim or its correction (reporting error, framing, quote accuracy, or policy rhetoric).",First Amendment: protected press/political speech; any defamation remedy is state tort law.
L193,"Under Trump's administration, gender-affirming surgeries were available on a medical-necessity basis to people in the federal prison system (implying Trump-era practice matched Harris's position).",none,"No federal statute is implicated by the claim or its correction (reporting error, framing, quote accuracy, or policy rhetoric).",First Amendment: protected press/political speech; any defamation remedy is state tort law.
L215,Biden clipped Trump as proposing cuts to Social Security and Medicare from a CNBC line about 'cutting' entitlements (omitting waste/fraud context and later denials).,none,"No federal statute is implicated by the claim or its correction (reporting error, framing, quote accuracy, or policy rhetoric).",First Amendment: protected press/political speech; any defamation remedy is state tort law.
L216,Trump is 'threatening to slash Medicare' / 'wants to cut Social Security and Medicare' (as stated at DNC 2024 without his repeated no-cut pledges).,none,"No federal statute is implicated by the claim or its correction (reporting error, framing, quote accuracy, or policy rhetoric).",First Amendment: protected press/political speech; any defamation remedy is state tort law.
L217,Trump 'lost millions of jobs in America' (as a presidency scorecard without pandemic context).,none,"No federal statute is implicated by the claim or its correction (reporting error, framing, quote accuracy, or policy rhetoric).",First Amendment: protected press/political speech; any defamation remedy is state tort law.
L218,Billionaires pay an average federal tax rate of 8.2% (presented as the ordinary tax-system rate).,none,"No federal statute is implicated by the claim or its correction (reporting error, framing, quote accuracy, or policy rhetoric).",First Amendment: protected press/political speech; any defamation remedy is state tort law.
L219,Trump 'created the largest debt any president had in four years with his $2 trillion tax cut for the wealthy' (as if Trump alone caused all added debt via that cut).,none,"No federal statute is implicated by the claim or its correction (reporting error, framing, quote accuracy, or policy rhetoric).",First Amendment: protected press/political speech; any defamation remedy is state tort law.
L221,Trump said he wants to be a dictator on 'Day 1' (presented without the border/drill jest context).,none,"No federal statute is implicated by the claim or its correction (reporting error, framing, quote accuracy, or policy rhetoric).",First Amendment: protected press/political speech; any defamation remedy is state tort law.
L223,Trump 'wrote' Project 2025.,none,"No federal statute is implicated by the claim or its correction (reporting error, framing, quote accuracy, or policy rhetoric).",First Amendment: protected press/political speech; any defamation remedy is state tort law.
L224,Trump 'wants the middle class to pay the price for another huge tax cut that would mostly help him and his rich friends.',none,"No federal statute is implicated by the claim or its correction (reporting error, framing, quote accuracy, or policy rhetoric).",First Amendment: protected press/political speech; any defamation remedy is state tort law.
L225,The only economic promise Trump kept was to 'cut taxes for the rich' (implying no broader tax cuts).,none,"No federal statute is implicated by the claim or its correction (reporting error, framing, quote accuracy, or policy rhetoric).",First Amendment: protected press/political speech; any defamation remedy is state tort law.
L251,HarperCollins UK's Entitled claimed Jeffrey Epstein facilitated Melania Trump's introduction to Donald Trump.,none,"No federal statute is implicated by the claim or its correction (reporting error, framing, quote accuracy, or policy rhetoric).",First Amendment: protected press/political speech; any defamation remedy is state tort law.
