scope,page_or_item,topic,citation,link,relevance_note,first_amendment_context
site_section,congress.html,Discipline/expulsion of members,"U.S. Const. art. I, sec. 5, cl. 2",https://constitution.congress.gov/browse/article-1/section-5/,"Each House may punish members for disorderly behavior and expel with two-thirds; this is the House/Senate internal remedy, separate from criminal law.",
site_section,congress.html,Legislative immunity,"U.S. Const. art. I, sec. 6, cl. 1 (Speech or Debate)",https://constitution.congress.gov/browse/article-1/section-6/,"Protects legislative acts (floor speech, committee work) from being questioned elsewhere; does not cover bribery or purely political/campaign acts (U.S. v. Brewster).",
site_section,congress.html,Power of the purse,"U.S. Const. art. I, sec. 9, cl. 7 (Appropriations Clause)",https://constitution.congress.gov/browse/article-1/section-9/,No money drawn from the Treasury but by appropriation made by law; budget proposals are not spending law.,
site_section,congress.html,Public debt limit,31 U.S.C. 3101,https://uscode.house.gov/view.xhtml?req=granuleid:USC-prelim-title31-section3101&num=0&edition=prelim,Statutory limit on federal debt; debt figures on the page relate to this ceiling.,
site_section,congress.html,Member periodic transaction reports,"5 U.S.C. 13105(l); STOCK Act, Pub. L. 112-105",https://uscode.house.gov/view.xhtml?req=granuleid:USC-prelim-title5-section13105&num=0&edition=prelim,"Transactions over $1,000 must be reported within 30 days of notice and no later than 45 days after the transaction; late filing carries a $200 late-filing fee (5 U.S.C. 13106), not a criminal charge.",
site_section,congress.html,Financial disclosure: who files / penalties,5 U.S.C. 13103; 5 U.S.C. 13106,https://uscode.house.gov/view.xhtml?req=granuleid:USC-prelim-title5-section13106&num=0&edition=prelim,Civil penalty for knowing and willful failure to file or false reporting; referral via Attorney General.,
site_section,congress.html,Insider trading by members (charged cases),15 U.S.C. 78j(b); 18 U.S.C. 371,https://uscode.house.gov/view.xhtml?req=granuleid:USC-prelim-title15-section78j&num=0&edition=prelim,Securities-fraud statute used in the Buyer conviction; Collins pleaded to conspiracy (18 U.S.C. 371) and false statements (18 U.S.C. 1001). STOCK Act sec. 4 confirms members owe a duty for insider-trading purposes.,
site_section,congress.html,Campaign finance,52 U.S.C. 30101 et seq. (FECA); 52 U.S.C. 30114 (personal use),https://uscode.house.gov/view.xhtml?req=granuleid:USC-prelim-title52-section30114&num=0&edition=prelim,"Federal campaign finance law; FEC civil enforcement, DOJ criminal for knowing and willful violations.",
site_section,congress.html,Bribery of public officials,18 U.S.C. 201,https://uscode.house.gov/view.xhtml?req=granuleid:USC-prelim-title18-section201&num=0&edition=prelim,"Applies to members and staff; requires quid pro quo for an official act (McDonnell v. U.S. narrowed ""official act"").",
site_section,congress.html,False statements to Congress / in filings,18 U.S.C. 1001,https://uscode.house.gov/view.xhtml?req=granuleid:USC-prelim-title18-section1001&num=0&edition=prelim,Knowingly false material statements in matters within the legislative branch (limited to administrative matters and investigations per 1001(c)).,
site_section,border.html,Improper entry,8 U.S.C. 1325,https://uscode.house.gov/view.xhtml?req=granuleid:USC-prelim-title8-section1325&num=0&edition=prelim,Misdemeanor for first improper entry; basis of many Title 8 apprehensions.,
site_section,border.html,Illegal reentry,8 U.S.C. 1326,https://uscode.house.gov/view.xhtml?req=granuleid:USC-prelim-title8-section1326&num=0&edition=prelim,Felony reentry after removal.,
site_section,border.html,Presidential entry suspension,8 U.S.C. 1182(f),https://uscode.house.gov/view.xhtml?req=granuleid:USC-prelim-title8-section1182&num=0&edition=prelim,Authority upheld in Trump v. Hawaii (2018); also 1182(d)(5) parole authority.,
site_section,border.html,Expedited removal / inspection,8 U.S.C. 1225,https://uscode.house.gov/view.xhtml?req=granuleid:USC-prelim-title8-section1225&num=0&edition=prelim,Inspection of applicants for admission and expedited removal; credible-fear screening.,
site_section,border.html,Asylum,8 U.S.C. 1158,https://uscode.house.gov/view.xhtml?req=granuleid:USC-prelim-title8-section1158&num=0&edition=prelim,"Any alien physically present or arriving may apply, subject to bars.",
site_section,border.html,Unaccompanied children,8 U.S.C. 1232,https://uscode.house.gov/view.xhtml?req=granuleid:USC-prelim-title8-section1232&num=0&edition=prelim,TVPRA custody/transfer rules for unaccompanied alien children (HHS custody within 72 hours).,
site_section,border.html,Title 42 expulsions (Mar 2020-May 2023),42 U.S.C. 265,https://uscode.house.gov/view.xhtml?req=granuleid:USC-prelim-title42-section265&num=0&edition=prelim,"Public-health authority used for expulsions; ended with the public health emergency May 11, 2023.",
site_section,lawfare.html,U.S. v. Trump (classified documents),18 U.S.C. 793(e); 18 U.S.C. 1512(k); 18 U.S.C. 1519,https://uscode.house.gov/view.xhtml?req=granuleid:USC-prelim-title18-section793&num=0&edition=prelim,"Charged counts (willful retention of national defense information; obstruction); case dismissed July 15, 2024 (Appointments Clause ruling); appeal later dropped.",
site_section,lawfare.html,Presidential records,44 U.S.C. 2201-2209 (Presidential Records Act),https://uscode.house.gov/view.xhtml?req=granuleid:USC-prelim-title44-section2203&num=0&edition=prelim,Governs custody of presidential records; relevant background to the documents case; PRA itself has no criminal penalty.,
site_section,lawfare.html,"U.S. v. Trump (D.D.C., Jan. 6)","18 U.S.C. 371; 18 U.S.C. 1512(c)(2), (k); 18 U.S.C. 241",https://uscode.house.gov/view.xhtml?req=granuleid:USC-prelim-title18-section241&num=0&edition=prelim,Four charged counts; case dismissed Nov 2024 after the election per DOJ policy; no verdict.,
site_section,lawfare.html,Fischer v. United States,18 U.S.C. 1512(c)(2),https://uscode.house.gov/view.xhtml?req=granuleid:USC-prelim-title18-section1512&num=0&edition=prelim,Supreme Court (2024) limited 1512(c)(2) to impairing availability/integrity of records/documents/objects used in an official proceeding.,
site_section,lawfare.html,People v. Trump (Manhattan),"N.Y. Penal Law 175.10 (state); 52 U.S.C. 30116, 30118 cited as ""unlawful means""",https://uscode.house.gov/view.xhtml?req=granuleid:USC-prelim-title52-section30116&num=0&edition=prelim,"Conviction was under state law; federal FECA provisions were among the ""unlawful means"" theories under N.Y. Election Law 17-152. No federal charge was brought.",
site_section,lawfare.html,People v. Trump removal attempt,28 U.S.C. 1442,https://uscode.house.gov/view.xhtml?req=granuleid:USC-prelim-title28-section1442&num=0&edition=prelim,Federal-officer removal statute; removal of the Manhattan case was sought and litigated in federal court (denied in 2023).,
site_section,lawfare.html,Trump v. Anderson,"U.S. Const. amend. XIV, sec. 3",https://constitution.congress.gov/browse/amendment-14/,Supreme Court (2024): states cannot enforce Section 3 against federal candidates; Congress enforces under Section 5.,
site_section,lawfare.html,Carroll v. Trump (Carroll I),28 U.S.C. 2679 (Westfall Act),https://uscode.house.gov/view.xhtml?req=granuleid:USC-prelim-title28-section2679&num=0&edition=prelim,"DOJ initially sought to substitute the United States as defendant; in 2023 DOJ declined to continue certification, so no substitution occurred. Underlying claims are state-law defamation/battery.",
site_section,lawfare.html,Trump v. United States (immunity),U.S. Const. art. II,https://constitution.congress.gov/browse/article-2/,"Absolute immunity for core constitutional acts, presumptive immunity for other official acts, none for unofficial acts (2024). Not a statute.",
site_section,january-6.html,Restricted building or grounds,18 U.S.C. 1752,https://uscode.house.gov/view.xhtml?req=granuleid:USC-prelim-title18-section1752&num=0&edition=prelim,"Most common Jan. 6 charge, with 40 U.S.C. 5104(e).",
site_section,january-6.html,Capitol grounds offenses,40 U.S.C. 5104(e),https://uscode.house.gov/view.xhtml?req=granuleid:USC-prelim-title40-section5104&num=0&edition=prelim,Misdemeanor parading/demonstrating/disorderly conduct in Capitol buildings.,
site_section,january-6.html,Assaulting officers,18 U.S.C. 111,https://uscode.house.gov/view.xhtml?req=granuleid:USC-prelim-title18-section111&num=0&edition=prelim,Charged against defendants who assaulted police on Jan. 6.,
site_section,january-6.html,Seditious conspiracy,18 U.S.C. 2384,https://uscode.house.gov/view.xhtml?req=granuleid:USC-prelim-title18-section2384&num=0&edition=prelim,"Charged and convicted for some Oath Keepers and Proud Boys leaders; clemency (commutations/pardons) granted Jan 20, 2025.",
site_section,january-6.html,Insurrection (not charged),18 U.S.C. 2383,https://uscode.house.gov/view.xhtml?req=granuleid:USC-prelim-title18-section2383&num=0&edition=prelim,Page records that no Jan. 6 defendant was charged under this section; do not describe any defendant as convicted of insurrection.,
site_section,january-6.html,Civil disorder,18 U.S.C. 231(a)(3),https://uscode.house.gov/view.xhtml?req=granuleid:USC-prelim-title18-section231&num=0&edition=prelim,Obstructing officers during a civil disorder; frequently charged.,
site_section,january-6.html,Clemency,"U.S. Const. art. II, sec. 2, cl. 1",https://constitution.congress.gov/browse/article-2/section-2/,"Pardon power used Jan 20, 2025 for Jan. 6 defendants.",
site_section,remedy.html,Constitutional amendment process,U.S. Const. art. V,https://constitution.congress.gov/browse/article-5/,Two-thirds of both Houses or convention; three-fourths of states ratify.,
site_section,remedy.html,Discipline and expulsion,"U.S. Const. art. I, sec. 5",https://constitution.congress.gov/browse/article-1/section-5/,Internal congressional remedy.,
site_section,remedy.html,Insurrection statute,18 U.S.C. 2383,https://uscode.house.gov/view.xhtml?req=granuleid:USC-prelim-title18-section2383&num=0&edition=prelim,Discussed against the charging record (not charged).,
site_section,fake-news.html,Media claims catalog (252 cases),U.S. Const. amend. I,https://constitution.congress.gov/browse/amendment-1/,Press and political speech is protected; errors in reporting generally implicate no federal statute. Defamation is state tort law.,First Amendment: media and political speech is protected; defamation is state tort law (NYT v. Sullivan actual-malice standard for public figures). No statute implicated by the claim itself.
site_section,fake-news.html,Platform liability,47 U.S.C. 230,https://uscode.house.gov/view.xhtml?req=granuleid:USC-prelim-title47-section230&num=0&edition=prelim,Online platforms are generally not treated as publisher of third-party content; relevant to social-media items only.,
site_section,fake-news.html,Broadcast licensing (context only),47 U.S.C. 309(a),https://uscode.house.gov/view.xhtml?req=granuleid:USC-prelim-title47-section309&num=0&edition=prelim,"FCC licenses broadcasters under a public-interest standard; the FCC news-distortion policy applies only to broadcast licensees and is not a statute. Not applicable to cable, print or online outlets.",
site_section,trump-watch.html,President's public financial disclosure (OGE 278e),5 U.S.C. 13103; 5 U.S.C. 13104,https://uscode.house.gov/view.xhtml?req=granuleid:USC-prelim-title5-section13104&num=0&edition=prelim,"Requires annual disclosure of income, assets and liabilities in value ranges; figures reported on the form.",
site_section,trump-watch.html,Conflict-of-interest statute exemption,18 U.S.C. 208; 18 U.S.C. 202(c),https://uscode.house.gov/view.xhtml?req=granuleid:USC-prelim-title18-section202&num=0&edition=prelim,18 U.S.C. 208 does not apply to the President or Vice President (202(c) excludes them from the definition used). Overlaps are not statutory violations on that basis.,
site_section,trump-watch.html,Emoluments,"U.S. Const. art. I, sec. 9, cl. 8; art. II, sec. 1, cl. 7",https://constitution.congress.gov/browse/article-1/section-9/,Foreign and domestic emoluments clauses; prior suits dismissed as moot in 2021 with no merits ruling.,
site_section,trump-watch.html,Clemency list,"U.S. Const. art. II, sec. 2, cl. 1",https://constitution.congress.gov/browse/article-2/section-2/,Pardon power is plenary for federal offenses; no statute governs grants.,
site_section,record-2020.html,George Floyd: federal civil-rights convictions,18 U.S.C. 242,https://uscode.house.gov/view.xhtml?req=granuleid:USC-prelim-title18-section242&num=0&edition=prelim,Deprivation of rights under color of law; basis of the federal Chauvin plea and the other officers' convictions.,
site_section,record-2020.html,2020 unrest: federal arson prosecutions,"18 U.S.C. 844(f), (i)",https://uscode.house.gov/view.xhtml?req=granuleid:USC-prelim-title18-section844&num=0&edition=prelim,Arson of federal property / property used in interstate commerce; DOJ cited ~80 arson or explosives cases.,
site_section,record-2020.html,Riot statute,18 U.S.C. 2101,https://uscode.house.gov/view.xhtml?req=granuleid:USC-prelim-title18-section2101&num=0&edition=prelim,Federal Anti-Riot Act; an available federal charge for 2020 unrest (check individual DOJ releases for which defendants were charged under it).,
site_section,record-2020.html,Insurrection Act (not invoked in 2020),10 U.S.C. 251-255,https://uscode.house.gov/view.xhtml?req=granuleid:USC-prelim-title10-section252&num=0&edition=prelim,Authority to use armed forces domestically; the National Guard in Minneapolis operated under state authority.,
site_section,movement-watch.html,Threats against successors to the presidency,18 U.S.C. 871,https://uscode.house.gov/view.xhtml?req=granuleid:USC-prelim-title18-section871&num=0&edition=prelim,Cited on the page for a charged case.,
site_section,movement-watch.html,Attempted assassination of the President,18 U.S.C. 1751,https://uscode.house.gov/view.xhtml?req=granuleid:USC-prelim-title18-section1751&num=0&edition=prelim,Cited on the page for a charged case.,
site_section,movement-watch.html,Speech by commentators/organizations,U.S. Const. amend. I,https://constitution.congress.gov/browse/amendment-1/,"Political speech, however heated, is protected unless it meets incitement (Brandenburg) or true-threat (Counterman v. Colorado) standards.",First Amendment: media and political speech is protected; defamation is state tort law (NYT v. Sullivan actual-malice standard for public figures). No statute implicated by the claim itself.
accountability_file,omar.md,Naturalization fraud (alleged; no charge),18 U.S.C. 1425,https://uscode.house.gov/view.xhtml?req=granuleid:USC-prelim-title18-section1425&num=0&edition=prelim,"Would apply only to naturalization procured unlawfully; Omar naturalized in 2000, before the 2009 marriage. No charge or finding.",
accountability_file,omar.md,Civil denaturalization,8 U.S.C. 1451,https://uscode.house.gov/view.xhtml?req=granuleid:USC-prelim-title8-section1451&num=0&edition=prelim,Revocation requires a court proceeding; no case filed.,
accountability_file,omar.md,Immigration document/marriage fraud (alleged; no charge),18 U.S.C. 1546; 8 U.S.C. 1325(c),https://uscode.house.gov/view.xhtml?req=granuleid:USC-prelim-title18-section1546&num=0&edition=prelim,Marriage fraud statute 8 U.S.C. 1325(c) and document fraud 18 U.S.C. 1546; no charge or finding.,
accountability_file,omar.md,False statements,18 U.S.C. 1001,https://uscode.house.gov/view.xhtml?req=granuleid:USC-prelim-title18-section1001&num=0&edition=prelim,Applies to knowingly false statements to federal agencies; no charge.,
accountability_file,omar.md,"Tax filing status (reported, CFB context)",26 U.S.C. 7206,https://uscode.house.gov/view.xhtml?req=granuleid:USC-prelim-title26-section7206&num=0&edition=prelim,False return statute; no IRS or DOJ finding exists regarding 2014-2015 joint returns.,
accountability_file,minnesota-fraud.md,Feeding Our Future / HSS / EIDBI charges,18 U.S.C. 1343; 18 U.S.C. 1349,https://uscode.house.gov/view.xhtml?req=granuleid:USC-prelim-title18-section1343&num=0&edition=prelim,Wire fraud and conspiracy: primary charges in the Minnesota cases.,
accountability_file,minnesota-fraud.md,Money laundering,18 U.S.C. 1956,https://uscode.house.gov/view.xhtml?req=granuleid:USC-prelim-title18-section1956&num=0&edition=prelim,Charged in Feeding Our Future cases including international transfers.,
accountability_file,minnesota-fraud.md,Federal program bribery,18 U.S.C. 666,https://uscode.house.gov/view.xhtml?req=granuleid:USC-prelim-title18-section666&num=0&edition=prelim,Charged in some FOF cases (kickbacks).,
accountability_file,minnesota-fraud.md,Material support to FTO (not charged),18 U.S.C. 2339B,https://uscode.house.gov/view.xhtml?req=granuleid:USC-prelim-title18-section2339&num=0&edition=prelim,No Minnesota fraud defendant charged under this section; al-Shabaab funding remains Unresolved.,
accountability_file,minnesota-fraud.md,Geographic Targeting Order,31 U.S.C. 5326,https://uscode.house.gov/view.xhtml?req=granuleid:USC-prelim-title31-section5326&num=0&edition=prelim,FinCEN authority for the Hennepin/Ramsey County money-transfer GTO.,
accountability_file,trading.md,Periodic transaction reports,5 U.S.C. 13105(l); Pub. L. 112-105 (STOCK Act),https://www.congress.gov/112/plaws/publ105/PLAW-112publ105.pdf,"45-day reporting deadline; late filing is a disclosure violation, not insider trading.",
accountability_file,fraud-tally.md,Improper payments reporting,31 U.S.C. 3351-3358 (PIIA),https://uscode.house.gov/view.xhtml?req=granuleid:USC-prelim-title31-section3352&num=0&edition=prelim,Requires agencies to estimate improper payments; improper is not the same as fraudulent.,
accountability_file,fraud-tally.md,False Claims Act,31 U.S.C. 3729-3733,https://uscode.house.gov/view.xhtml?req=granuleid:USC-prelim-title31-section3729&num=0&edition=prelim,Civil recoveries for fraud on the government; qui tam under 3730.,
accountability_file,covid-border.md,National emergency,50 U.S.C. 1601 et seq. (National Emergencies Act),https://uscode.house.gov/view.xhtml?req=granuleid:USC-prelim-title50-section1621&num=0&edition=prelim,Proclamation 9994 declared under NEA; terminated by Pub. L. 118-3.,
accountability_file,covid-border.md,Public health emergency,42 U.S.C. 247d,https://uscode.house.gov/view.xhtml?req=granuleid:USC-prelim-title42-section247d&num=0&edition=prelim,"HHS Secretary PHE declaration authority (Jan 31, 2020 - May 11, 2023).",
accountability_file,covid-border.md,Title 42,42 U.S.C. 265,https://uscode.house.gov/view.xhtml?req=granuleid:USC-prelim-title42-section265&num=0&edition=prelim,Basis for border expulsions.,
catalog_item,F8,Flynn plea,18 U.S.C. 1001,https://uscode.house.gov/view.xhtml?req=granuleid:USC-prelim-title18-section1001&num=0&edition=prelim,"Flynn pleaded guilty to false statements to the FBI (2017); DOJ later moved to dismiss; pardoned Nov 2020. The claim concerns testimony content, not the statute.",
catalog_item,F63,Flynn dismissal,18 U.S.C. 1001,https://uscode.house.gov/view.xhtml?req=granuleid:USC-prelim-title18-section1001&num=0&edition=prelim,"Underlying charge was 1001; dismissal motion was under Fed. R. Crim. P. 48(a) (a rule, not a statute).",
catalog_item,F9,Cohen lies to Congress,18 U.S.C. 1001,https://uscode.house.gov/view.xhtml?req=granuleid:USC-prelim-title18-section1001&num=0&edition=prelim,"Cohen pleaded guilty (S.D.N.Y., Nov 2018) to false statements to Congress; Special Counsel disputed the BuzzFeed report that Trump directed it.",
catalog_item,F10,Steele dossier / FISA,50 U.S.C. 1805,https://uscode.house.gov/view.xhtml?req=granuleid:USC-prelim-title50-section1805&num=0&edition=prelim,FISA orders on Carter Page; DOJ IG (Dec 2019) found 17 significant errors/omissions; FISA court later found two of four warrants not valid.,
catalog_item,F26,FBI process failures,50 U.S.C. 1805; 18 U.S.C. 1001,https://uscode.house.gov/view.xhtml?req=granuleid:USC-prelim-title50-section1805&num=0&edition=prelim,IG found significant FISA failures; FBI lawyer Clinesmith pleaded guilty to 18 U.S.C. 1001 (2020) for altering an email.,
catalog_item,F85,"Horowitz ""no bias"" framing",50 U.S.C. 1805,https://uscode.house.gov/view.xhtml?req=granuleid:USC-prelim-title50-section1805&num=0&edition=prelim,"IG found no documentary evidence of bias in opening the probe, but serious FISA process failures.",
catalog_item,F171,Manafort FISA wiretap,50 U.S.C. 1805,https://uscode.house.gov/view.xhtml?req=granuleid:USC-prelim-title50-section1805&num=0&edition=prelim,Claim concerns FISA surveillance authority; statute governs issuance of electronic surveillance orders.,
catalog_item,F49,"Cohen ""wiretap""",18 U.S.C. 3121-3127 (pen register); 18 U.S.C. 2518 (wiretap),https://uscode.house.gov/view.xhtml?req=granuleid:USC-prelim-title18-section3121&num=0&edition=prelim,"Correction: investigators used a pen register (records numbers, not content), a different legal authority from a Title III wiretap.",
catalog_item,F11,"Collusion ""more than circumstantial""",18 U.S.C. 371,https://uscode.house.gov/view.xhtml?req=granuleid:USC-prelim-title18-section371&num=0&edition=prelim,Special Counsel did not establish a conspiracy (371) between the campaign and the Russian government.,
catalog_item,F82,"""Undoubtedly collusion""",18 U.S.C. 371,https://uscode.house.gov/view.xhtml?req=granuleid:USC-prelim-title18-section371&num=0&edition=prelim,"""Collusion"" is not a legal term; Special Counsel analyzed conspiracy and did not establish it.",
catalog_item,F25,"Mueller ""exonerated"" / proved collusion",18 U.S.C. 1512; 18 U.S.C. 371,https://uscode.house.gov/view.xhtml?req=granuleid:USC-prelim-title18-section1512&num=0&edition=prelim,Report did not establish conspiracy; on obstruction it neither concluded a crime nor exonerated.,
catalog_item,F35,"Mueller ""would have indicted""",18 U.S.C. 1512,https://uscode.house.gov/view.xhtml?req=granuleid:USC-prelim-title18-section1512&num=0&edition=prelim,Mueller testified he did not reach a determination on whether a crime was committed (OLC policy); obstruction statutes were analyzed.,
catalog_item,F243,"Russian lawyer meeting ""donation""",52 U.S.C. 30121,https://uscode.house.gov/view.xhtml?req=granuleid:USC-prelim-title52-section30121&num=0&edition=prelim,Foreign-national contribution ban; Special Counsel analyzed the June 2016 meeting under this section and declined charges.,
catalog_item,F86,Sicknick death,18 U.S.C. 111,https://uscode.house.gov/view.xhtml?req=granuleid:USC-prelim-title18-section111&num=0&edition=prelim,D.C. Chief Medical Examiner found natural causes (strokes); Julian Khater pleaded guilty to assaulting officers with a dangerous weapon (chemical spray) under 18 U.S.C. 111; co-defendant Tanios pleaded to misdemeanors.,
catalog_item,F33,"Supreme Court ""ratified"" Muslim shutdown",8 U.S.C. 1182(f),https://uscode.house.gov/view.xhtml?req=granuleid:USC-prelim-title8-section1182&num=0&edition=prelim,"Trump v. Hawaii upheld Proclamation 9645 under 1182(f); the proclamation covered nationals of listed countries, not all Muslims.",
catalog_item,F52,"""Banned Muslims""",8 U.S.C. 1182(f),https://uscode.house.gov/view.xhtml?req=granuleid:USC-prelim-title8-section1182&num=0&edition=prelim,Entry restrictions applied by nationality under 1182(f); not a religion-based ban on its face.,
catalog_item,L222,"""Issued a Muslim ban""",8 U.S.C. 1182(f),https://uscode.house.gov/view.xhtml?req=granuleid:USC-prelim-title8-section1182&num=0&edition=prelim,Same as F52.,
catalog_item,F109,Troops' children citizenship,8 U.S.C. 1433; 8 U.S.C. 1401,https://uscode.house.gov/view.xhtml?req=granuleid:USC-prelim-title8-section1433&num=0&edition=prelim,USCIS policy concerned 1433 naturalization for children residing abroad; citizenship at birth under 1401 was unaffected.,
catalog_item,F229,International Entrepreneur Rule,8 U.S.C. 1182(d)(5),https://uscode.house.gov/view.xhtml?req=granuleid:USC-prelim-title8-section1182&num=0&edition=prelim,Rule is an exercise of parole authority; claim concerned whether the rule was ended.,
catalog_item,F104,Military pensions for wall,10 U.S.C. 2808; 10 U.S.C. 284,https://uscode.house.gov/view.xhtml?req=granuleid:USC-prelim-title10-section2808&num=0&edition=prelim,"Wall funds were drawn under military-construction and counterdrug authorities, not from pensions.",
catalog_item,F168,Bump stocks,26 U.S.C. 5845(b),https://uscode.house.gov/view.xhtml?req=granuleid:USC-prelim-title26-section5845&num=0&edition=prelim,ATF 2018 rule classified bump stocks as machineguns under 5845(b); Supreme Court struck the rule in Garland v. Cargill (2024).,
catalog_item,F46,"$845B Medicare ""cut""",31 U.S.C. 1105,https://uscode.house.gov/view.xhtml?req=granuleid:USC-prelim-title31-section1105&num=0&edition=prelim,The President's budget is a proposal submitted under 1105; spending changes require legislation.,
catalog_item,F207,$845B Medicare cut,31 U.S.C. 1105,https://uscode.house.gov/view.xhtml?req=granuleid:USC-prelim-title31-section1105&num=0&edition=prelim,Same as F46.,
catalog_item,F91,"CDC funding ""cut""","31 U.S.C. 1105; U.S. Const. art. I, sec. 9, cl. 7",https://uscode.house.gov/view.xhtml?req=granuleid:USC-prelim-title31-section1105&num=0&edition=prelim,Proposed cuts were not enacted unless appropriated by Congress.,
catalog_item,L125,Budget cut SS/Medicare every year,31 U.S.C. 1105,https://uscode.house.gov/view.xhtml?req=granuleid:USC-prelim-title31-section1105&num=0&edition=prelim,Budget proposals are not law.,
catalog_item,L126,"Trump ""tried to cut"" SS/Medicare in budgets",31 U.S.C. 1105,https://uscode.house.gov/view.xhtml?req=granuleid:USC-prelim-title31-section1105&num=0&edition=prelim,Budget proposals are not law.,
catalog_item,F113,Executive action on Social Security funding,26 U.S.C. 7508A,https://uscode.house.gov/view.xhtml?req=granuleid:USC-prelim-title26-section7508&num=0&edition=prelim,Aug 2020 payroll-tax deferral memorandum relied on 7508A; benefits are set by 42 U.S.C. 415 and unchanged by executive action.,
catalog_item,L44,Trump plans to cut Social Security benefits,42 U.S.C. 415,https://uscode.house.gov/view.xhtml?req=granuleid:USC-prelim-title42-section415&num=0&edition=prelim,Benefit computation is set by statute; changes require Congress.,
catalog_item,L98,SSA changes cutting benefits,42 U.S.C. 415,https://uscode.house.gov/view.xhtml?req=granuleid:USC-prelim-title42-section415&num=0&edition=prelim,Benefit levels set by statute; staffing changes do not alter the formula.,
catalog_item,L131,Drug price caps reversed,42 U.S.C. 1320f et seq.,https://uscode.house.gov/view.xhtml?req=granuleid:USC-prelim-title42-section1320f&num=0&edition=prelim,Medicare Drug Price Negotiation Program is statutory (Inflation Reduction Act); reversal would require legislation.,
catalog_item,F174,Preexisting conditions,42 U.S.C. 300gg-3,https://uscode.house.gov/view.xhtml?req=granuleid:USC-prelim-title42-section300gg-3&num=0&edition=prelim,ACA bar on preexisting-condition exclusions; the claim concerned proposed repeal.,
catalog_item,F194,$1.3T corporate tax break,26 U.S.C. 11(b); Pub. L. 115-97,https://uscode.house.gov/view.xhtml?req=granuleid:USC-prelim-title26-section11&num=0&edition=prelim,TCJA set the corporate rate at 21%.,
catalog_item,F195,"Mandate repeal ""boots"" 13M",26 U.S.C. 5000A,https://uscode.house.gov/view.xhtml?req=granuleid:USC-prelim-title26-section5000A&num=0&edition=prelim,TCJA reduced the shared-responsibility payment to $0 from 2019; CBO projected coverage declines largely from people choosing not to buy.,
catalog_item,F196,"Mandate repeal ""takes"" coverage",26 U.S.C. 5000A,https://uscode.house.gov/view.xhtml?req=granuleid:USC-prelim-title26-section5000A&num=0&edition=prelim,Same as F195.,
catalog_item,F197,"Mandate repeal ""knocks off"" 13M",26 U.S.C. 5000A,https://uscode.house.gov/view.xhtml?req=granuleid:USC-prelim-title26-section5000A&num=0&edition=prelim,Same as F195.,
catalog_item,F198,"Mandate repeal ""sabotages"" 13M",26 U.S.C. 5000A,https://uscode.house.gov/view.xhtml?req=granuleid:USC-prelim-title26-section5000A&num=0&edition=prelim,Same as F195.,
catalog_item,L214,83% to top 1% (no sunset caveat),Pub. L. 115-97,https://www.congress.gov/115/plaws/publ97/PLAW-115publ97.pdf,Individual provisions of the TCJA expired after 2025 unless extended; distribution estimates depend on year.,
catalog_item,L220,83% to top 1% (Jeffries),Pub. L. 115-97,https://www.congress.gov/115/plaws/publ97/PLAW-115publ97.pdf,Same as L214.,
catalog_item,L209,13.7M lose coverage (House bill),Pub. L. 119-21 (enacted as the One Big Beautiful Bill Act),https://www.congress.gov/bill/119th-congress/house-bill/1,"CBO coverage projections are estimates over a 10-year window, not immediate removals.",
catalog_item,L210,13.7M off coverage per CBO,Pub. L. 119-21,https://www.congress.gov/bill/119th-congress/house-bill/1,Same as L209.,
catalog_item,L211,"13.7M ""uninsurable""",Pub. L. 119-21; 42 U.S.C. 300gg-3,https://www.congress.gov/bill/119th-congress/house-bill/1,Law did not repeal the ACA preexisting-condition protections.,
catalog_item,L212,"14M ""ripped off"" insurance",Pub. L. 119-21,https://www.congress.gov/bill/119th-congress/house-bill/1,Same as L209.,
catalog_item,L100,"15M ""already thrown off""",Pub. L. 119-21,https://www.congress.gov/bill/119th-congress/house-bill/1,"Major Medicaid provisions (e.g., work requirements) have delayed effective dates; projections are not realized removals.",
catalog_item,L185,Overtime cut,29 U.S.C. 213(a)(1),https://uscode.house.gov/view.xhtml?req=granuleid:USC-prelim-title29-section213&num=0&edition=prelim,Salary threshold for the FLSA white-collar exemption is set by DOL rule under 213(a)(1).,
catalog_item,L127,"SCOTUS ""immune from prosecution""",U.S. Const. art. II,https://constitution.congress.gov/browse/article-2/,Trump v. United States: immunity for official acts only; none for unofficial acts. Not a statute.,
catalog_item,L134,Ending dual citizenship under Espionage Act,8 U.S.C. 1451; 18 U.S.C. 793,https://uscode.house.gov/view.xhtml?req=granuleid:USC-prelim-title8-section1451&num=0&edition=prelim,Denaturalization requires a court proceeding under 1451; the Espionage Act does not govern citizenship.,
catalog_item,L97,Deporting U.S. citizens,8 U.S.C. 1227,https://uscode.house.gov/view.xhtml?req=granuleid:USC-prelim-title8-section1227&num=0&edition=prelim,Removal grounds apply to aliens only; citizens cannot be removed under Title 8.,
catalog_item,L150,DOGE sent members to IRS for audit,26 U.S.C. 7217; 26 U.S.C. 6103,https://uscode.house.gov/view.xhtml?req=granuleid:USC-prelim-title26-section7217&num=0&edition=prelim,Executive-branch requests for specific audits are prohibited under 7217; no record found of any such referral.,
catalog_item,L154,Child support payer claims children,26 U.S.C. 152(e),https://uscode.house.gov/view.xhtml?req=granuleid:USC-prelim-title26-section152&num=0&edition=prelim,Dependency rules for divorced/separated parents are in 152(e); no such law was enacted.,
catalog_item,L156,EO ending food stamps,7 U.S.C. 2011 et seq.,https://uscode.house.gov/view.xhtml?req=granuleid:USC-prelim-title7-section2011&num=0&edition=prelim,SNAP is authorized by statute; an executive order cannot end it.,
catalog_item,L157,EO public-housing two-year deadline,42 U.S.C. 1437 et seq.,https://uscode.house.gov/view.xhtml?req=granuleid:USC-prelim-title42-section1437&num=0&edition=prelim,Public housing is governed by statute and HUD rules; no such order found.,
catalog_item,L122,Schumer notified after Iran strikes,50 U.S.C. 1543,https://uscode.house.gov/view.xhtml?req=granuleid:USC-prelim-title50-section1543&num=0&edition=prelim,"War Powers Resolution requires a report to Congress within 48 hours; advance notice to leaders is customary, not required by this section.",
catalog_item,L213,FEMA NC request denied,42 U.S.C. 5121 et seq. (Stafford Act),https://uscode.house.gov/view.xhtml?req=granuleid:USC-prelim-title42-section5121&num=0&edition=prelim,Request concerned extension of federal cost share; underlying disaster assistance continued.,
catalog_item,F36,Schiff dramatized call,"U.S. Const. art. I, sec. 6 (Speech or Debate)",https://constitution.congress.gov/browse/article-1/section-6/,"Remarks at a committee hearing are legislative acts protected from questioning elsewhere; each House may discipline its own members under art. I, sec. 5.",
catalog_item,L252,"Judge ""ordered Trump"" to restore press access",U.S. Const. amend. I,https://constitution.congress.gov/browse/amendment-1/,Press-access litigation is decided under the First Amendment; no statute governs White House press pools.,First Amendment: media and political speech is protected; defamation is state tort law (NYT v. Sullivan actual-malice standard for public figures). No statute implicated by the claim itself.
catalog_item,L253,AP barred from White House,U.S. Const. amend. I,https://constitution.congress.gov/browse/amendment-1/,AP v. Budowich litigated under the First Amendment (viewpoint discrimination); no statute.,First Amendment: media and political speech is protected; defamation is state tort law (NYT v. Sullivan actual-malice standard for public figures). No statute implicated by the claim itself.
